
-- Insert Nordea Stabil Aksjer Global list
INSERT INTO financial.symbol_list (name, created_at)
VALUES ('Nordea Stabil Aksjer Global', '2024-03-27')
ON CONFLICT (name) DO NOTHING;

-- -- Market places
INSERT INTO financial.market_place (name, currency, time_zone, city, country, exchange, yahoo_postfix)
VALUES 
    ('Euronext Paris', 'EUR', 'CET', 'Paris', 'France', 'Euronext', '.PA'),
    ('Tokyo Stock Exchange', 'JPY', 'JST', 'Tokyo', 'Japan', 'TSE', '.T'),
    ('Bolsa de Madrid', 'EUR', 'CET', 'Madrid', 'Spain', 'BME', '.MC'),
    ('Frankfurt Stock Exchange', 'EUR', 'CET', 'Frankfurt', 'Germany', 'FSE', '.DE'),
    ('Toronto Stock Exchange', 'CAD', 'EST', 'Toronto', 'Canada', 'TSX', '.TO'),
    ('Tel Aviv Stock Exchange', 'ILS', 'IST', 'Tel Aviv', 'Israel', 'TASE', '.TA'),
    ('Taiwan Stock Exchange', 'TWD', 'CST', 'Taipei', 'Taiwan', 'TWSE', '.TW'),
    ('Euronext Lisbon', 'EUR', 'WET', 'Lisbon', 'Portugal', 'Euronext', '.LS'),
    ('Euronext Amsterdam', 'EUR', 'CET', 'Amsterdam', 'Netherlands', 'Euronext', '.AS'),
    ('Hong Kong Stock Exchange', 'HKD', 'HKT', 'Hong Kong', 'Hong Kong', 'HKEX', '.HK'),
    ('SIX Swiss Exchange', 'CHF', 'CET', 'Zurich', 'Switzerland', 'SIX', '.SW'),
    ('Singapore Exchange', 'SGD', 'SGT', 'Singapore', 'Singapore', 'SGX', '.SI'),
    ('Euronext Dublin', 'EUR', 'GMT', 'Dublin', 'Ireland', 'Euronext', '.IR'),
    ('Nasdaq Copenhagen', 'DKK', 'CET', 'Copenhagen', 'Denmark', 'Nasdaq OMX', '.CO'),
    ('London Stock Exchange', 'GBP', 'GMT', 'London', 'United Kingdom', 'LSE', '.L');


INSERT INTO financial.listed (name, market_place_id)
VALUES 
    ('Euronext Paris', (SELECT id FROM financial.market_place WHERE name = 'Euronext Paris')),
    ('Tokyo Stock Exchange', (SELECT id FROM financial.market_place WHERE name = 'Tokyo Stock Exchange')),
    ('Bolsa de Madrid', (SELECT id FROM financial.market_place WHERE name = 'Bolsa de Madrid')),
    ('Frankfurt Stock Exchange', (SELECT id FROM financial.market_place WHERE name = 'Frankfurt Stock Exchange')),
    ('Toronto Stock Exchange', (SELECT id FROM financial.market_place WHERE name = 'Toronto Stock Exchange')),
    ('Tel Aviv Stock Exchange', (SELECT id FROM financial.market_place WHERE name = 'Tel Aviv Stock Exchange')),
    ('Taiwan Stock Exchange', (SELECT id FROM financial.market_place WHERE name = 'Taiwan Stock Exchange')),
    ('Euronext Lisbon', (SELECT id FROM financial.market_place WHERE name = 'Euronext Lisbon')),
    ('Euronext Amsterdam', (SELECT id FROM financial.market_place WHERE name = 'Euronext Amsterdam')),
    ('Hong Kong Stock Exchange', (SELECT id FROM financial.market_place WHERE name = 'Hong Kong Stock Exchange')),
    ('SIX Swiss Exchange', (SELECT id FROM financial.market_place WHERE name = 'SIX Swiss Exchange')),
    ('Singapore Exchange', (SELECT id FROM financial.market_place WHERE name = 'Singapore Exchange')),
    ('Euronext Dublin', (SELECT id FROM financial.market_place WHERE name = 'Euronext Dublin')),
    ('Nasdaq Copenhagen', (SELECT id FROM financial.market_place WHERE name = 'Nasdaq Copenhagen')),
    ('London Stock Exchange', (SELECT id FROM financial.market_place WHERE name = 'London Stock Exchange'));


-- -- Insert symbols
INSERT INTO financial.symbol (name, ticker, crcid, listed_id)
VALUES
('Alphabet', 'GOOGL', NULL, 6),
('Cigna Group/The', 'CI', NULL, 6),
('Johnson & Johnson', 'JNJ', NULL, 6),
('CVS Health', 'CVS', NULL, 6),
('Vinci', 'DG', NULL, (SELECT id FROM financial.listed WHERE name = 'Euronext Paris')),
('Coca-Cola', 'KO', NULL, 6),
('eBay', 'EBAY', NULL, 6),
('Cisco Systems', 'CSCO', NULL, 6),
('Comcast', 'CMCSA', NULL, 6),
('Microsoft', 'MSFT', NULL, 6),
('Global Payments', 'GPN', NULL, 6),
('Nippon Telegraph & Telephone', 'NPPXF',null, 6),
('Meta Platforms', 'META', NULL, 6),
('Verizon Communications', 'VZ', NULL, 6),
('Iberdrola', 'IBE', NULL, (SELECT id FROM financial.listed WHERE name = 'Bolsa de Madrid')),
('Sanofi', 'SAN', NULL, (SELECT id FROM financial.listed WHERE name = 'Euronext Paris')),
('PepsiCo', 'PEP', NULL, 6),
('Fiserv', 'FISV', NULL, 6),
('Becton Dickinson', 'BDX', NULL, 6),
('AT&T', 'T', NULL, 6),
('Allianz', 'ALV', NULL, (SELECT id FROM financial.listed WHERE name = 'Frankfurt Stock Exchange')),
('Elevance Health', 'ELV', NULL, 6),
('Akamai Technologies', 'AKAM', NULL, 6),
('Amdocs', 'DOX', NULL, 6),
('Reckitt Benckiser Group', 'RKT', NULL, (SELECT id FROM financial.listed WHERE name = 'London Stock Exchange')),
('LKQ', 'LKQ', NULL, 6),
('Conagra Brands', 'CAG', NULL, 6),
('Unum', 'UNM', NULL, 6),
('TD SYNNEX', 'SNX', NULL, 6),
('Asahi Group Holdings', '2501', NULL, (SELECT id FROM financial.listed WHERE name = 'Tokyo Stock Exchange')),
('Deutsche Telekom', 'DTE', NULL, (SELECT id FROM financial.listed WHERE name = 'Frankfurt Stock Exchange')),
('Rogers Communications', 'RCI-B', NULL, (SELECT id FROM financial.listed WHERE name = 'Toronto Stock Exchange')),
('Mondelez International', 'MDLZ', NULL, 6),
('NextEra Energy', 'NEE', NULL, 6),
('Kenvue', 'KVUE', NULL, 6),
('Check Point Software Technologies', 'CHKP', NULL, 6),
('Medtronic', 'MDT', NULL, 6),
('SSE', 'SSE', NULL, (SELECT id FROM financial.listed WHERE name = 'London Stock Exchange')),
('Oracle', 'ORCL', NULL, 6),
('Centene', 'CNC', NULL, 6),
('Taiwan Semiconductor Manufacturing ADR', '2330', NULL, (SELECT id FROM financial.listed WHERE name = 'Taiwan Stock Exchange')),
('KDDI', '9433', NULL, (SELECT id FROM financial.listed WHERE name = 'Tokyo Stock Exchange')),
('Teleperformance', 'TEP', NULL, (SELECT id FROM financial.listed WHERE name = 'Euronext Paris')),
('EDP - Energias de Portugal', 'EDP', NULL, (SELECT id FROM financial.listed WHERE name = 'Euronext Lisbon')),
('Bristol-Myers Squibb', 'BMY', NULL, 6),
('Ingredion', 'INGR', NULL, 6),
('Merck', 'MRK', NULL, 6),
('Visa', 'V', NULL, 6),
('Air Products and Chemicals', 'APD', NULL, 6),
('Heineken', 'HEIA', NULL, (SELECT id FROM financial.listed WHERE name = 'Euronext Amsterdam')),
('Hershey', 'HSY', NULL, 6),
('Fresenius', 'FRE', NULL, (SELECT id FROM financial.listed WHERE name = 'Frankfurt Stock Exchange')),
('PayPal Holdings', 'PYPL', NULL, 6),
('LVMH Moet Hennessy Louis Vuitton', 'MC', NULL, (SELECT id FROM financial.listed WHERE name = 'Euronext Paris')),
('CCL Industries', 'CCL-B', NULL, (SELECT id FROM financial.listed WHERE name = 'Toronto Stock Exchange')),
('Ziff Davis', 'ZD', NULL, 6),
('Laboratory Corp of America', 'LH', NULL, 6),
('Globe Life', 'GL', NULL, 6),
('Capgemini', 'CAP', NULL, (SELECT id FROM financial.listed WHERE name = 'Euronext Paris')),
('Emerson Electric', 'EMR', NULL, 6),
('Genpact', 'G', NULL, 6),
('FUJIFILM Holdings', '4901', NULL, (SELECT id FROM financial.listed WHERE name = 'Tokyo Stock Exchange')),
('Sempra', 'SRE', NULL, 6),
('Crown Holdings', 'CCK', NULL, 6),
('Unilever', 'ULVR', NULL, (SELECT id FROM financial.listed WHERE name = 'London Stock Exchange')),
('Service Corp International/US', 'SCI', NULL, 6),
('Pfizer', 'PFE', NULL, 6),
('Endesa', 'ELE', NULL, (SELECT id FROM financial.listed WHERE name = 'Bolsa de Madrid')),
('Link REIT', '0823', NULL, (SELECT id FROM financial.listed WHERE name = 'Hong Kong Stock Exchange')),
('United Therapeutics', 'UTHR', NULL, 6),
('Carlsberg B', 'CARL-B', NULL, (SELECT id FROM financial.listed WHERE name = 'Nasdaq Copenhagen')),
('Sysco', 'SYY', NULL, 6),
('General Mills', 'GIS', NULL, 6),
('AstraZeneca', 'AZN', NULL, (SELECT id FROM financial.listed WHERE name = 'London Stock Exchange')),
('Nestle', 'NESN', NULL, (SELECT id FROM financial.listed WHERE name = 'SIX Swiss Exchange')),
('Sonoco Products', 'SON', NULL, 6),
('Open Text', 'OTEX', NULL, (SELECT id FROM financial.listed WHERE name = 'Toronto Stock Exchange')),
('Chubb', 'CB', NULL, 6),
('Patterson Cos', 'PDCO', NULL, 6),
('Baxter International', 'BAX', NULL, 6),
('Coca-Cola Europacific Partners', 'CCEP', NULL, (SELECT id FROM financial.listed WHERE name = 'Euronext Amsterdam')),
('Roche Holding', 'ROG', NULL, (SELECT id FROM financial.listed WHERE name = 'SIX Swiss Exchange')),
('Singapore Telecommunications', 'Z74', NULL, (SELECT id FROM financial.listed WHERE name = 'Singapore Exchange')),
('Eversource Energy', 'ES', NULL, 6),
('Merck KGaA', 'MRK', NULL, (SELECT id FROM financial.listed WHERE name = 'Frankfurt Stock Exchange')),
('Kerry Group', 'KRZ', NULL, (SELECT id FROM financial.listed WHERE name = 'Euronext Dublin')),
('Oversea-Chinese Banking', 'O39', NULL, (SELECT id FROM financial.listed WHERE name = 'Singapore Exchange')),
('Prestige Consumer Healthcare', 'PBH', NULL, 6),
('Smith & Nephew', 'SN', NULL, (SELECT id FROM financial.listed WHERE name = 'London Stock Exchange')),
('Cie Generale des Etablissements Michelin SCA', 'ML', NULL, (SELECT id FROM financial.listed WHERE name = 'Euronext Paris')),
('Toronto-Dominion Bank/The', 'TD', NULL, (SELECT id FROM financial.listed WHERE name = 'Toronto Stock Exchange')),
('Kirin Holdings', '2503', NULL, (SELECT id FROM financial.listed WHERE name = 'Tokyo Stock Exchange')),
('J M Smucker', 'SJM', NULL, 6),
('Pernod Ricard', 'RI', NULL, (SELECT id FROM financial.listed WHERE name = 'Euronext Paris')),
('United Overseas Bank', 'U11', NULL, (SELECT id FROM financial.listed WHERE name = 'Singapore Exchange')),
('CK Asset Holdings', '1113', NULL, (SELECT id FROM financial.listed WHERE name = 'Hong Kong Stock Exchange')),
('Svenska Handelsbanken A', 'SHB-A', NULL, (SELECT id FROM financial.listed WHERE name = 'Nasdaq Stockholm'))
ON CONFLICT (ticker, listed_id) DO NOTHING;


-- listed_id 6 is for US market (assuming that rigt)
-- Insert symbols to the list (relation)
INSERT INTO financial.symbol_list_relation (symbol_list_id, symbol_id)
VALUES
((SELECT id FROM financial.symbol_list WHERE name = 'Nordea Stabil Aksjer Global'), (SELECT id FROM financial.symbol WHERE ticker = 'GOOGL')),
((SELECT id FROM financial.symbol_list WHERE name = 'Nordea Stabil Aksjer Global'), (SELECT id FROM financial.symbol WHERE ticker = 'CI' AND listed_id = 6)),
((SELECT id FROM financial.symbol_list WHERE name = 'Nordea Stabil Aksjer Global'), (SELECT id FROM financial.symbol WHERE ticker = 'JNJ')),
((SELECT id FROM financial.symbol_list WHERE name = 'Nordea Stabil Aksjer Global'), (SELECT id FROM financial.symbol WHERE ticker = 'CVS')),
((SELECT id FROM financial.symbol_list WHERE name = 'Nordea Stabil Aksjer Global'), (SELECT id FROM financial.symbol WHERE ticker = 'DG')),
((SELECT id FROM financial.symbol_list WHERE name = 'Nordea Stabil Aksjer Global'), (SELECT id FROM financial.symbol WHERE ticker = 'KO')),
((SELECT id FROM financial.symbol_list WHERE name = 'Nordea Stabil Aksjer Global'), (SELECT id FROM financial.symbol WHERE ticker = 'EBAY')),
((SELECT id FROM financial.symbol_list WHERE name = 'Nordea Stabil Aksjer Global'), (SELECT id FROM financial.symbol WHERE ticker = 'CSCO')),
((SELECT id FROM financial.symbol_list WHERE name = 'Nordea Stabil Aksjer Global'), (SELECT id FROM financial.symbol WHERE ticker = 'CMCSA')),
((SELECT id FROM financial.symbol_list WHERE name = 'Nordea Stabil Aksjer Global'), (SELECT id FROM financial.symbol WHERE ticker = 'MSFT')),
((SELECT id FROM financial.symbol_list WHERE name = 'Nordea Stabil Aksjer Global'), (SELECT id FROM financial.symbol WHERE ticker = 'GPN')),
((SELECT id FROM financial.symbol_list WHERE name = 'Nordea Stabil Aksjer Global'), (SELECT id FROM financial.symbol WHERE ticker = 'NPPXF')),
((SELECT id FROM financial.symbol_list WHERE name = 'Nordea Stabil Aksjer Global'), (SELECT id FROM financial.symbol WHERE ticker = 'META' AND listed_id = 6)),
((SELECT id FROM financial.symbol_list WHERE name = 'Nordea Stabil Aksjer Global'), (SELECT id FROM financial.symbol WHERE ticker = 'VZ')),
((SELECT id FROM financial.symbol_list WHERE name = 'Nordea Stabil Aksjer Global'), (SELECT id FROM financial.symbol WHERE ticker = 'IBE')),
((SELECT id FROM financial.symbol_list WHERE name = 'Nordea Stabil Aksjer Global'), (SELECT id FROM financial.symbol WHERE ticker = 'SAN')),
((SELECT id FROM financial.symbol_list WHERE name = 'Nordea Stabil Aksjer Global'), (SELECT id FROM financial.symbol WHERE ticker = 'PEP')),
((SELECT id FROM financial.symbol_list WHERE name = 'Nordea Stabil Aksjer Global'), (SELECT id FROM financial.symbol WHERE ticker = 'FISV')),
((SELECT id FROM financial.symbol_list WHERE name = 'Nordea Stabil Aksjer Global'), (SELECT id FROM financial.symbol WHERE ticker = 'BDX')),
((SELECT id FROM financial.symbol_list WHERE name = 'Nordea Stabil Aksjer Global'), (SELECT id FROM financial.symbol WHERE ticker = 'T')),
((SELECT id FROM financial.symbol_list WHERE name = 'Nordea Stabil Aksjer Global'), (SELECT id FROM financial.symbol WHERE ticker = 'ALV')),
((SELECT id FROM financial.symbol_list WHERE name = 'Nordea Stabil Aksjer Global'), (SELECT id FROM financial.symbol WHERE ticker = 'ELV')),
((SELECT id FROM financial.symbol_list WHERE name = 'Nordea Stabil Aksjer Global'), (SELECT id FROM financial.symbol WHERE ticker = 'AKAM')),
((SELECT id FROM financial.symbol_list WHERE name = 'Nordea Stabil Aksjer Global'), (SELECT id FROM financial.symbol WHERE ticker = 'DOX')),
((SELECT id FROM financial.symbol_list WHERE name = 'Nordea Stabil Aksjer Global'), (SELECT id FROM financial.symbol WHERE ticker = 'RKT')),
((SELECT id FROM financial.symbol_list WHERE name = 'Nordea Stabil Aksjer Global'), (SELECT id FROM financial.symbol WHERE ticker = 'LKQ')),
((SELECT id FROM financial.symbol_list WHERE name = 'Nordea Stabil Aksjer Global'), (SELECT id FROM financial.symbol WHERE ticker = 'CAG'AND listed_id = 6)),
((SELECT id FROM financial.symbol_list WHERE name = 'Nordea Stabil Aksjer Global'), (SELECT id FROM financial.symbol WHERE ticker = 'UNM')),
((SELECT id FROM financial.symbol_list WHERE name = 'Nordea Stabil Aksjer Global'), (SELECT id FROM financial.symbol WHERE ticker = 'SNX' AND listed_id = 6)),
((SELECT id FROM financial.symbol_list WHERE name = 'Nordea Stabil Aksjer Global'), (SELECT id FROM financial.symbol WHERE ticker = '2501')),
((SELECT id FROM financial.symbol_list WHERE name = 'Nordea Stabil Aksjer Global'), (SELECT id FROM financial.symbol WHERE ticker = 'DTE')),
((SELECT id FROM financial.symbol_list WHERE name = 'Nordea Stabil Aksjer Global'), (SELECT id FROM financial.symbol WHERE ticker = 'RCI-B')),
((SELECT id FROM financial.symbol_list WHERE name = 'Nordea Stabil Aksjer Global'), (SELECT id FROM financial.symbol WHERE ticker = 'MDLZ')),
((SELECT id FROM financial.symbol_list WHERE name = 'Nordea Stabil Aksjer Global'), (SELECT id FROM financial.symbol WHERE ticker = 'NEE')),
((SELECT id FROM financial.symbol_list WHERE name = 'Nordea Stabil Aksjer Global'), (SELECT id FROM financial.symbol WHERE ticker = 'KVUE')),
((SELECT id FROM financial.symbol_list WHERE name = 'Nordea Stabil Aksjer Global'), (SELECT id FROM financial.symbol WHERE ticker = 'CHKP')),
((SELECT id FROM financial.symbol_list WHERE name = 'Nordea Stabil Aksjer Global'), (SELECT id FROM financial.symbol WHERE ticker = 'MDT')),
((SELECT id FROM financial.symbol_list WHERE name = 'Nordea Stabil Aksjer Global'), (SELECT id FROM financial.symbol WHERE ticker = 'SSE')),
((SELECT id FROM financial.symbol_list WHERE name = 'Nordea Stabil Aksjer Global'), (SELECT id FROM financial.symbol WHERE ticker = 'ORCL')),
((SELECT id FROM financial.symbol_list WHERE name = 'Nordea Stabil Aksjer Global'), (SELECT id FROM financial.symbol WHERE ticker = 'CNC')),
((SELECT id FROM financial.symbol_list WHERE name = 'Nordea Stabil Aksjer Global'), (SELECT id FROM financial.symbol WHERE ticker = '2330')),
((SELECT id FROM financial.symbol_list WHERE name = 'Nordea Stabil Aksjer Global'), (SELECT id FROM financial.symbol WHERE ticker = '9433')),
((SELECT id FROM financial.symbol_list WHERE name = 'Nordea Stabil Aksjer Global'), (SELECT id FROM financial.symbol WHERE ticker = 'TEP')),
((SELECT id FROM financial.symbol_list WHERE name = 'Nordea Stabil Aksjer Global'), (SELECT id FROM financial.symbol WHERE ticker = 'EDP')),
((SELECT id FROM financial.symbol_list WHERE name = 'Nordea Stabil Aksjer Global'), (SELECT id FROM financial.symbol WHERE ticker = 'BMY')),
((SELECT id FROM financial.symbol_list WHERE name = 'Nordea Stabil Aksjer Global'), (SELECT id FROM financial.symbol WHERE ticker = 'INGR')),
((SELECT id FROM financial.symbol_list WHERE name = 'Nordea Stabil Aksjer Global'), (SELECT id FROM financial.symbol WHERE ticker = 'MRK' AND listed_id = 6)),
((SELECT id FROM financial.symbol_list WHERE name = 'Nordea Stabil Aksjer Global'), (SELECT id FROM financial.symbol WHERE ticker = 'V')),
((SELECT id FROM financial.symbol_list WHERE name = 'Nordea Stabil Aksjer Global'), (SELECT id FROM financial.symbol WHERE ticker = 'APD')),
((SELECT id FROM financial.symbol_list WHERE name = 'Nordea Stabil Aksjer Global'), (SELECT id FROM financial.symbol WHERE ticker = 'HEIA')),
((SELECT id FROM financial.symbol_list WHERE name = 'Nordea Stabil Aksjer Global'), (SELECT id FROM financial.symbol WHERE ticker = 'HSY')),
((SELECT id FROM financial.symbol_list WHERE name = 'Nordea Stabil Aksjer Global'), (SELECT id FROM financial.symbol WHERE ticker = 'FRE')),
((SELECT id FROM financial.symbol_list WHERE name = 'Nordea Stabil Aksjer Global'), (SELECT id FROM financial.symbol WHERE ticker = 'PYPL')),
((SELECT id FROM financial.symbol_list WHERE name = 'Nordea Stabil Aksjer Global'), (SELECT id FROM financial.symbol WHERE ticker = 'MC')),
((SELECT id FROM financial.symbol_list WHERE name = 'Nordea Stabil Aksjer Global'), (SELECT id FROM financial.symbol WHERE ticker = 'CCL-B')),
((SELECT id FROM financial.symbol_list WHERE name = 'Nordea Stabil Aksjer Global'), (SELECT id FROM financial.symbol WHERE ticker = 'ZD')),
((SELECT id FROM financial.symbol_list WHERE name = 'Nordea Stabil Aksjer Global'), (SELECT id FROM financial.symbol WHERE ticker = 'LH')),
((SELECT id FROM financial.symbol_list WHERE name = 'Nordea Stabil Aksjer Global'), (SELECT id FROM financial.symbol WHERE ticker = 'GL')),
((SELECT id FROM financial.symbol_list WHERE name = 'Nordea Stabil Aksjer Global'), (SELECT id FROM financial.symbol WHERE ticker = 'CAP')),
((SELECT id FROM financial.symbol_list WHERE name = 'Nordea Stabil Aksjer Global'), (SELECT id FROM financial.symbol WHERE ticker = 'EMR')),
((SELECT id FROM financial.symbol_list WHERE name = 'Nordea Stabil Aksjer Global'), (SELECT id FROM financial.symbol WHERE ticker = 'G')),
((SELECT id FROM financial.symbol_list WHERE name = 'Nordea Stabil Aksjer Global'), (SELECT id FROM financial.symbol WHERE ticker = '4901')),
((SELECT id FROM financial.symbol_list WHERE name = 'Nordea Stabil Aksjer Global'), (SELECT id FROM financial.symbol WHERE ticker = 'SRE')),
((SELECT id FROM financial.symbol_list WHERE name = 'Nordea Stabil Aksjer Global'), (SELECT id FROM financial.symbol WHERE ticker = 'CCK')),
((SELECT id FROM financial.symbol_list WHERE name = 'Nordea Stabil Aksjer Global'), (SELECT id FROM financial.symbol WHERE ticker = 'ULVR')),
((SELECT id FROM financial.symbol_list WHERE name = 'Nordea Stabil Aksjer Global'), (SELECT id FROM financial.symbol WHERE ticker = 'SCI')),
((SELECT id FROM financial.symbol_list WHERE name = 'Nordea Stabil Aksjer Global'), (SELECT id FROM financial.symbol WHERE ticker = 'PFE')),
((SELECT id FROM financial.symbol_list WHERE name = 'Nordea Stabil Aksjer Global'), (SELECT id FROM financial.symbol WHERE ticker = 'ELE')),
((SELECT id FROM financial.symbol_list WHERE name = 'Nordea Stabil Aksjer Global'), (SELECT id FROM financial.symbol WHERE ticker = '0823')),
((SELECT id FROM financial.symbol_list WHERE name = 'Nordea Stabil Aksjer Global'), (SELECT id FROM financial.symbol WHERE ticker = 'UTHR')),
((SELECT id FROM financial.symbol_list WHERE name = 'Nordea Stabil Aksjer Global'), (SELECT id FROM financial.symbol WHERE ticker = 'CARL-B')),
((SELECT id FROM financial.symbol_list WHERE name = 'Nordea Stabil Aksjer Global'), (SELECT id FROM financial.symbol WHERE ticker = 'SYY')),
((SELECT id FROM financial.symbol_list WHERE name = 'Nordea Stabil Aksjer Global'), (SELECT id FROM financial.symbol WHERE ticker = 'GIS')),
((SELECT id FROM financial.symbol_list WHERE name = 'Nordea Stabil Aksjer Global'), (SELECT id FROM financial.symbol WHERE ticker = 'AZN')),
((SELECT id FROM financial.symbol_list WHERE name = 'Nordea Stabil Aksjer Global'), (SELECT id FROM financial.symbol WHERE ticker = 'NESN')),
((SELECT id FROM financial.symbol_list WHERE name = 'Nordea Stabil Aksjer Global'), (SELECT id FROM financial.symbol WHERE ticker = 'SON')),
((SELECT id FROM financial.symbol_list WHERE name = 'Nordea Stabil Aksjer Global'), (SELECT id FROM financial.symbol WHERE ticker = 'OTEX')),
((SELECT id FROM financial.symbol_list WHERE name = 'Nordea Stabil Aksjer Global'), (SELECT id FROM financial.symbol WHERE ticker = 'CB')),
((SELECT id FROM financial.symbol_list WHERE name = 'Nordea Stabil Aksjer Global'), (SELECT id FROM financial.symbol WHERE ticker = 'PDCO')),
((SELECT id FROM financial.symbol_list WHERE name = 'Nordea Stabil Aksjer Global'), (SELECT id FROM financial.symbol WHERE ticker = 'BAX')),
((SELECT id FROM financial.symbol_list WHERE name = 'Nordea Stabil Aksjer Global'), (SELECT id FROM financial.symbol WHERE ticker = 'CCEP')),
((SELECT id FROM financial.symbol_list WHERE name = 'Nordea Stabil Aksjer Global'), (SELECT id FROM financial.symbol WHERE ticker = 'ROG')),
((SELECT id FROM financial.symbol_list WHERE name = 'Nordea Stabil Aksjer Global'), (SELECT id FROM financial.symbol WHERE ticker = 'Z74')),
((SELECT id FROM financial.symbol_list WHERE name = 'Nordea Stabil Aksjer Global'), (SELECT id FROM financial.symbol WHERE ticker = 'ES')),
((SELECT id FROM financial.symbol_list WHERE name = 'Nordea Stabil Aksjer Global'), (SELECT id FROM financial.symbol WHERE ticker = 'MRK' and listed_id = (SELECT id FROM financial.listed WHERE name = 'Frankfurt Stock Exchange'))),
((SELECT id FROM financial.symbol_list WHERE name = 'Nordea Stabil Aksjer Global'), (SELECT id FROM financial.symbol WHERE ticker = 'KRZ')),
((SELECT id FROM financial.symbol_list WHERE name = 'Nordea Stabil Aksjer Global'), (SELECT id FROM financial.symbol WHERE ticker = 'O39')),
((SELECT id FROM financial.symbol_list WHERE name = 'Nordea Stabil Aksjer Global'), (SELECT id FROM financial.symbol WHERE ticker = 'PBH')),
((SELECT id FROM financial.symbol_list WHERE name = 'Nordea Stabil Aksjer Global'), (SELECT id FROM financial.symbol WHERE ticker = 'SN')),
((SELECT id FROM financial.symbol_list WHERE name = 'Nordea Stabil Aksjer Global'), (SELECT id FROM financial.symbol WHERE ticker = 'ML')),
((SELECT id FROM financial.symbol_list WHERE name = 'Nordea Stabil Aksjer Global'), (SELECT id FROM financial.symbol WHERE ticker = 'TD')),
((SELECT id FROM financial.symbol_list WHERE name = 'Nordea Stabil Aksjer Global'), (SELECT id FROM financial.symbol WHERE ticker = '2503')),
((SELECT id FROM financial.symbol_list WHERE name = 'Nordea Stabil Aksjer Global'), (SELECT id FROM financial.symbol WHERE ticker = 'SJM')),
((SELECT id FROM financial.symbol_list WHERE name = 'Nordea Stabil Aksjer Global'), (SELECT id FROM financial.symbol WHERE ticker = 'RI')),
((SELECT id FROM financial.symbol_list WHERE name = 'Nordea Stabil Aksjer Global'), (SELECT id FROM financial.symbol WHERE ticker = 'U11')),
((SELECT id FROM financial.symbol_list WHERE name = 'Nordea Stabil Aksjer Global'), (SELECT id FROM financial.symbol WHERE ticker = '1113')),
((SELECT id FROM financial.symbol_list WHERE name = 'Nordea Stabil Aksjer Global'), (SELECT id FROM financial.symbol WHERE ticker = 'SHB-A'));

