AcadeMedia;Actic Group;Autoliv SDB;Besqab;Betsson B;BHG Group;Bilia A;Björn Borg;Bonava A;Bonava B;Boozt;Bulten;Byggmax Group;Catena Media;Clas Ohlson B;Dometic Group;Dustin Group;Electrolux A;Electrolux B;Elon;Embracer Group B;Eniro Group;Evolution;Fenix Outdoor International B;G5 Entertainment;Gaming Innovation Group;Gränges;Hennes & Mauritz B;Husqvarna A;Husqvarna B;KABE Group B;Karnov Group;Kindred Group;Lammhults Design Group B;MEKO;Mips;Modern Times Group A;Modern Times Group B;Moment Group;Nelly Group;New Wave B;Nilörngruppen B;Nobia;Pierce Group;Rizzo Group B;Rusta;RVRC Holding;Scandic Hotels Group;SkiStar B;Starbreeze A;Starbreeze B;Stillfront Group;Strax;Synsam;Thule Group;VBG GROUP B;Vestum;Volvo Car B;SAS;
percent/trade;2,81
hitrate;0,42
Number of trades;281
Return;218,68
2016-01-04;998503,4128840007;0,9992201640230047
2016-01-05;1004459,3195726909;0,9992247880333762
2016-01-07;983210,8160021342;0,99920803466373
2016-01-08;993434,625229124;0,9992161850767585
2016-01-11;973168,0043451823;0,9991998618110719
2016-01-12;964915,9194643535;0,9991930189265074
2016-01-13;952121,8244326152;0,9991821751539164
2016-01-14;935440,8578074016;0,9991675915393041
2016-01-15;906355,9709513225;0,999140879621831
2016-01-18;900976,8518068828;0,999135750399183
2016-01-19;926543,3165819682;0,9991595979695888
2016-01-20;908819,0109255351;0,9991432079708297
2016-01-21;914852,1677248515;0,9991488582396258
2016-01-22;944251,515186552;0,9991753586073244
2016-01-25;954049,623489622;0,9991838276905646
2016-01-26;938125,4183046855;0,9991699735778116
2016-01-27;949105,0670888346;0,8181604666395004
2016-01-28;949628,3643147867;0,8182606701790657
2016-01-29;955968,9647862833;0,8194660821984922
2016-02-01;950626,40767815;0,9999881254879639
2016-02-02;931286,3177809942;0,999987878889119
2016-02-03;921591,0172724951;0,9999877513728885
2016-02-04;930392,9656806219;0,9999878672505745
2016-02-05;921342,6048007238;0,9999877480704127
2016-02-08;843816,6601271856;0,9999866224201853
2016-02-09;827458,316915058;0,9999863579536407
2016-02-10;871248,060815357;0,9999870436156733
2016-02-11;843830,7704692114;0,999986622643882
2016-02-12;866225,0571685064;0,9999869684851225
2016-02-15;889694,1731124151;0,9999873122415983
2016-02-16;885081,767914294;0,8434431364469163
2016-02-17;910544,8133168209;0,8478211906254999
2016-02-18;907637,6734700191;0,8473337658595357
2016-02-19;896145,5252766598;0,8453759778246931
2016-02-22;906179,9570889461;0,8470881810078709
2016-02-23;901614,0087780941;0,846313805881887
2016-02-24;890222,9453892696;0,844347276948597
2016-02-25;907057,6675610531;0,8472361454754435
2016-02-26;905289,1420111264;0,6451121159379467
2016-02-29;913357,2838835324;0,6482470181804033
2016-03-01;930990,2062046384;0,9999419579579676
2016-03-02;926085,0872242306;0,9999416505314406
2016-03-03;915925,0319454526;0,9999410032799676
2016-03-04;929408,4916508053;0,9999418591790739
2016-03-07;918668,5223667477;0,9999411794664074
2016-03-08;900813,284661517;0,9999400135704031
2016-03-09;890245,9879810666;0,9999393015263086
2016-03-10;885534,3006794308;0,9999389785662296
2016-03-11;895493,6070988034;0,9999396572211661
2016-03-14;907948,0454647397;0,8630925184061011
2016-03-15;891718,5852176999;0,860600774298841
2016-03-16;909126,2068416928;0,8632699405349716
2016-03-17;908953,449971423;0,8632439534427331
2016-03-18;891923,1230327939;0,8606327416425665
2016-03-21;884032,0549976681;0,8593887182936956
2016-03-22;884246,0880135411;0,6628202048758153
2016-03-23;885018,7204674595;0,6631145670700759
2016-03-24;888674,5384720677;0,6645004420759165
2016-03-29;884209,3189934605;0,6628061835684264
2016-03-30;896126,2697533482;0,6672902861358689
2016-03-31;897731,4919937962;0,6678852001352894
2016-04-01;900287,2109607151;0,9999759455532021
2016-04-04;901690,7031672886;0,9999759829942321
2016-04-05;888216,5128444126;0,9999756186577196
2016-04-06;895600,9647050656;0,7893414849163055
2016-04-07;887099,7239595212;0,787322705399802
2016-04-08;896001,4649663724;0,7894356463587098
2016-04-11;897507,3690782345;0,7897889467737088
2016-04-12;903789,0244603909;0,7912499884085926
2016-04-13;918539,5672727383;0,7946022402796792
2016-04-14;910062,7695718564;0,7926890587766245
2016-04-15;909721,2170186795;0,7926112244028057
2016-04-18;913689,411890582;0,7935119233329948
2016-04-19;918571,6744676388;0,7946094196278854
2016-04-20;917147,4649663724;0,7942904750445874
2016-04-21;920089,5383058346;0,7949482507108113
2016-04-22;912853,2734514035;0,7933227882078279
2016-04-25;914405,3336931027;0,7936735904959032
2016-04-26;906668,0647340573;0,7919128546921606
2016-04-27;908269,0653879956;0,5960036765843955
2016-04-28;897263,5051402233;0,37733726490239267
2016-04-29;891659,5482138775;0,37342391573889483
2016-05-02;888742,3512737721;0,9999304245453731
2016-05-03;896844,0445110768;0,9999310530593201
2016-05-04;900920,740016219;0,999931365046458
2016-05-06;906450,4398987263;0,9999317837463425
2016-05-09;909006,5260994404;0,9999319755674346
2016-05-10;921382,078776595;0,9999328892382863
2016-05-11;918556,2195904225;0,9999326827778013
2016-05-12;901005,026255843;0,999931371467046
2016-05-13;912975,7380020588;0,9999322713073718
2016-05-16;918038,942265746;0,9999326448473052
2016-05-17;912231,2011787861;0,9999322160291644
2016-05-18;923127,3920299977;0,9999330161214259
2016-05-19;914050,9194162433;0,8124946285677459
2016-05-20;943861,9424818103;0,8184168155964833
2016-05-23;946169,7145708149;0,818859709295516
2016-05-24;959597,9922464435;0,8213945229794521
2016-05-25;968221,483451659;0,822985277560521
2016-05-26;967080,2422464435;0,8227763843515061
2016-05-27;976293,5698087757;0,8244488518072431
2016-05-30;972326,4581792896;0,8237325995694205
2016-05-31;979321,2945745533;0,8249915956054108
2016-06-01;981266,5383064412;0,9999737992938088
2016-06-02;1003478,070244994;0,9999743792345566
2016-06-03;980233,7836944722;0,9999737716892715
2016-06-07;999519,0632297657;0,9999742777529602
2016-06-08;987917,1290809773;0,999973975675177
2016-06-09;982368,7790805958;0,9999738286916148
2016-06-10;960468,4949333332;0,9999732319421188
2016-06-13;940899,008576598;0,9999726752010247
2016-06-14;909508,2087299488;0,9999717321119055
2016-06-15;910589,7540199421;0,9999717656868509
2016-06-16;888621,3129532002;0,9999710676799097
2016-06-17;896846,121983733;0,9999713330128378
2016-06-20;933234,7539226674;0,9999724507942324
2016-06-21;927892,9789993428;0,9999722921965709
2016-06-22;926991,7243873738;0,9999722652580503
2016-06-23;936171,8583404683;0,999972537225899
2016-06-27;860774,1764995717;0,9999701316826558
2016-06-28;877826,7265960835;0,9999707119007814
2016-06-29;904615,1653568409;0,9999715792115256
2016-06-30;899635,8313057087;0,9999714219072088
2016-07-01;923693,0928182476;0,999929611619872
2016-07-04;912932,0064611309;0,999928781924526
2016-07-05;893702,5749502056;0,9999272495544254
2016-07-06;883819,7273931378;0,9999264360609706
2016-07-07;896215,7367716474;0,8026931853512025
2016-07-08;906807,4182825726;0,8049977661238799
2016-07-11;925366,416287486;0,8089086991399924
2016-07-12;925535,4665213269;0,8089436022099059
2016-07-13;919653,5039551189;0,6345295300729463
2016-07-14;914514,3517658642;0,6324757532656092
2016-07-15;915495,7063782146;0,632869716461909
2016-07-18;917330,9971535137;0,6336042286770213
2016-07-19;923221,549128764;0,63594199184614
2016-07-20;915459,4175980022;0,6328551634299422
2016-07-21;912207,910796397;0,6315464991230962
2016-07-22;918701,8676178387;0,6341509578814177
2016-07-25;922116,0579254559;0,6355055360203804
2016-07-26;922461,3487007549;0,6356419716295656
2016-07-27;928130,1011040142;0,6378673659428358
2016-07-28;920880,7033131054;0,6350165694087081
2016-07-29;924719,8363733013;0,42786527827120147
2016-08-01;922030,3952971331;0,9999698206502112
2016-08-02;912365,9292364947;0,9999695009678422
2016-08-03;917918,4433394305;0,9999696854573329
2016-08-04;926551,3920641772;0,9999699679067412
2016-08-05;941767,0383139483;0,9999704531198444
2016-08-08;946384,2374087207;0,9999705972725289
2016-08-09;969866,4295038783;0,7962725798175984
2016-08-10;958557,809422015;0,5991915700566839
2016-08-11;958111,0162434566;0,5990046622042834
2016-08-12;956237,8195805538;0,5982191430444911
2016-08-15;957335,9527478206;0,5986800145742078
2016-08-16;951884,4649682033;0,5963816358562213
2016-08-17;948733,8708558071;0,5950412835395287
2016-08-18;949776,6595692623;0,5954859000445624
2016-08-19;951134,2602833621;0,3705702423463241
2016-08-22;953126,3136204593;0,37188576331273143
2016-08-23;952455,956946265;0,371443684529299
2016-08-24;955099,3502720706;0,37318331671388266
2016-08-25;952555,8136204593;0,3715095762516624
2016-08-26;955413,1536091678;0,3733891932670998
2016-08-29;952765,0102833621;0,3716475726074222
2016-08-30;954314,9036091678;0,3726680735236149
2016-08-31;952541,5636204593;0,3715001740493014
2016-09-01;949253,8812462832;0,9696188891451128
2016-09-02;956783,3457619692;0,9698579751379265
2016-09-05;967553,6564248721;0,7545872522739905
2016-09-06;972151,333518378;0,7557479034295987
2016-09-07;981543,4755853335;0,7580850901647792
2016-09-08;972390,8869470279;0,7558080761728585
2016-09-09;956570,4401010196;0,7517694552943753
2016-09-12;952013,0481256167;0,7505811481648473
2016-09-13;958317,9951547305;0,7522221198014377
2016-09-14;964656,1020120303;0,7538501017094961
2016-09-15;971135,5486749331;0,7554924215063858
2016-09-16;967943,7255853335;0,7546861505280332
2016-09-19;966437,3698648135;0,7543037874986249
2016-09-20;967947,9754937808;0,7546872276121612
2016-09-21;971661,6723397891;0,7556248145264505
2016-09-22;972717,5837930362;0,7558900904518889
2016-09-23;973473,5838845889;0,7560796663346067
2016-09-26;971232,4223397891;0,7555168094331776
2016-09-27;961171,4584115664;0,7529577066426988
2016-09-28;967143,4950631778;0,7544831737920503
2016-09-29;969136,4584115664;0,754988062481149
2016-09-30;975133,8869470279;0,7564949751269651
2016-10-03;970170,5727328211;0,9860185457482088
2016-10-04;973124,452818732;0,7871702751495014
2016-10-05;969843,4948155582;0,5928320193931893
2016-10-06;971117,2906071842;0,5933660937683428
2016-10-07;966723,9092137516;0,5915181019885285
2016-10-10;971725,9520604312;0,5936207976627708
2016-10-11;965887,9519688785;0,5911645688469812
2016-10-12;965384,403323859;0,5909513185327185
2016-10-13;961553,7261388004;0,5893217336129376
2016-10-14;970285,7904240787;0,5930176230694771
2016-10-17;964890,2474858463;0,5907418296354008
2016-10-18;963033,0703923404;0,5899525889304875
2016-10-19;964890,0703923404;0,5907417545211817
2016-10-20;968650,403323859;0,5923305085780517
2016-10-21;964599,0219304264;0,5906182690311862
2016-10-24;963402,0192409809;0,19787970181972553
2016-10-25;963261,1106411273;0,19776236536039785
2016-10-26;961570,3149410541;0,1963517353502891
2016-10-27;962415,7235409076;0,19705767888131595
2016-10-28;961570,3149410541;0,1963517353502891
2016-10-31;952834,5192409809;0,18898371192866628
2016-11-01;946924,5041593157;0,999199879174575
2016-11-02;935221,819121718;0,7992172011478229
2016-11-03;928872,6267014911;0,5985602743887117
2016-11-04;919741,3639921405;0,40637513841820777
2016-11-07;920633,7325147846;0,4069505378653772
2016-11-08;935716,3388075092;0,4165097719820839
2016-11-09;936874,5910810687;0,4172311373490554
2016-11-10;939376,6033949115;0,4187833315012275
2016-11-11;941575,1873792865;0,42014047607761534
2016-11-14;944078,3445295551;0,42167793271123927
2016-11-15;946883,7940534808;0,4233913989026982
2016-11-16;946818,4881834247;0,42335162789395
2016-11-17;951684,3896955707;0,4262999941970948
2016-11-18;953087,1144575336;0,427144348497841
2016-11-21;943216,8187870547;0,22469012530521232
2016-11-22;943387,3161854312;0,22483024624419795
2016-11-23;941852,8135838077;0,22356731005429367
2016-11-24;941341,3083805606;0,22314541274951952
2016-11-25;943728,3109821841;0,22511033623361015
2016-11-28;942364,3187870547;0,22398874935644122
2016-11-29;942023,3109821841;0,22370783710081885
2016-11-30;936567,3161854312;0,21918552895666038
2016-12-01;940587,1476890551;0,9999172706428486
2016-12-02;928727,8758842455;0,9999162142409056
2016-12-05;927507,8750679003;0,9999161040330062
2016-12-06;934721,4872199999;0,999916751491073
2016-12-07;931968,7474209276;0,8066456357375201
2016-12-08;940957,0328213183;0,8084926108371071
2016-12-09;952363,8605495897;0,810786368388566
2016-12-12;949248,0023342577;0,8101652842808729
2016-12-13;966730,6183315722;0,8135983062364665
2016-12-14;961065,954787337;0,6245643756379644
2016-12-15;967477,5690756671;0,6270524420184672
2016-12-16;969267,2972708575;0,6277410805000567
2016-12-19;974134,8076773516;0,6296011661373788
2016-12-20;976237,8006888262;0,63039907230176
2016-12-21;972248,2927847735;0,6288824578388289
2016-12-22;973191,428237044;0,6292421138127885
2016-12-23;973106,8431998126;0,6292098865503598
2016-12-27;980602,9852896563;0,6320443622939828
2016-12-28;977927,383025252;0,6310376383239463
2016-12-29;979092,9628592364;0,6314768765828068
2016-12-30;986495,4576559893;0,634242211671182
2017-01-02;991297,4727805201;0,9999652657687774
2017-01-03;981586,3944495264;0,9999649221343891
2017-01-04;982290,2602484766;0,9999649472696377
2017-01-05;980676,2744086329;0,9999648895802534
2017-01-09;964247,03772782;0,800795215431713
2017-01-10;964153,1187977663;0,8007758107335758
2017-01-11;954834,1412281862;0,7988314251372423
2017-01-12;941755,8182821261;0,6327095091683779
2017-01-13;950840,9244985568;0,6362189007348483
2017-01-16;949221,8238515841;0,6355983943385808
2017-01-17;944516,5836324679;0,6337830772540733
2017-01-18;946165,7797231661;0,6344214046278628
2017-01-19;951760,3290548312;0,6365703148355842
2017-01-20;946576,2468862521;0,6345799317506603
2017-01-23;944115,8979482638;0,6336276536682864
2017-01-24;949700,4187612521;0,6357820319890432
2017-01-25;956620,3635091769;0,6384166907429001
2017-01-26;969356,7377462374;0,6431675323734855
2017-01-27;967277,8767843234;0,6424006327010167
2017-01-30;960782,1274099337;0,6399829400731609
2017-01-31;955960,3434133517;0,6381670441418993
2017-02-01;964049,352019612;0,9999729122684761
2017-02-02;975749,661814593;0,6470383098349758
2017-02-03;975346,054333636;0,4497016516063844
2017-02-06;969754,6381043879;0,4465287385877356
2017-02-07;969390,1594514338;0,4463206402716536
2017-02-08;967138,3026093928;0,4450314692698049
2017-02-09;969381,3383149592;0,44631560192296427
2017-02-10;974596,3410157649;0,4492783317320627
2017-02-13;973776,1870851008;0,44881449153251557
2017-02-14;975181,3594941584;0,44960871371614375
2017-02-15;976568,8636140315;0,4503907068819251
2017-02-16;975701,6858338801;0,4499022287193099
2017-02-17;976908,4588899104;0,4505817633906733
2017-02-20;980947,6652039973;0,45284407940314414
2017-02-21;980910,9140443293;0,4528235794634317
2017-02-22;981187,2577790705;0,4529776874325422
2017-02-23;979108,9169129817;0,45181653078568423
2017-02-24;978653,2416352717;0,45156128853649613
2017-02-27;974036,4685792414;0,4489617790236111
2017-02-28;975557,7059297053;0,44982104128783934
2017-03-01;979429,4460247151;0,9999947979897731
2017-03-02;978485,404379665;0,9999947929708793
2017-03-03;984788,4372045246;0,7650591623335041
2017-03-06;985152,4969503132;0,7651459839188942
2017-03-07;986336,0404473988;0,7654277945109225
2017-03-08;985688,3817361237;0,6276142834173236
2017-03-09;984760,6781075837;0,627263473735164
2017-03-10;992894,2680123688;0,6303168563005014
2017-03-13;1002292,7900765778;0,633783383464246
2017-03-14;1009810,1036752106;0,6365096041086128
2017-03-15;1009548,2877267243;0,6364153366189613
2017-03-16;1008294,8930428864;0,6359633705449971
2017-03-17;1013851,9239266755;0,6379586942653259
2017-03-20;1000733,1072457673;0,6332126201258167
2017-03-21;994281,9988931061;0,6308328273380651
2017-03-22;995531,3365243317;0,6312961120425225
2017-03-23;1004513,8119576813;0,6345931036581022
2017-03-24;1007233,0559609772;0,635579598795211
2017-03-27;1003254,5999062897;0,634134471554568
2017-03-28;1006782,3584040925;0,39615409548523745
2017-03-29;1013010,4039668366;0,3998665744405054
2017-03-30;997717,4864711091;0,3906677871204884
2017-03-31;1005500,332906656;0,3953841844063692
2017-04-03;1002409,4248416001;0,9879304059381605
2017-04-04;1020230,7227847154;0,9881412365150337
2017-04-05;1017737,4248416001;0,9881121843942379
2017-04-06;1017574,4792849595;0,988110280782492
2017-04-07;1001820,7531179673;0,6093115875269526
2017-04-10;1002582,7596182114;0,6096085277117089
2017-04-11;1001903,2596182114;0,60934376062679
2017-04-12;1000004,7531179673;0,6086021007421759
2017-04-13;1008925,7596182114;0,6120628739161924
2017-04-18;1000486,2563680894;0,608790468507734
2017-04-19;1001697,7531179673;0,6092636142989158
2017-04-20;997426,7531179673;0,6075904737919939
2017-04-21;994011,7661184556;0,6062423273452795
2017-04-24;993405,2563680894;0,6060019240796276
2017-04-25;1007208,7628683335;0,6114015544269279
2017-04-26;1003696,7661184556;0,610041824552398
2017-04-27;1002750,1491179673;0,4277122211121205
2017-04-28;985533,6588683336;0,4177148081607237
2017-05-02;999246,5403819216;0,9999190624990756
2017-05-03;1002524,0656504763;0,9999193271058952
2017-05-04;1023186,1784892214;0,9999209562057364
2017-05-05;1018469,669585718;0,9999205901557984
2017-05-08;1022180,6370921266;0,9999208784486312
2017-05-09;1036852,9657969606;0,999921998084151
2017-05-10;1027197,9907069338;0,9999212649182363
2017-05-11;1028675,5735011232;0,9999213780127872
2017-05-12;1028170,9221034182;0,9999213394231959
2017-05-15;1033850,7348475588;0,9999217715719884
2017-05-16;1034366,8029856813;0,9999218106018558
2017-05-17;1016933,3222499025;0,99992047018618
2017-05-18;1002414,2394557131;0,9999193182672368
2017-05-19;1018113,0867915285;0,999920562343383
2017-05-22;1019053,4189601076;0,9999206356445295
2017-05-23;1021410,7698588503;0,999920818812399
2017-05-24;1031052,2120356691;0,999921559241286
2017-05-26;1035446,0321040285;0,999921892097436
2017-05-29;1035557,9810786379;0,9999219005412893
2017-05-30;1051686,3454890382;0,999923098252504
2017-05-31;1053477,0420527589;0,9999232289698234
2017-06-01;1062652,0989525353;0,9999362058671849
2017-06-02;1060722,895201925;0,9999360898407648
2017-06-05;1065845,7892830407;0,9999363970193264
2017-06-06;1065845,7892830407;0,9999363970193264
2017-06-07;1065534,3574912087;0,6480095942990666
2017-06-08;1067144,7053000466;0,64854075654514
2017-06-09;1065671,9832999245;0,6480550519680341
2017-06-12;1052681,6025168435;0,643711954417278
2017-06-13;1065850,0692374245;0,6481138561543147
2017-06-14;1067740,0429617898;0,6487367189664949
2017-06-15;1053428,9700095193;0,6439647271346404
2017-06-16;1067640,870781614;0,6487040904428507
2017-06-19;1072612,980156614;0,6503325265308172
2017-06-20;1065341,751564695;0,6479459570313876
2017-06-21;1072664,9170462624;0,6503494569260362
2017-06-22;1071487,8840720193;0,6499653646513798
2017-06-23;1071487,8840720193;0,6499653646513798
2017-06-26;1067566,4072043435;0,6486795872832068
2017-06-27;1061592,480156614;0,6467025927630133
2017-06-28;1058141,7582633034;0,6455504493110779
2017-06-29;1043556,1653220194;0,6405963730127748
2017-06-30;1050730,9601676003;0,6430505191150081
2017-07-03;1055938,768148897;0,9999942778115037
2017-07-04;1068110,3389611223;0,9999943430182712
2017-07-05;1087025,8661255816;0,9999944414563994
2017-07-06;1077901,077978609;0,9999943944014944
2017-07-07;1075498,6298765314;0,8481093004550967
2017-07-10;1088104,1530088556;0,849868931388775
2017-07-11;1082518,9314207209;0,8490943349719191
2017-07-12;1094333,9314207209;0,8507235912538585
2017-07-13;1101628,7361082209;0,8517120751328299
2017-07-14;1104719,2392515314;0,8521269174580414
2017-07-17;1102743,8220457209;0,8518620227239337
2017-07-18;1087608,047082342;0,8498004499968878
2017-07-19;1094334,047082342;0,8507236070310807
2017-07-20;1096356,6629242608;0,6391636420611959
2017-07-21;1101456,941336126;0,6408344889345915
2017-07-24;1107126,550711126;0,6426737801587115
2017-07-25;1110029,543707342;0,6436082737669617
2017-07-26;1116559,5405640313;0,6456925664244552
2017-07-27;1115934,153082342;0,6454940068293253
2017-07-28;1104911,050711126;0,6419572914969781
2017-07-31;1107344,9314942071;0,6427442488785159
2017-08-01;1118575,3129768732;0,9999948549319873
2017-08-02;1121872,8654823664;0,9999948700550305
2017-08-03;1122770,4813510187;0,8004470331492303
2017-08-04;1130287,887066961;0,801774235387529
2017-08-07;1142387,6942573297;0,6589610548014444
2017-08-08;1143558,6942573297;0,6593102774577305
2017-08-09;1139589,1942573297;0,6581235622269732
2017-08-10;1128682,5020881402;0,6548199395874877
2017-08-11;1108540,4558234918;0,6485480595582668
2017-08-14;1124731,8864265191;0,653607496187241
2017-08-15;1123680,359738897;0,6532833462107869
2017-08-16;1130883,6942573297;0,6554918103110633
2017-08-17;1126484,9095588434;0,6541465483013836
2017-08-18;1130097,0750404107;0,6552520107678377
2017-08-21;1111166,7672096002;0,6493787379587466
2017-08-22;1117416,1942573297;0,6513396742775244
2017-08-23;1125926,4558234918;0,6539750067668666
2017-08-24;1115032,4095588434;0,6505942868409786
2017-08-25;1130179,598172735;0,6552771834784227
2017-08-28;1116321,6479926812;0,6509978150491945
2017-08-29;1099379,3134742486;0,6456194058935643
2017-08-30;1118997,3864265191;0,651832346542381
2017-08-31;1121596,859738897;0,6526392786548755
2017-09-01;1122715,5488373677;0,9999994762604878
2017-09-04;1119592,0653378407;0,999999474799338
2017-09-05;1125226,7359578053;0,9999994774293259
2017-09-06;1115998,2635647694;0,9999994731080566
2017-09-07;1126079,4848915974;0,9999994778250543
2017-09-08;1124887,7067105214;0,9999994772718287
2017-09-11;1139427,0939785878;0,9999994839419766
2017-09-12;1144657,9281269948;0,9999994863002479
2017-09-13;1143835,0372712056;0,9999994859306851
2017-09-14;1143127,6860482136;0,9999994856125863
2017-09-15;1141703,6690308491;0,9999994849710044
2017-09-18;1131926,6518093983;0,9999994805224411
2017-09-19;1151957,1207558552;0,9999994895552244
2017-09-20;1137390,2561530722;0,8093544128519251
2017-09-21;1120288,341590847;0,8064440866242668
2017-09-22;1123416,6841201438;0,8069830755890643
2017-09-25;1124131,586656536;0,8071058266001256
2017-09-26;1124638,467899288;0,8071927651507118
2017-09-27;1132737,4336604727;0,8085713186858474
2017-09-28;1127328,6836604727;0,8076528732536812
2017-09-29;1151501,8944873465;0,811690771644506
2017-10-02;1154675,5566242863;0,9999930052154359
2017-10-03;1161619,5778320958;0,9999930470294112
2017-10-04;1163147,4017933537;0,9999930561623165
2017-10-05;1175409,9731513518;0,7970173927123548
2017-10-06;1143426,0397353666;0,579935970460035
2017-10-09;1146454,745357086;0,5810456961538769
2017-10-10;1153087,6501918333;0,5834556465397447
2017-10-11;1165537,048442413;0,5879048629350425
2017-10-12;1172045,6405654447;0,5901933055265329
2017-10-13;1173962,6544776456;0,5908624964344569
2017-10-16;1165125,2510219114;0,5877592136030966
2017-10-17;1167558,746736099;0,5886184304859426
2017-10-18;1172353,0498214262;0,5903007632339731
2017-10-19;1160856,5536475675;0,5862433233262483
2017-10-20;1169344,1405654447;0,5892465416554754
2017-10-23;1173512,3428206937;0,5907054981819213
2017-10-24;1171331,1488128202;0,5899433305270049
2017-10-25;1189658,645906021;0,5962605312161912
2017-10-26;1213215,7505622404;0,6040999719055977
2017-10-27;1201488,860559036;0,6002358694289686
2017-10-30;1201504,8529067533;0,6002411903953929
2017-10-31;1212477,1454463499;0,6038588013505651
2017-11-01;1216773,9016839329;0,9999421399949081
2017-11-02;1196412,8359998814;0,7946516242958701
2017-11-03;1218022,5317281834;0,7982948376204801
2017-11-06;1211669,6369448584;0,6158863628309867
2017-11-07;1207884,6364851873;0,6146827128719301
2017-11-08;1193841,4295588415;0,6101502094242677
2017-11-09;1161318,5417204779;0,5992324116304597
2017-11-10;1173283,7365294378;0,6033194556409247
2017-11-13;1167393,5417204779;0,6013179663404479
2017-11-14;1176781,0261031073;0,6044983552841816
2017-11-15;1166192,3486319464;0,6009073187282291
2017-11-16;1179119,7334299963;0,605282807081628
2017-11-17;1184666,8334742468;0,6071310362178169
2017-11-20;1182665,427378742;0,6064661902515397
2017-11-21;1164612,347312061;0,6003658793689253
2017-11-22;1162926,9251986425;0,5997866923455677
2017-11-23;1175432,3321543615;0,6040445557243469
2017-11-24;1176033,0230627935;0,604246800755614
2017-11-27;1175891,1382056158;0,6041990485578739
2017-11-28;1182687,3295737188;0,6064734781069311
2017-11-29;1181428,6378050726;0,6060542157173118
2017-11-30;1172261,9256583136;0,60297368607892
2017-12-01;1170482,9320341414;0,9585802774833728
2017-12-04;1181872,9702116316;0,9589794508570401
2017-12-05;1177200,0600096053;0,9588166192797283
2017-12-06;1158400,2578302687;0,9581482497715347
2017-12-07;1171344,4069429701;0,9586107399600511
2017-12-08;1177523,9419828719;0,9588279469089491
2017-12-11;1189345,077541954;0,9592371640739463
2017-12-12;1180299,1873315256;0,7734641806702345
2017-12-13;1181017,9329096582;0,5626845863049396
2017-12-14;1177237,42772167;0,5612802194785628
2017-12-15;1183005,2872111108;0,5634192412366578
2017-12-18;1185563,9265696313;0,5643614533666917
2017-12-19;1182376,0908686426;0,5631869166668975
2017-12-20;1193762,2225214746;0,5673532499455675
2017-12-21;1196068,1927973535;0,5681873750829041
2017-12-22;1189646,976435354;0,5658566313014641
2017-12-27;1192265,7065226343;0,5668101975204574
2017-12-28;1187199,0459315088;0,5649614547100397
2017-12-29;1190833,3867899682;0,5662891621607135
2018-01-02;1191883,306394163;0,9665282297757293
2018-01-03;1204476,1965079936;0,9668781796755875
2018-01-04;1244465,866071287;0,9679425163409953
2018-01-05;1228969,9964500102;0,9675383090872778
2018-01-08;1240235,8182349834;0,9678331785139503
2018-01-09;1246804,514485899;0,9680026470049963
2018-01-10;1239526,3259559306;0,9678147665520516
2018-01-11;1253206,1478782329;0,968166096030319
2018-01-12;1259016,7301383647;0,9683130150610587
2018-01-15;1269719,2383933696;0,9685801057749982
2018-01-16;1270125,8983588847;0,9685901655754625
2018-01-17;1274037,3782783183;0,9686865983322395
2018-01-18;1282826,8803306255;0,9689011473196699
2018-01-19;1298197,3320441875;0,9692693528317838
2018-01-22;1292769,5581565532;0,9691403282866147
2018-01-23;1293159,056470457;0,9691496231912436
2018-01-24;1304804,8242774638;0,9694249719011723
2018-01-25;1289292,376782957;0,9690571007134052
2018-01-26;1308605,4093223247;0,9695137710102931
2018-01-29;1302764,16114575;0,9693770788638495
2018-01-30;1290257,5473533305;0,9690802473912252
2018-01-31;1301092,4256950053;0,9693377323717344
2018-02-01;1324346,684600912;0,981204581297673
2018-02-02;1306809,2449352702;0,7800182426028374
2018-02-05;1288446,1461880167;0,77688303454961
2018-02-06;1277667,4283459147;0,7750007647483916
2018-02-07;1291881,2647564372;0,7774763036462811
2018-02-08;1276564,1317837199;0,7748063045747358
2018-02-09;1267476,2509930094;0,7731916522629145
2018-02-12;1293265,153657194;0,7777144203794726
2018-02-13;1289948,0994274577;0,777142821163646
2018-02-14;1310048,6334133586;0,5841184257303739
2018-02-15;1290883,1420116862;0,5779439127350633
2018-02-16;1305546,5563564738;0,5826842900537988
2018-02-19;1303330,6016598186;0,5819747596351426
2018-02-20;1316751,4153042277;0,5862354262912706
2018-02-21;1308148,4174404582;0,5835143162885658
2018-02-22;1320983,0954494914;0,5875608931631846
2018-02-23;1315409,749486967;0,5858134028228
2018-02-26;1321687,9929256877;0,5877808598172285
2018-02-27;1332600,3888302287;0,5911564392443459
2018-02-28;1332418,643301054;0,5911006718699754
2018-03-01;1312217,9959418783;0,9963402093384629
2018-03-02;1286400,2502276907;0,9962667582141725
2018-03-05;1308016,2456481466;0,9963284529657587
2018-03-06;1309455,0748012075;0,9963324872614068
2018-03-07;1322910,4990661154;0,9963697898150788
2018-03-08;1338167,702593566;0,9964111798856443
2018-03-09;1348800,3293674001;0,996439470644479
2018-03-12;1352822,2008845815;0,9964500559169499
2018-03-13;1333636,5887668142;0,9963989866445628
2018-03-14;1331729,7884356985;0,9963938306335476
2018-03-15;1343089,7460887441;0,9964243318948459
2018-03-16;1329437,6472423086;0,9963876130803044
2018-03-19;1300341,063894736;0,8000947050644099
2018-03-20;1305312,7942280644;0,8008561127691525
2018-03-21;1290964,557766425;0,7986427572074615
2018-03-22;1279573,3854981756;0,6402222864962889
2018-03-23;1274516,583444724;0,6387948239555392
2018-03-26;1265499,871532569;0,6362212298471274
2018-03-27;1277222,0861550665;0,6395599544628888
2018-03-28;1256549,6730119085;0,6336300929582325
2018-03-29;1245320,2765223826;0,42191330455746584
2018-04-03;1250964,2214801845;0,9999634790390463
2018-04-04;1228720,0881259975;0,9999628178818523
2018-04-05;1251062,2558811244;0,9999634819008627
2018-04-06;1242340,3139484462;0,9999632255228506
2018-04-09;1236362,9584720668;0,9999630477319187
2018-04-10;1234016,6434162196;0,9999629774721994
2018-04-11;1203574,070166418;0,8433804983970029
2018-04-12;1222170,232100317;0,845763571996178
2018-04-13;1217418,16023905;0,8451615252932149
2018-04-16;1230879,470999548;0,8468548907890395
2018-04-17;1248889,6826236935;0,8490633931607605
2018-04-18;1245263,2125461788;0,8486238338107458
2018-04-19;1256720,6740329952;0,8500039229824862
2018-04-20;1268705,3090961666;0,8514208385034301
2018-04-23;1274239,044134924;0,8520660845550145
2018-04-24;1263582,171011755;0,85081843085771
2018-04-25;1248091,1826236935;0,8489668273951826
2018-04-26;1288959,8948734493;0,8537555964607709
2018-04-27;1280015,5135944576;0,8527336825141967
2018-04-30;1286250,1221676387;0,6468680584097497
2018-05-02;1306130,351271826;0,9998452078943971
2018-05-03;1293350,737281996;0,9998436783917639
2018-05-04;1273471,5752378525;0,8011560810692065
2018-05-07;1297267,7088504853;0,804803529032842
2018-05-08;1312621,1269365372;0,8070866958706904
2018-05-09;1371374,5478855195;0,8153516272722863
2018-05-11;1382302,1203027787;0,816811335996649
2018-05-14;1419852,8329635682;0,8216561091484875
2018-05-15;1408161,1581245484;0,8201753562038895
2018-05-16;1402271,6637073578;0,8194200986720426
2018-05-17;1426335,0511041703;0,8224666227817663
2018-05-18;1435638,801682097;0,823617139373377
2018-05-21;1453894,8337389054;0,8258319152176452
2018-05-22;1449712,2356248917;0,825329418870418
2018-05-23;1465524,2695346894;0,8272139984773745
2018-05-24;1467748,6237293305;0,8274758534442596
2018-05-25;1475251,4710556092;0,8283532783152736
2018-05-28;1467285,7555547776;0,8274214291874437
2018-05-29;1459955,1597810807;0,8265548931617627
2018-05-30;1486655,3556524338;0,8296699516101792
2018-05-31;1472309,1123786988;0,8280102482975511
2018-06-01;1478300,976196297;0,999996190057166
2018-06-04;1474561,5993728717;0,9999961803954388
2018-06-05;1486456,560391434;0,999996210960777
2018-06-06;1486456,560391434;0,999996210960777
2018-06-07;1528271,964105614;0,9999963146335581
2018-06-08;1542956,688161858;0,9999963497081584
2018-06-11;1530933,6717643817;0,9999963210409997
2018-06-12;1394741,212713233;0,8188773161992594
2018-06-13;1377451,6004028234;0,8166038853341604
2018-06-14;1366685,4688720617;0,8151591734837061
2018-06-15;1347874,7124652776;0,8125795600155766
2018-06-18;1363149,3559303198;0,8146796823436026
2018-06-19;1340344,6681880865;0,8115266336713094
2018-06-20;1338754,5275688085;0,8113027695130343
2018-06-21;1326456,5549983892;0,8095533014615566
2018-06-22;1326206,9442809913;0,684229668925797
2018-06-25;1297577,8548415992;0,6772626749863594
2018-06-26;1280681,6617263649;0,673004761148838
2018-06-27;1287238,059294114;0,6746702734238906
2018-06-28;1260091,4073089454;0,6676615653122684
2018-06-29;1277367,670622239;0,6721564076656812
2018-07-02;1260004,1254463966;0,999954083841222
2018-07-03;1264051,498539048;0,9999542308604105
2018-07-04;1258662,1813317116;0,9999540348869275
2018-07-05;1283647,447917817;0,78359802051529
2018-07-06;1309822,3197363594;0,7879224956665696
2018-07-09;1310550,3751944283;0,7880403119577142
2018-07-10;1331763,518581269;0,7914165354327806
2018-07-11;1321615,1651266792;0,7898148749955622
2018-07-12;1333541,9741324165;0,7916947092193075
2018-07-13;1346717,3810995796;0,7937326327049375
2018-07-16;1336784,9544790962;0,7922000485125482
2018-07-17;1333790,7764548042;0,7917335660183099
2018-07-18;1345786,9733542183;0,7935900300791532
2018-07-19;1327545,2491720894;0,7907537623571409
2018-07-20;1321392,354961274;0,7897794340591197
2018-07-23;1308342,7615755242;0,6702490755927927
2018-07-24;1320911,7661130151;0,4534037955370547
2018-07-25;1305136,1539151391;0,44679690649749243
2018-07-26;1292594,1536252222;0,4414291943353785
2018-07-27;1337095,1539151391;0,4600194640794854
2018-07-30;1295016,7655331811;0,4424741231125625
2018-07-31;1280231,1335587855;0,21826823985333763
2018-08-01;1279921,1144153527;0,9991400050000431
2018-08-02;1272348,3084690026;0,9991348864525462
2018-08-03;1272430,0591403893;0,9991349420340792
2018-08-06;1277090,2117587975;0,9991380986647603
2018-08-07;1263123,9896823815;0,999128568717143
2018-08-08;1277724,3048297814;0,9991385263983977
2018-08-09;1280921,236638253;0,999140676469987
2018-08-10;1275239,5962573937;0,9991368478817887
2018-08-13;1267269,8735324792;0,9991314196117768
2018-08-14;1257390,8107654504;0,9991245953530816
2018-08-15;1250165,4035541466;0,9991195358985242
2018-08-16;1267210,944401925;0,9991313792201693
2018-08-17;1279443,0845004967;0,9991396836857607
2018-08-20;1285880,1348209314;0,8031330252501309
2018-08-21;1263612,759309762;0,7996638367505641
2018-08-22;1278064,9670429162;0,8019292144288545
2018-08-23;1278257,8780155114;0,8019591066974995
2018-08-24;1268867,2440051965;0,800493445449748
2018-08-27;1279627,685228341;0,8021711041770887
2018-08-28;1280666,5442295007;0,8023315802432756
2018-08-29;1269743,620309823;0,8006311447570955
2018-08-30;1271824,8394412927;0,8009573927299949
2018-08-31;1268134,7944354943;0,8003782144106864
2018-09-03;1266416,909371375;0,9999934044353774
2018-09-04;1261671,3381547919;0,9999933796272356
2018-09-05;1246549,7654390326;0,9999932993172063
2018-09-06;1240159,1540747748;0,8010197661535898
2018-09-07;1229907,1822235098;0,6118198584618996
2018-09-10;1221188,6781646719;0,609048501176925
2018-09-11;1222697,1580078115;0,6095308303062252
2018-09-12;1206940,222655486;0,604433148293106
2018-09-13;1214545,7047836294;0,6069101869169251
2018-09-14;1227252,6223976125;0,6109802208924764
2018-09-17;1222547,869166564;0,6094831489913609
2018-09-18;1221747,913016509;0,6092274527439303
2018-09-19;1224734,9781715383;0,6101805267397374
2018-09-20;1213674,418345641;0,6066279911172333
2018-09-21;1211769,6543495168;0,6060096550853699
2018-09-24;1216111,402999114;0,607416275435914
2018-09-25;1203998,6070510854;0,6034666973215267
2018-09-26;1214501,774119567;0,6068959681673992
2018-09-27;1205914,8436805715;0,6040968012159977
2018-09-28;1215850,6893302908;0,6073320940935424
2018-10-01;1219217,9629702272;0,9999661902284342
2018-10-02;1196258,5182293518;0,7978280114244937
2018-10-03;1201877,5236614808;0,7987732038252711
2018-10-04;1186571,199104596;0,5748292189617309
2018-10-05;1178487,8077974825;0,4105977118036981
2018-10-08;1171805,5211867038;0,21534836314294636
2018-10-09;1172282,309364194;0,21566749499447513
2018-10-10;1174189,530280942;0,2169414761709842
2018-10-11;1161286,1248243991;0,20824067331699703
2018-10-12;1157799,530280942;0,20585637130620393
2018-10-15;1162329,12027728;0,20895114452786145
2018-10-16;1164802,525733823;0,21063090097780923
2018-10-17;1163789,3139113132;0,20994366481410434
2018-10-18;1160392,1157301608;0,20763067258628956
2018-10-19;1163074,12027728;0,20945784602439743
2018-10-22;1162150,3275526706;0,20882944445445803
2018-10-23;1155564,530280942;0,20432040255359854
2018-10-24;1158097,525733823;0,206060716091532
2018-10-25;1157263,1293715183;0,20548827925018567
2018-10-26;1152286,5120924655;0,2020568577101441
2018-10-29;1155892,309364194;0,20454603527638804
2018-10-30;1158455,1111830417;0,20630578483243375
2018-10-31;1160451,7284620944;0,20767137682167394
2018-11-01;1154016,1169467382;0,9993225697371306
2018-11-02;1164722,3604522161;0,9993287967433242
2018-11-05;1156944,8042521887;0,999324284582475
2018-11-06;1162179,4307723455;0,9993273281037687
2018-11-07;1161371,2695670538;0,9993268600128621
2018-11-08;1166490,3629069738;0,9993298140590631
2018-11-09;1159231,355002921;0,9993256174118438
2018-11-12;1133081,740840476;0,9993100537999325
2018-11-13;1129495,8042521887;0,999307863350607
2018-11-14;1113989,4479670934;0,9992982290425773
2018-11-15;1099071,3707614355;0,9992887036617858
2018-11-16;1124719,769633811;0,9993049242464075
2018-11-19;1109976,8455926809;0,8204357788499248
2018-11-20;1084364,0177118215;0,8161944471432694
2018-11-21;1113786,3610841664;0,8210499475146604
2018-11-22;1111727,38696498;0,8207185231645774
2018-11-23;1128546,6785261068;0,8233904440410292
2018-11-26;1120306,3280469808;0,8220914023391032
2018-11-27;1129967,556333724;0,8236125217434099
2018-11-28;1133293,2036001119;0,8241301305431676
2018-11-29;1139598,8264924916;0,8251032528816138
2018-11-30;1141451,870765868;0,8253871819932832
2018-12-03;1140590,5947826756;0,9999168008695661
2018-12-04;1104243,8860653294;0,9999140623309176
2018-12-05;1092729,9249566575;0,8055003826523794
2018-12-06;1059547,4206765671;0,7994091174016065
2018-12-07;1060641,1644204636;0,7996159687197377
2018-12-10;1062546,735862114;0,799975337465114
2018-12-11;1072267,5737603684;0,8017886976447339
2018-12-12;1081835,4099877854;0,803541693767665
2018-12-13;1067551,1441644211;0,8009130022199387
2018-12-14;1072101,9281686326;0,801758072918106
2018-12-17;1030516,6307256012;0,6262001521632217
2018-12-18;1033563,1022679596;0,6273019432357492
2018-12-19;1036657,2267262726;0,6284143400273499
2018-12-20;1027503,8592641144;0,6251041236629713
2018-12-21;1029155,2001912384;0,625705666466127
2018-12-27;1030071,9185750275;0,6260387718448013
2018-12-28;1036199,2089268952;0,62825009280076
2019-01-02;1043213,1970105267;0,9999981931606073
2019-01-03;1039731,0433545208;0,9999981871093382
2019-01-04;1065720,997509489;0,9999982313206706
2019-01-07;1086723,6093449688;0,9999982655031298
2019-01-08;1087838,6345524883;0,9999982672809741
2019-01-09;1090777,7344061793;0,8169359242541929
2019-01-10;1070426,4944045008;0,8134554601955553
2019-01-11;1077749,8961836756;0,8147230461350545
2019-01-14;1079382,0161406458;0,8150032010843197
2019-01-15;1079147,10832662;0,8149629311403057
2019-01-16;1088517,0869643153;0,8165557342328437
2019-01-17;1097004,0601012171;0,8179749509999547
2019-01-18;1098391,3329779566;0,818204849402995
2019-01-21;1092375,1318823756;0,8172036217548442
2019-01-22;1087508,4708411158;0,8163855977703496
2019-01-23;1084970,5663878382;0,8159560968939747
2019-01-24;1088307,4276511134;0,8165203942197239
2019-01-25;1091247,0870787562;0,8170146613378667
2019-01-28;1093619,0435034693;0,8174115392564127
2019-01-29;1083025,5686597805;0,6223249629283081
2019-01-30;1081009,3407043018;0,42288261349199985
2019-01-31;1073473,9053519764;0,4188314383911872
2019-02-01;1074973,5083073054;0,9999958296729804
2019-02-04;1105301,3345001612;0,9999959441005569
2019-02-05;1104119,3096683894;0,9999959397584774
2019-02-06;1087112,3419464503;0,9999958762393784
2019-02-07;1074842,6146400843;0,9999958291651206
2019-02-08;1077334,1401756678;0,9999958388109131
2019-02-11;1080037,926962701;0,9999958492281104
2019-02-12;1085118,6310165797;0,9999958686627076
2019-02-13;1115073,7313908092;0,8160281636376118
2019-02-14;1093310,7570715304;0,6064599789570455
2019-02-15;1105284,9004965182;0,6107234088232494
2019-02-18;1108044,3375273105;0,6116928503920867
2019-02-19;1104588,9813528415;0,6104781546730103
2019-02-20;1110216,1523560649;0,400592489879811
2019-02-21;1096700,6590050822;0,39320552594298985
2019-02-22;1098520,8968018657;0,39421097812853634
2019-02-25;1097519,9051331645;0,39365846900223456
2019-02-26;1099301,110192216;0,39464092830525244
2019-02-27;1095595,4965542918;0,39259343282086223
2019-02-28;1094295,3968018657;0,3918717911782861
2019-03-01;1094493,0755551786;0,9999496748383173
2019-03-04;1099087,1208966703;0,9999498851911367
2019-03-05;1111980,3509324521;0,9999504662641371
2019-03-06;1096168,4903520078;0,999949751756712
2019-03-07;1063586,879343421;0,804610392689824
2019-03-08;1056037,8308738775;0,8032136571062047
2019-03-11;1069644,0720390386;0,8057168471947722
2019-03-12;1068243,7760185308;0,8054621731851198
2019-03-13;1065095,656862647;0,8048871748221147
2019-03-14;1068420,47512284;0,8054943465293722
2019-03-15;1069322,010164649;0,8056583323641039
2019-03-18;1069792,9695457525;0,8057438881997823
2019-03-19;1079765,458589942;0,8075379972178873
2019-03-20;1070391,3600334234;0,8058524849372126
2019-03-21;1070811,2707923956;0,8059286184563735
2019-03-22;1054553,0083717413;0,8029365797210737
2019-03-25;1061044,3377403326;0,8041421877451982
2019-03-26;1059328,8688682623;0,8038250171382706
2019-03-27;1057047,0990776129;0,8034015486381766
2019-03-28;1064090,708918006;0,8047029064782674
2019-03-29;1076407,775713355;0,8069376426071945
2019-04-01;1081757,9187485075;0,9999642151664425
2019-04-02;1084924,0189224577;0,9999643195962143
2019-04-03;1114991,3426414824;0,9999652817689326
2019-04-04;1095089,7779706144;0,8137254751796745
2019-04-05;1092835,0111477994;0,8133411485299826
2019-04-08;1090583,9864323759;0,8129558744995192
2019-04-09;1080741,530129733;0,8112524388670572
2019-04-10;1080895,560258212;0,811279335833018
2019-04-11;1076575,1624472304;0,6164050204018235
2019-04-12;1086008,0075819655;0,619736848539139
2019-04-15;1071753,6284239455;0,6146793287911372
2019-04-16;1075040,6426222487;0,6158574744973998
2019-04-17;1080633,143499629;0,6178454918220907
2019-04-18;1078458,0538351699;0,6170747429570715
2019-04-23;1088082,5944693252;0,6204618752528983
2019-04-24;1087530,732875268;0,4256170225033214
2019-04-25;1126675,3517870111;0,44557308413885655
2019-04-26;1146442,143245141;0,4551324337224124
2019-04-29;1133173,7246951074;0,25935564300087843
2019-04-30;1142192,7294405908;0,2652039335724374
2019-05-02;1130548,460453574;0,9998961251605799
2019-05-03;1143597,9758001012;0,9998973104690011
2019-05-06;1133154,6210919542;0,8008319758655312
2019-05-07;1112091,779272191;0,7970597650947219
2019-05-08;1118775,5722752733;0,798272171367899
2019-05-09;1108516,5015431566;0,7964052257160371
2019-05-10;1121284,560598485;0,7987235579153376
2019-05-13;1105211,7511502428;0,7957964465299582
2019-05-14;1127236,5451947374;0,7997863288909445
2019-05-15;1121527,057447545;0,7987670779558675
2019-05-16;1144067,9066067857;0,8027318434348008
2019-05-17;1137285,6152516527;0,8015554194169703
2019-05-20;1122878,6617261095;0,7990093011699099
2019-05-21;1147845,6488133592;0,803381084246786
2019-05-22;1142340,4147206468;0,8024335268074028
2019-05-23;1122426,7375775499;0,7989283760213935
2019-05-24;1133309,1132603807;0,8008591263574577
2019-05-27;1128449,5924969835;0,8000015521984156
2019-05-28;1147174,7642804307;0,803266098637298
2019-05-29;1128517,8694783372;0,8000136523969686
2019-05-31;1120661,89407932;0,798611723915944
2019-06-03;1105635,0877245283;0,9999861529177323
2019-06-04;1150524,1165254926;0,9999866931776589
2019-06-05;1158657,115587077;0,9999867865826638
2019-06-07;1182081,8473757124;0,9999870484264252
2019-06-11;1191809,6126383161;0,9999871541395073
2019-06-12;1185311,7146223402;0,999987083718292
2019-06-13;1173456,5824583387;0,9999869532283967
2019-06-14;1169581,9649961805;0,999986910006758
2019-06-18;1176985,4268968916;0,9999869923453019
2019-06-19;1167399,7140691022;0,8019199776252205
2019-06-20;1169791,622547206;0,6562194931927796
2019-06-24;1168913,2797585097;0,6559611702407888
2019-06-25;1167814,5121498671;0,6556374726686814
2019-06-26;1167066,0987511245;0,6554166406783122
2019-06-27;1170267,3335762587;0,656359239192663
2019-06-28;1171396,0763969985;0,6566903671941055
2019-07-01;1176410,9057912244;0,9999955488896637
2019-07-02;1190193,2906178846;0,9999956004333214
2019-07-03;1183319,132208766;0,9999955748752809
2019-07-04;1179824,492705287;0,9999955617680639
2019-07-05;1173406,754790248;0,9999955374939499
2019-07-08;1167725,4563054456;0,9999955157826574
2019-07-09;1167141,3521260633;0,999995513538499
2019-07-10;1170462,455016078;0,9999955262685103
2019-07-11;1167759,1020633879;0,8624092286598002
2019-07-12;1166031,2631809416;0,8622053450315527
2019-07-15;1162464,1190616789;0,8617825075563339
2019-07-16;1151150,4112827482;0,8604240818422678
2019-07-17;1137605,6567175933;0,6658623388201413
2019-07-18;1136406,4040549346;0,6655097224687774
2019-07-19;1173452,3764975616;0,6760696035955545
2019-07-22;1183962,7158530303;0,6789452164406002
2019-07-23;1182691,7990668365;0,6786002120074627
2019-07-24;1176672,5000919218;0,48684884839798337
2019-07-25;1161690,8484805936;0,48023103627756564
2019-07-26;1166205,8484805936;0,48224333699983035
2019-07-29;1167401,6742862577;0,4827737001064694
2019-07-30;1155273,518158328;0,47734381599679104
2019-07-31;1157270,509125125;0,4782457137553229
2019-08-01;1156389,8410064192;0,9999847266255542
2019-08-02;1127938,673945567;0,9999843413693891
2019-08-06;1084181,2861129255;0,9999837093894967
2019-08-07;1080092,3773299665;0,9999836477180861
2019-08-08;1095441,3802672834;0,9999838768414584
2019-08-09;1091013,8643129226;0,7965287127579608
2019-08-12;1080137,2568376418;0,794479827479898
2019-08-13;1085474,1226604339;0,6725490581686296
2019-08-14;1071523,2274272796;0,6682857499485592
2019-08-15;1077010,057764804;0,6699756689956929
2019-08-16;1082144,3912151214;0,6715414997442045
2019-08-19;1100533,1946514007;0,6770297111198661
2019-08-20;1105720,316584384;0,678544819636934
2019-08-21;1130107,0672557708;0,6854815494058892
2019-08-22;1124390,2787883636;0,6838824289891948
2019-08-23;1122327,2980296966;0,6833013645638559
2019-08-26;1127154,4296977874;0,6846576525507335
2019-08-27;1128150,6278789397;0,6849361113533137
2019-08-28;1132792,7464397307;0,6862272247806538
2019-08-29;1134381,562037265;0,6866666951458585
2019-08-30;1132959,7733409759;0,6862734828169699
2019-09-02;1134160,7462209195;0,9999816716209174
2019-09-03;1137685,1549123258;0,9999817283999818
2019-09-04;1126910,2811788053;0,9999815536973578
2019-09-05;1157122,446996066;0,999982035325517
2019-09-06;1166957,8677419156;0,9999821867364094
2019-09-09;1146493,1771275052;0,8858280339461978
2019-09-10;1141406,4231297025;0,8853192189500734
2019-09-11;1135454,1881138333;0,8847180436954851
2019-09-12;1122885,0770017728;0,6833870648194962
2019-09-13;1134014,243795596;0,6864942904861792
2019-09-16;1121100,820333682;0,682883168354028
2019-09-17;1121175,2224485502;0,6829042124892019
2019-09-18;1136857,6325895414;0,6872783980082785
2019-09-19;1132494,7756864652;0,6860736599121017
2019-09-20;1137745,278951846;0,6875223772165928
2019-09-23;1119407,4400999174;0,6824034508219956
2019-09-24;1124652,1083433256;0,6838845208554156
2019-09-25;1122533,0299589261;0,6832877691688717
2019-09-26;1126591,7905760526;0,49524986192284104
2019-09-27;1130833,5690947294;0,4971431894216955
2019-09-30;1124396,8744303465;0,22692439022745242
2019-10-01;1122078,8559777155;0,9999958153249764
2019-10-02;1110047,1752945795;0,9999957699677386
2019-10-03;1116874,9191300287;0,9999957958270145
2019-10-04;1116776,516886798;0,80122342121673
2019-10-07;1128738,2210875426;0,6020797764254857
2019-10-08;1124453,7679167662;0,600563599760643
2019-10-09;1129622,4554167662;0,6023912563542794
2019-10-10;1138814,0737257872;0,6056004437820076
2019-10-11;1144617,0964384947;0,607599985453835
2019-10-14;1146330,1170073424;0,6081863691544469
2019-10-15;1152934,4631224547;0,6104307923315586
2019-10-16;1153671,60632619;0,6106797091743089
2019-10-17;1150090,1140318785;0,6094673279838271
2019-10-18;1152316,0129271422;0,6102217097970217
2019-10-21;1152661,7679167662;0,6103386285605619
2019-10-22;1154907,1193724547;0,6110962017999255
2019-10-23;1160933,4556761656;0,6131149782132378
2019-10-24;1164282,9672804747;0,6142280030589374
2019-10-25;1165198,2512788496;0,4407331537241569
2019-10-28;1163164,558529826;0,43975532395647726
2019-10-29;1153072,7931184492;0,4348520274106335
2019-10-30;1147154,7512788496;0,4319364928294271
2019-10-31;1145334,5012788496;0,4310336844378413
2019-11-01;1142177,4494810363;0,999283704694445
2019-11-04;1140009,8708348533;0,9992823427532476
2019-11-05;1150434,9449553748;0,999288846058822
2019-11-06;1158416,2861328383;0,9992937458192123
2019-11-07;1164112,147599723;0,9992972014364244
2019-11-08;1169702,9191079398;0,9993005605681502
2019-11-11;1172716,2612116595;0,9993023578062024
2019-11-12;1200072,1635747214;0,9993182607096419
2019-11-13;1169162,20933883;0,8094216249665745
2019-11-14;1162048,7418662768;0,808255001723564
2019-11-15;1145075,8293909293;0,8054128571338361
2019-11-18;1150195,619034217;0,8062790100058143
2019-11-19;1153934,2501469117;0,8069066465633409
2019-11-20;1152882,944904731;0,806730566194041
2019-11-21;1148394,7958223086;0,8059752318480896
2019-11-22;1153105,0619858962;0,8067677947553671
2019-11-25;1216908,212176488;0,8168990629065056
2019-11-26;1218387,1878101092;0,8171213254410791
2019-11-27;1243262,7253746253;0,820780411526338
2019-11-28;1272219,4891320926;0,824859597019466
2019-11-29;1241791,0616044265;0,8205680159121145
2019-12-02;1242547,9740648775;0,9999991001366814
2019-12-03;1250045,471490672;0,9999991055338634
2019-12-04;1272045,6938350706;0,9999991210037903
2019-12-05;1223552,2805278806;0,9999990861662708
2019-12-06;1179378,9687305815;0,7891886971325779
2019-12-09;1160081,6515447027;0,7856819676085103
2019-12-10;1121578,1739027626;0,7783244870864564
2019-12-11;1149111,4198831446;0,7836359358452691
2019-12-12;1142957,4783234063;0,5572457344044613
2019-12-13;1145236,929169363;0,558126981384503
2019-12-16;1144315,6989627543;0,5577712519537148
2019-12-17;1147017,466081089;0,5588129092305966
2019-12-18;1150015,4623173212;0,4174935170284871
2019-12-19;1155144,766718719;0,4200800786033066
2019-12-20;1158606,1579159235;0,42181261704813655
2019-12-23;1162557,5711201166;0,42377781629181155
2019-12-27;1160135,3211201166;0,4225747202744094
2019-12-30;1158262,2123173212;0,421640924487144
2020-01-02;1163455,159005958;0,9999522054947727
2020-01-03;1165711,9860126986;0,8190940108667712
2020-01-07;1166814,9830067172;0,8192650223511282
2020-01-08;1171590,1831333651;0,820001667041894
2020-01-09;1176994,6706669345;0,8208281777906505
2020-01-10;1194535,7761738314;0,8234592181495287
2020-01-13;1191341,27316785;0,8229858356931314
2020-01-14;1189413,2343029892;0,6275145438688303
2020-01-15;1199050,024906627;0,6305082174179518
2020-01-16;1203668,625095836;0,6319259953523138
2020-01-17;1204636,1371197617;0,6322216165894805
2020-01-20;1205146,4277233994;0,6323773436023631
2020-01-21;1169694,2025389667;0,44212496299410764
2020-01-22;1175958,1965270038;0,44509660423798975
2020-01-23;1168113,1965270038;0,4413698959423419
2020-01-24;1177433,1965270038;0,4457917455939182
2020-01-27;1166820,1935210223;0,44075085420155863
2020-01-28;1160460,1935210223;0,4376858420734941
2020-01-29;1153772,190515041;0,4344263088576349
2020-01-30;1146801,1995329852;0,4309883903219315
2020-01-31;1146114,2025389667;0,43064731674955575
2020-02-03;1150518,5828316663;0,999972371657217
2020-02-04;1174779,883982942;0,9999729422318018
2020-02-05;1168325,4944680189;0,9999727927517329
2020-02-06;1160972,6530335401;0,9999726204388176
2020-02-07;1150554,1976578687;0,9999723725124384
2020-02-10;1165097,4398606275;0,9999727173704986
2020-02-11;1182480,0434487318;0,9999731184285428
2020-02-12;1244203,2803948377;0,9999744519868372
2020-02-13;1273411,940760896;0,9999750379898544
2020-02-14;1263926,7366707777;0,9999748506611479
2020-02-17;1280311,7968895887;0,9999751725151155
2020-02-18;1288990,5344340529;0,8288040668430637
2020-02-19;1314423,168328355;0,656253872732137
2020-02-20;1314404,6237040265;0,6562490228992319
2020-02-21;1317053,1237040265;0,6569402816240819
2020-02-24;1262402,5790796978;0,6420889174407322
2020-02-25;1248232,3737040265;0,6380258329919256
2020-02-26;1258115,6237040265;0,6408693563682192
2020-02-27;1200879,168328355;0,6237524260388505
2020-02-28;1171534,3290796978;0,6143280973601848
2020-03-02;1189562,2158975233;0,9999863669297507
2020-03-03;1229713,3670587172;0,9999868120606885
2020-03-04;1243893,290245973;0,9999869623983163
2020-03-05;1216986,313130342;0,9999866741432666
2020-03-06;1185184,5302095045;0,9999863165736289
2020-03-09;1146545,0203027357;0,9999858554309093
2020-03-10;1119373,6027536024;0,9999855120888903
2020-03-11;1083264,9014329542;0,9999850291602416
2020-03-12;976816,0035333266;0,9999833977072482
2020-03-13;990514,750275514;0,833236353594074
2020-03-16;980686,3585175489;0,8315650563096478
2020-03-17;1013901,000275514;0,8370828596382547
2020-03-18;969100,5579956983;0,8295513812143186
2020-03-19;988444,8543518995;0,8328871349296407
2020-03-20;1039990,2488869642;0,8411698073596521
2020-03-23;1021411,3481034253;0,8382807750457125
2020-03-24;1016959,3515747999;0,8375728082749723
2020-03-25;1017366,1392563795;0,837637753802642
2020-03-26;1042929,3487977003;0,841617409879947
2020-03-27;1037917,1057404493;0,8408525587821782
2020-03-30;1093358,3564347243;0,8489224959020454
2020-03-31;1111816,7481926894;0,85143068599811
2020-04-01;1101405,908560426;0,9999777678922825
2020-04-02;1068872,5000597546;0,9999770912107867
2020-04-03;1088953,287718446;0,9999775136591478
2020-04-06;1132880,4085184643;0,9999783855607215
2020-04-07;1148575,2681910107;0,9999786809141047
2020-04-08;1190152,5371805737;0,9999794256836542
2020-04-09;1209618,9895235607;0,9999797567870446
2020-04-14;1272461,1167933056;0,9999807565241274
2020-04-15;1253734,2750956127;0,9999804690872012
2020-04-16;1285712,1949831555;0,999980954855297
2020-04-17;1335879,2751947949;0,999981670069104
2020-04-20;1338387,8903070996;0,9999817044259164
2020-04-21;1351399,8813768933;0,9999818805853565
2020-04-22;1352170,0416513989;0,9999818909056957
2020-04-23;1346513,8563944409;0,9999818148363766
2020-04-24;1330989,883886964;0,9999816027341033
2020-04-27;1355459,1378618786;0,9999819348484098
2020-04-28;1358780,4894663403;0,9999819790061827
2020-04-29;1331679,3858362744;0,9999816122596323
2020-04-30;1332695,078783662;0,9999816262735644
2020-05-04;1338484,142215854;0,9999858104604092
2020-05-05;1333160,323276645;0,999985753796152
2020-05-06;1367544,4609872163;0,9999861119881149
2020-05-07;1447531,5442925752;0,9999868794059774
2020-05-08;1477070,4247437776;0,9999871417954016
2020-05-11;1512597,843135959;0,9999874438048331
2020-05-12;1547149,113132602;0,9999877242125104
2020-05-13;1523358,2967072786;0,999987532497267
2020-05-14;1482661,8938752473;0,9999871902867363
2020-05-15;1499456,471046573;0,9999873337612033
2020-05-18;1518133,8980103792;0,9999874895924843
2020-05-19;1548545,3145905794;0,999987735280622
2020-05-20;1561957,3393098176;0,9999878405938181
2020-05-22;1584927,9590684236;0,9999880168220777
2020-05-25;1606793,277019626;0,9999881798897224
2020-05-26;1614722,1015969575;0,9999882379304099
2020-05-27;1553922,9272042573;0,9999877777247539
2020-05-28;1590847,1066781343;0,9999880614085114
2020-05-29;1604744,4800988496;0,999988164798843
2020-06-01;1643543,3019595444;0,9999859096457739
2020-06-02;1674910,0588412583;0,9999861735218627
2020-06-03;1706780,8507571518;0,999986431704281
2020-06-04;1681364,7926059067;0,9999862266015012
2020-06-05;1694750,4456210434;0,9999863353879798
2020-06-08;1704372,1632113755;0,9999864125290178
2020-06-09;1676210,9445259317;0,8226248660219442
2020-06-10;1685296,3192054972;0,823581089288241
2020-06-11;1647862,3581840738;0,8195734374390274
2020-06-12;1623961,3123314127;0,8169179655924618
2020-06-15;1637877,1529381021;0,8184734793281492
2020-06-16;1662450,556769584;0,8211567016835022
2020-06-17;1683365,572722648;0,823378744535037
2020-06-18;1688310,7860710367;0,8238960839948927
2020-06-22;1694292,9225990518;0,8245178641219351
2020-06-23;1718005,8370811685;0,8269399704916581
2020-06-24;1665988,1307823404;0,8215364591336246
2020-06-25;1661128,983573173;0,821014416218767
2020-06-26;1684271,6298362955;0,8234737582739735
2020-06-29;1645527,1130134806;0,8193173855906348
2020-06-30;1652044,2100059732;0,8200301547258861
2020-07-01;1711867,0457326577;0,9999730353704246
2020-07-02;1771909,6420385048;0,9999739490887823
2020-07-03;1797153,4663869545;0,999974315014475
2020-07-06;1805560,076349418;0,9999744346026614
2020-07-07;1817796,2495519326;0,9999746066916015
2020-07-08;1789529,8652364418;0,9999742055935097
2020-07-09;1813983,6973821328;0,9999745533210486
2020-07-10;1801654,1737004921;0,9999743791780663
2020-07-13;1831541,8222295449;0,9999747972663194
2020-07-14;1788655,840601127;0,9999741929891024
2020-07-15;1774427,7799092934;0,9999739860583264
2020-07-16;1779939,8773214028;0,9999740666180029
2020-07-17;1807626,6954595253;0,9999744638310076
2020-07-20;1827738,285646598;0,9999747448192485
2020-07-21;1740176,563936393;0,999973474036068
2020-07-22;1751430,6427327797;0,9999736444826052
2020-07-23;1758522,8956310647;0,8437222654852973
2020-07-24;1694294,8965694802;0,837798027499289
2020-07-27;1712207,2302999492;0,5011656771991128
2020-07-28;1698557,246793861;0,38010076267471044
2020-07-29;1705508,0588132092;0,38262716707797295
2020-07-30;1696229,6306668469;0,37925011873132236
2020-07-31;1705990,9606755443;0,17573791510923942
2020-08-03;1728227,9439518307;0,986712471710949
2020-08-04;1720872,0187303876;0,9866556737251556
2020-08-05;1715815,4300030326;0,9866163473683485
2020-08-06;1728225,1406488982;0,8058652090528055
2020-08-07;1763165,2815180388;0,809712322544886
2020-08-10;1731432,3306437102;0,8062248114167854
2020-08-11;1735710,921776828;0,8067024743693475
2020-08-12;1692714,33593851;0,8017925297456997
2020-08-13;1841152,454322177;0,4684473664350308
2020-08-14;1827259,4358895598;0,4644058655999679
2020-08-17;1861485,8282082854;0,4742536198454182
2020-08-18;1843970,622832614;0,46925974645616775
2020-08-19;1846034,1412652312;0,46985301408412666
2020-08-20;1851066,9451058684;0,4712944129454018
2020-08-21;1854640,6596978484;0,47231317788050586
2020-08-24;1862794,2120812712;0,47462289202836444
2020-08-25;1852124,025138217;0,47159616601996973
2020-08-26;1876937,3650735198;0,4785817288840508
2020-08-27;1883178,954322177;0,4803099123196087
2020-08-28;1882135,8950382606;0,30695233576880715
2020-08-31;1872471,9042545692;0,30337545633762797
2020-09-01;1878936,5835340072;0,906057018442078
2020-09-02;1844832,233184581;0,9043203486797601
2020-09-03;1755660,3853528548;0,8994606779944149
2020-09-04;1744205,8412320663;0,8988004164171611
2020-09-07;1771848,7084271957;0,9003792457132955
2020-09-08;1744488,0417172958;0,898816787163712
2020-09-09;1757134,544914012;0,8995450261186014
2020-09-10;1776984,935111766;0,9006671911912758
2020-09-11;1776852,6557080795;0,9006597962704457
2020-09-14;1782212,6875836898;0,9009585634502719
2020-09-15;1798721,4443662215;0,9018675707857396
2020-09-16;1796522,6212842513;0,9017474632803347
2020-09-17;1796851,1925427963;0,9017654296872243
2020-09-18;1796425,0949094344;0,9017421292345401
2020-09-21;1749899,6246580135;0,5026109971650358
2020-09-22;1760018,0289548885;0,5054705036818481
2020-09-23;1804384,820153619;0,5176301531422625
2020-09-24;1792674,8385862361;0,5144792515432753
2020-09-25;1831222,0473875056;0,524699459242724
2020-09-28;1818070,0658201228;0,5212611187362007
2020-09-29;1804354,8478025447;0,5176221404398745
2020-09-30;1805644,429162408;0,5179666520646732
2020-10-01;1808886,2740131142;0,918996248246005
2020-10-02;1763061,9810634376;0,9168908545104092
2020-10-05;1803068,814097953;0,9187348960030279
2020-10-06;1784594,3604617836;0,9178936244909729
2020-10-07;1861688,8800140792;0,7422987633609964
2020-10-08;1911183,8228126937;0,7489725891930968
2020-10-09;1941115,6916519576;0,7528434143930816
2020-10-12;2015820,7079750472;0,762002878173306
2020-10-13;2001728,3504616194;0,7603273558542186
2020-10-14;2006058,3085991316;0,7608446750724136
2020-10-15;1983431,0124031478;0,7581163531191197
2020-10-16;1960807,0500465804;0,7553254785547039
2020-10-19;1954887,1232277327;0,7545845379427462
2020-10-20;1926640,730420726;0,7509865129281559
2020-10-21;1908104,744634288;0,7485675102659725
2020-10-22;1903550,9105011397;0,7479660123771497
2020-10-23;1908409,6029793196;0,7486076752769785
2020-10-26;1830811,567666589;0,5650943251098659
2020-10-27;1860698,7222076047;0,5720799230258922
2020-10-28;1811260,349649011;0,5603998394891175
2020-10-29;1815708,7498565305;0,5614768390053653
2020-10-30;1821103,9586578;0,5627760092183072
2020-11-02;1797458,4712861492;0,9571088038586892
2020-11-03;1819444,5306657269;0,9576270985191365
2020-11-04;1909714,8726533367;0,9596300238576037
2020-11-05;2092387,524463029;0,96315446209345
2020-11-06;2099381,997775407;0,9632772197106158
2020-11-09;1926330,4220283367;0,7900197706594239
2020-11-10;1837374,031449113;0,7798535862160727
2020-11-11;1855840,9035957195;0,7820441919242479
2020-11-12;1864551,2314460613;0,7830623814559743
2020-11-13;1895781,566529069;0,7866361236206076
2020-11-16;1891069,1943824627;0,7861044402791789
2020-11-17;1882559,5849616863;0,7851375823456492
2020-11-18;1866213,4040077068;0,7832556003860057
2020-11-19;1851187,5992973186;0,7814963194671477
2020-11-20;1854558,7128150798;0,7818935032856136
2020-11-23;1771594,0402534343;0,7716794623302217
2020-11-24;1640368,0042676558;0,0
2020-11-25;1640368,0042676558;0,0
2020-11-26;1640368,0042676558;0,0
2020-11-27;1640368,0042676558;0,0
2020-11-30;1640368,0042676558;0,0
2020-12-01;1637913,2000697872;0,9991592544968213
2020-12-02;1602829,2349361202;0,9991408516094289
2020-12-03;1567835,6652797482;0,999121675703614
2020-12-04;1573192,5479701778;0,999124666488325
2020-12-07;1544663,0306280148;0,8154711179682542
2020-12-08;1547676,1474874509;0,8158303708302986
2020-12-09;1561158,370242883;0,8174208667162893
2020-12-10;1550496,6735036862;0,8161653958834642
2020-12-11;1558550,536914636;0,8171153675120336
2020-12-14;1621880,5757940304;0,8242565165329696
2020-12-15;1618218,7488286984;0,8238588309745699
2020-12-16;1612780,880435754;0,8232649297773528
2020-12-17;1653227,131671716;0,8275887585577347
2020-12-18;1681330,1362188351;0,8304705684996674
2020-12-21;1662913,9873312009;0,8285930936121317
2020-12-22;1682122,8258016598;0,8305504581559228
2020-12-23;1689593,6310079587;0,8312997060793175
2020-12-28;1683735,3365667355;0,8307127397238311
2020-12-29;1710417,947940637;0,8333536300289989
2020-12-30;1708805,132541467;0,8331963447853005
2021-01-04;1722198,8200996525;0,9997599784496608
2021-01-05;1746771,6707695134;0,9997633549720837
2021-01-07;1681302,7000643131;0,7826987735065094
2021-01-08;1663559,6313234684;0,7803810984881053
2021-01-11;1641805,0287386295;0,7774710562852374
2021-01-12;1640063,58622693;0,42226826523746464
2021-01-13;1631867,9869227307;0,419366769625456
2021-01-14;1636068,3569636242;0,4208574618787667
2021-01-15;1603297,5804438489;0,4090200145318978
2021-01-18;1620004,9927058117;0,4151149008441262
2021-01-19;1611517,1435297863;0,21242938004879477
2021-01-20;1608302,7619227306;0,21085532783986732
2021-01-21;1616740,5557917492;0,21497388604184214
2021-01-22;1603882,968053712;0,20868069486897514
2021-01-25;1599864,968053712;0,20669332654008146
2021-01-26;1606695,5557917492;0,21006593239357066
2021-01-27;1590623,5557917492;0,2020842699264566
2021-01-28;1598659,5557917492;0,20609516191633703
2021-01-29;1584194,7619227306;0,19884626164819133
2021-02-01;1581754,1696108524;0,9985819231230066
2021-02-02;1607070,2347506229;0,9986042619889846
2021-02-03;1634019,5897539798;0,9986272814432104
2021-02-04;1633955,7781389896;0,998627227833811
2021-02-05;1658092,984598035;0,9986472115654257
2021-02-08;1686955,0558870975;0,9986703563884614
2021-02-09;1651497,7996157352;0,9986418092633639
2021-02-10;1697200,8956488352;0,8170801776114328
2021-02-11;1804734,1798895579;0,8279792725991368
2021-02-12;1837210,8988989573;0,8310201150146366
2021-02-15;1846505,480380891;0,831870693215726
2021-02-16;1824820,9970282298;0,8298728001840284
2021-02-17;1846355,8923987132;0,8318570717227893
2021-02-18;1817008,6697424632;0,829141329064872
2021-02-19;1862396,68313968;0,8333052838848306
2021-02-22;1892055,980380891;0,8359183398329976
2021-02-23;1835295,186389802;0,8308437309202071
2021-02-24;1865317,5677490397;0,6571265560631582
2021-02-25;1865762,9399719401;0,6572084026389627
2021-02-26;1847025,0677490397;0,6537308184617956
2021-03-01;1873397,654443384;0,9999991334665636
2021-03-02;1926005,926744581;0,9999991571356636
2021-03-03;1909281,7028723962;0,9999991497526505
2021-03-04;1879757,446826101;0,9999991363983103
2021-03-05;1803727,7709931047;0,8113880754553655
2021-03-08;1802055,9569376619;0,8112130952804915
2021-03-09;1824868,833412996;0,8135731401553179
2021-03-10;1793340,1193908365;0,8102955693886031
2021-03-11;1833015,8232649476;0,8144017296939399
2021-03-12;1800205,0651996364;0,6130570183699238
2021-03-15;1801302,8857000102;0,6132928443051852
2021-03-16;1813971,846739464;0,433895572262203
2021-03-17;1791790,583307915;0,42688754824511255
2021-03-18;1803437,0018259813;0,43058865200659374
2021-03-19;1813811,9172732164;0,433845657065315
2021-03-22;1805684,130925173;0,24338416170988553
2021-03-23;1810841,9216661397;0,24553921794008973
2021-03-24;1814937,7938890401;0,24724185203086224
2021-03-25;1816758,2124071065;0,24799612679501634
2021-03-26;1821916,0031480733;0,25012502769258016
2021-03-29;1805532,4216661397;0,243320587316636
2021-03-30;1808414,7124071065;0,2445265994387971
2021-03-31;1832535,0031480733;0,25447033204816033
2021-04-01;1831398,9703225172;0,999999136945919
2021-04-06;1946338,280657438;0,9999991879128254
2021-04-07;2062955,4435109175;0,9999992338194408
2021-04-08;2401115,736151365;0,9999993417242112
2021-04-09;2778098,6457997835;0,9999994310510328
2021-04-12;2546005,118591813;0,9999993791857119
2021-04-13;2253033,150679045;0,8861933222016931
2021-04-14;2404282,3948272993;0,8933527033264109
2021-04-15;2381642,2223038008;0,8923389015163643
2021-04-16;2336818,8617233564;0,8902738153785967
2021-04-19;2535473,8838638593;0,8988708897851135
2021-04-20;2607532,2245468427;0,9016655612404578
2021-04-21;2544107,58093112;0,8992140820733726
2021-04-22;2624669,2172302534;0,9023076065490578
2021-04-23;2723663,696257048;0,9058583413948638
2021-04-26;2989068,4374527265;0,9142173479083181
2021-04-27;3221704,557913237;0,9204116289253051
2021-04-28;3869510,7321228315;0,9337357522439106
2021-04-29;3369277,0968689253;0,9238975571090556
2021-04-30;2936195,344946318;0,9126726298066105
2021-05-03;2824085,609581627;0,9998022806530419
2021-05-04;2843030,4675871506;0,9998035981784767
2021-05-05;3245439,7243658677;0,999827950475158
2021-05-06;3169092,712906517;0,9998238056083982
2021-05-07;3388148,233585991;0,999835197186196
2021-05-10;3320417,5493223495;0,8673666431794522
2021-05-11;3106635,8960592574;0,8582395425961821
2021-05-12;3067939,8121893234;0,856451510599158
2021-05-14;3027642,3801328964;0,8545409033436937
2021-05-17;2956589,476267082;0,8510452231709503
2021-05-18;3147270,4275499196;0,3214600646489354
2021-05-19;3143778,3357034535;0,320706346185763
2021-05-20;3163072,9952646107;0,32485001906717365
2021-05-21;3159367,974833092;0,3240582643574907
2021-05-24;3203285,1863580556;0,33332546176757005
2021-05-25;3208956,321787438;0,33450366465178105
2021-05-26;3206249,3422189564;0,3339417978752439
2021-05-27;3237541,845919213;0,3403795922718928
2021-05-28;3231813,281462273;0,3392103792964843
2021-05-31;3278551,64875277;0,34863046209613696
2021-06-01;3298242,5958777564;0,9528040494418394
2021-06-02;3292073,8985320227;0,9527156135367197
2021-06-03;3288041,6688109534;0,9526576271948043
2021-06-04;3334222,0726424353;0,953313339336003
2021-06-07;3341789,5848113196;0,9534190616933607
2021-06-08;3350697,5081199342;0,766243686793223
2021-06-09;3346053,013857239;0,7659192209670507
2021-06-10;3370099,6223041536;0,5798010432190029
2021-06-11;3380689,1165973665;0,581117252518758
2021-06-14;3368921,133488846;0,5796540526095025
2021-06-15;3319474,5986148836;0,5733926248054019
2021-06-16;3321325,132519913;0,573630316503876
2021-06-17;3293759,7726184847;0,5700620435914634
2021-06-18;3287380,657178116;0,5692277550979365
2021-06-21;3279403,4157306673;0,5681798894434826
2021-06-22;3277292,5097705843;0,5679017538659167
2021-06-23;3261664,4465381624;0,5658313818752083
2021-06-24;3292509,0055438997;0,5698987176175375
2021-06-28;3267312,463551712;0,5665819044436108
2021-06-29;3295452,8706409456;0,5702829319283172
2021-06-30;3247057,7502777865;0,44535381259118806
2021-07-01;3261064,6044517453;0,9999998409686458
2021-07-02;3283988,312104791;0,9999998420787558
2021-07-05;3248775,762303918;0,9999998403670927
2021-07-06;3211491,36825332;0,9999998385138054
2021-07-07;3154734,927180558;0,6831653697674687
2021-07-08;3126456,105265885;0,6802995978573317
2021-07-09;3142756,017867356;0,6819577248592226
2021-07-12;3181156,124408036;0,6857968502501899
2021-07-13;3252637,4067490394;0,6927019064403132
2021-07-14;3205005,3591797645;0,6881349133248543
2021-07-15;3159121,9248955543;0,6836053505063912
2021-07-16;3199460,5734932716;0,6875944393827657
2021-07-19;3150965,492953568;0,6827863471148358
2021-07-20;3172908,9860947425;0,6849801622059329
2021-07-21;3214216,7345612342;0,68902866337937
2021-07-22;3263968,1778061683;0,6937686828776856
2021-07-23;3257592,541709214;0,6931693386028983
2021-07-26;3244532,8829300697;0,6919343060464687
2021-07-27;3195454,6664650734;0,6872027994561979
2021-07-28;3181976,0200264747;0,6858778105667221
2021-07-29;3203971,0892479713;0,6880342405431907
2021-07-30;3172941,37839058;0,6849833782173758
2021-08-02;3181339,311768192;0,9999999842072539
2021-08-03;3121593,2809862075;0,9999999839049871
2021-08-04;3296624,080646981;0,7857945340967615
2021-08-05;3287219,110371102;0,7851816768541776
2021-08-06;3253152,1025338066;0,7829320994389368
2021-08-09;3245031,768785943;0,7823889109822137
2021-08-10;3254250,4753994835;0,7830053640796852
2021-08-11;3245623,902540673;0,7824286120921021
2021-08-12;3226898,204103936;0,7811660447780033
2021-08-13;3226165,5456890953;0,7811163478432133
2021-08-16;3212465,056530465;0,7801828550111964
2021-08-17;3173352,6322579277;0,7774735496066274
2021-08-18;3240547,6161600025;0,6535709260626441
2021-08-19;3181638,898501006;0,6471567184305153
2021-08-20;3205586,6920572193;0,6497926845972265
2021-08-23;3250393,262346831;0,6546202815761228
2021-08-24;3221325,5514779957;0,6515037391358536
2021-08-25;3251889,5570856007;0,6547792014430136
2021-08-26;3270902,2691369923;0,6567858598806706
2021-08-27;3266813,97731758;0,44404332336948793
2021-08-30;3257239,97731758;0,4424092008427087
2021-08-31;3253909,8243405903;0,44183854499789527
2021-09-01;3259652,1042957064;0,9999979163321728
2021-09-02;3272310,03293035;0,9999979243922033
2021-09-03;3272708,7920322176;0,9999979246451031
2021-09-06;3240782,382188773;0,9999979041998454
2021-09-07;3233858,1646518465;0,9999978997123956
2021-09-08;3189944,940614676;0,9999978707995454
2021-09-09;3251159,6772632357;0,9999979108893774
2021-09-10;3277143,049907172;0,8044447728903734
2021-09-13;3208937,9369463567;0,8002882991232982
2021-09-14;3203641,918395331;0,6566835662625365
2021-09-15;3164131,2113106754;0,6523965521835183
2021-09-16;3207065,775992682;0,6570500902636177
2021-09-17;3253117,775992682;0,6619049803508236
2021-09-20;3179600,418395331;0,6540876922671919
2021-09-21;3186410,4078209903;0,654826975302448
2021-09-22;3210449,06079798;0,6574115030119954
2021-09-23;3249923,7784569766;0,6615727034319764
2021-09-24;3187792,4131081607;0,6549766183416745
2021-09-27;3123514,0583336856;0,6478764308869224
2021-09-28;3088065,428969672;0,6438343216185356
2021-09-29;3071557,775992682;0,6419201595386329
2021-09-30;3086416,918395331;0,6436440871484193
2021-10-01;3096252,776667876;0,999958206416509
2021-10-04;3030715,690692229;0,9999573026597881
2021-10-05;3020805,055532147;0,7985064926255763
2021-10-06;2959362,0968224304;0,7943230379320205
2021-10-07;3011820,3323036926;0,7979054065061048
2021-10-08;3021668,06444328;0,7985640405390767
2021-10-11;2950315,930154492;0,7936923976471597
2021-10-12;3001932,050923993;0,7972397124890904
2021-10-13;3066267,109792401;0,8014939390669156
2021-10-14;3107576,0124785583;0,6474483194186638
2021-10-15;3118462,2653853423;0,4584624074270566
2021-10-18;3158171,830067349;0,4652714802758746
2021-10-19;3160509,330067349;0,46566696334025415
2021-10-20;3138346,830067349;0,46189358946980863
2021-10-21;3167128,483044339;0,46678369483038634
2021-10-22;3188321,2653853423;0,4703279854320952
2021-10-25;3215639,0477263457;0,47482770215755216
2021-10-26;3197863,2653853423;0,47190845649779534
2021-10-27;3175073,983044339;0,4681180480376974
2021-10-28;3262306,2653853423;0,48234028005127544
2021-10-29;3233327,983044339;0,4777008220068383
2021-11-01;3292840,161681012;0,9999936273417565
2021-11-02;3277513,063200787;0,9999935975403922
2021-11-03;3334043,9069202696;0,9999937060981838
2021-11-04;3390574,9431217466;0,999993811036372
2021-11-05;3533736,6511982237;0,9999940617688662
2021-11-08;3491536,662585095;0,9999939899972337
2021-11-09;3596453,720526532;0,9999941653232235
2021-11-10;3470492,892817334;0,9999939535548266
2021-11-11;3520329,6533237733;0,8061131409950301
2021-11-12;3541518,1827808656;0,8072731456064264
2021-11-15;3557290,289111737;0,8081276466994674
2021-11-16;3545439,0091120345;0,627452064816136
2021-11-17;3562173,3665987593;0,6292022183563217
2021-11-18;3564755,189360295;0,6294707737273699
2021-11-19;3574997,036383305;0,6305322861186858
2021-11-22;3560874,1998240096;0,6290669346784861
2021-11-23;3468033,600741063;0,6191369132401804
2021-11-24;3454040,5061022383;0,6175939512488403
2021-11-25;3474688,1594034773;0,6198663242367708
2021-11-26;3425065,7132975203;0,6143589371039092
2021-11-29;3513581,485174809;0,6240741853467224
2021-11-30;3495629,754042302;0,6221436264416723
2021-12-01;3531668,6905049863;0,9999839293776007
2021-12-02;3421237,035456616;0,9999834106455132
2021-12-03;3384705,177969891;0,9999832315930103
2021-12-06;3303926,6444844785;0,9999828216180104
2021-12-07;3448775,635165173;0,9999835431121161
2021-12-08;3511408,1166104856;0,9999838366512579
2021-12-09;3461648,888895947;0,9999836043123418
2021-12-10;3483275,437697369;0,9999837061079493
2021-12-13;3478019,9290875974;0,9999836814868455
2021-12-14;3420715,147562939;0,9999834081145269
2021-12-15;3485883,96490379;0,9999837183008569
2021-12-16;3500228,803670735;0,8111396636165856
2021-12-17;3493258,601339192;0,8107628249947638
2021-12-20;3474655,31186089;0,809749649980062
2021-12-21;3526228,1716211746;0,8125321569941819
2021-12-22;3582757,666021199;0,8154900635480883
2021-12-23;3625752,4674356887;0,8176780143660217
2021-12-27;3702909,316724629;0,821477024486006
2021-12-28;3692282,1667574355;0,8209631985248003
2021-12-29;3758683,7363146255;0,8241260942245883
2021-12-30;3719768,4597795913;0,8222861459179799
2022-01-03;3754578,84767611;0,9664241357029698
2022-01-04;3680986,234706181;0,7718634694935275
2022-01-05;3674167,215632695;0,7714400627018432
2022-01-07;3520691,9632796673;0,5596811211839582
2022-01-10;3309969,768022313;0,3261132674704696
2022-01-11;3327636,368261113;0,3296909683344771
2022-01-12;3359495,6926705977;0,33604775365229456
2022-01-13;3365610,395929112;0,3372540343819806
2022-01-14;3318558,702207341;0,32785738873311593
2022-01-17;3313386,5647637984;0,3268081860822379
2022-01-18;3286194,018022313;0,32123766901430134
2022-01-19;3282918,055227055;0,320560344723617
2022-01-20;3292412,702207341;0,32251971016614833
2022-01-21;3259886,9426705977;0,31576010120254216
2022-01-24;3205649,336643204;0,2103707981494055
2022-01-25;3216274,3175697178;0,21297934281328862
2022-01-26;3219399,3175697178;0,21374328642857307
2022-01-27;3224399,336643204;0,21496252082049133
2022-01-28;3227524,336643204;0,21572262109133467
2022-01-31;3235024,3175697178;0,2175408656562874
2022-02-01;3235359,4884890732;0,9993385304280593
2022-02-02;3259021,779508513;0,9993433330610488
2022-02-03;3253242,8520598435;0,8027895456837161
2022-02-04;3247419,8956847214;0,8024359271468192
2022-02-07;3329480,596520903;0,8073052290719673
2022-02-08;3339224,740067961;0,8078675289034701
2022-02-09;3372399,6645102524;0,8097575718537809
2022-02-10;3433642,9545912766;0,8131507820293171
2022-02-11;3433461,3591132187;0,813140899590136
2022-02-14;3358703,206285002;0,8089817821189514
2022-02-15;3393385,143533232;0,8109340750552378
2022-02-16;3332572,551026776;0,6239572671984028
2022-02-17;3282435,194611981;0,6182134253846742
2022-02-18;3220950,0395674254;0,6109254493385428
2022-02-21;3149220,634416058;0,6020635468813158
2022-02-22;3176653,2733091856;0,6055000084909408
2022-02-23;3134028,7966475035;0,6001345965013959
2022-02-24;3081747,7538160826;0,5933509847469208
2022-02-25;3128269,836030438;0,5993984678323302
2022-02-28;3113441,847130139;0,41840439982327887
2022-03-01;3068962,095309603;0,610028823326225
2022-03-02;3084802,0955957053;0,6120312673594756
2022-03-03;3034353,060080874;0,6055809143570123
2022-03-04;2935445,5970033286;0,5922912825579636
2022-03-07;2947631,464187014;0,5939768000118051
2022-03-08;2973690,106070864;0,5975348080044426
2022-03-09;3052848,944720614;0,6079705281374059
2022-03-10;3088870,208037722;0,6125422310199949
2022-03-11;3114367,841452944;0,6157143855824191
2022-03-14;3144863,0724824546;0,6194407413323789
2022-03-15;3107406,4839128135;0,6148534909510476
2022-03-16;3223117,7995523093;0,6286804163219426
2022-03-17;3212643,603259432;0,6274698014243276
2022-03-18;3270105,6872171042;0,6340158777884651
2022-03-21;3233543,9524339316;0,6298776892844622
2022-03-22;3237170,10612427;0,6302922860893501
2022-03-23;3201102,0135148643;0,6261266418807485
2022-03-24;3161167,9276269553;0,6214036119322753
2022-03-25;3176573,8813318773;0,4140725474287726
2022-03-28;3169475,52683969;0,4127603048416837
2022-03-29;3230062,2114862963;0,42377523393376293
2022-03-30;3244955,105769591;0,42641984818718737
2022-03-31;3239473,9349855944;0,4254493539546383
2022-04-01;3217846,73012353;0,9999880360292154
2022-04-04;3270217,010168086;0,9999882276239929
2022-04-05;3283223,4352855785;0,999988274260029
2022-04-06;3181591,0258617504;0,9999878996942235
2022-04-07;3157808,6637745006;0,9999878085633527
2022-04-08;3164000,9218044383;0,9999878324231819
2022-04-11;3141486,0656414134;0,9999877452188346
2022-04-12;3268565,405817042;0,9999882216754176
2022-04-13;3285326,4610673627;0,8280385479935536
2022-04-14;3285082,624607249;0,8280257840918426
2022-04-19;3319415,175594493;0,8298045051085954
2022-04-20;3315386,0517350873;0,8295976698506405
2022-04-21;3331010,019355937;0,8303969350804958
2022-04-22;3303091,005367442;0,8289633837995034
2022-04-25;3276114,5473100385;0,8275550197033819
2022-04-26;3172911,2432786664;0,8219460094394055
2022-04-27;3098876,3355482584;0,6474812132614282
2022-04-28;3163359,057655192;0,6546670465950575
2022-04-29;3177474,5431555277;0,6562011398601241
2022-05-02;3146206,6896145428;0,9999886597321477
2022-05-03;3213566,8621838177;0,9999888974376109
2022-05-04;3226571,610047587;0,9999889421866641
2022-05-05;3102201,21168397;0,6076375665968117
2022-05-06;3080492,084189158;0,6048724739239095
2022-05-09;2998983,2074420266;0,5941333671685218
2022-05-10;3038403,629515391;0,5993991040233266
2022-05-11;3077359,493803721;0,6044702548488552
2022-05-12;3061225,981817942;0,602385703129371
2022-05-13;3119836,3149020486;0,609855423982121
2022-05-16;3125247,879011851;0,6105309839591043
2022-05-17;3147409,140440684;0,613273279065264
2022-05-18;3107453,931456309;0,6083008008578242
2022-05-19;3132573,765818339;0,6114418023913095
2022-05-20;3151651,4718921;0,6137938388244747
2022-05-23;3126135,249692393;0,4255405499492225
2022-05-24;3090024,448506785;0,41882727264813135
2022-05-25;3077019,262921763;0,416370915202716
2022-05-27;3121078,4418921;0,4246098040285248
2022-05-30;3119203,6299261576;0,42426396305355807
2022-05-31;3111309,1918921;0,4228031270558077
2022-06-01;3113742,640518229;0,9999799934787108
2022-06-02;3119628,9904251504;0,9999800312285153
2022-06-03;3084910,741966288;0,9999798064956696
2022-06-07;3119214,1552582956;0,8318037149246618
2022-06-08;3152086,496254084;0,833557792943711
2022-06-09;3133324,4965745187;0,8325611554620617
2022-06-10;3076786,7975083566;0,8294843719123733
2022-06-13;3003063,85637295;0,8252983425059411
2022-06-14;2928692,4843293405;0,8208619593637551
2022-06-15;2941776,863620875;0,8216587261403969
2022-06-16;2844291,9939576364;0,8155462820331418
2022-06-17;2857172,45100796;0,8163778202874066
2022-06-20;2880350,453400477;0,6370730607267971
2022-06-21;2876526,0590218147;0,6365905426762242
2022-06-22;2866563,142235621;0,6353274907206308
2022-06-23;2869710,398331507;0,635727432742132
2022-06-27;2921488,6812141975;0,6421835275937617
2022-06-28;2924707,4108780464;0,6425773155294932
2022-06-29;2926118,3447731575;0,642749659816696
2022-06-30;2888251,6280525764;0,6380658928974079
2022-07-01;2890880,4045418343;0,6383950119678188
2022-07-04;2884514,831486567;0,6375970188553057
2022-07-05;2905799,3218659004;0,6402515596240271
2022-07-06;2940516,8272675117;0,6444989654902877
2022-07-07;2978112,2950218758;0,648986784066469
2022-07-08;2958909,293026789;0,6467087461753588
2022-07-11;2950569,5257805428;0,6457101705440143
2022-07-12;2950721,695435389;0,6457284413830253
2022-07-13;2933665,3685768684;0,6436687069752869
2022-07-14;2936833,653385981;0,644053120652037
2022-07-15;2870801,2615593513;0,6358658510833299
2022-07-18;2918301,4914825996;0,641792742409305
2022-07-19;2806248,486264094;0,6274895900332471
2022-07-20;2825558,470471247;0,6300353416815075
2022-07-21;2930707,7543266853;0,6433091042450316
2022-07-22;2949477,499329432;0,6455789968479229
2022-07-25;2926387,1812141975;0,6427824790931853
2022-07-26;2924698,9815453133;0,6425762853945107
2022-07-27;2902452,120924647;0,4639407423399109
2022-07-28;2910066,275221522;0,4653433351038099
2022-07-29;2914210,9710680796;0,46610374307712743
2022-08-01;2898841,003513718;0,999991555918181
2022-08-02;2843942,1529671866;0,8011861112269283
2022-08-03;2897732,7992989738;0,8048766956657099
2022-08-04;2907771,3068597037;0,8055503204315961
2022-08-05;2861408,777143212;0,8023997118504786
2022-08-08;2869909,426526757;0,8029850023659635
2022-08-09;2799060,404729577;0,7979982147145931
2022-08-10;2875401,939252587;0,8033613349290435
2022-08-11;2886992,9591805656;0,8041508216779463
2022-08-12;2922557,129602166;0,806534081695082
2022-08-15;2910503,561959954;0,8057328613965641
2022-08-16;2910247,8974015433;0,8057157950764582
2022-08-17;2965685,3485238273;0,809347542834069
2022-08-18;2988981,3755624015;0,8108334821020152
2022-08-19;2935747,301828118;0,8074033148135813
2022-08-22;2852982,8032090385;0,8018161209240068
2022-08-23;2845461,4580582813;0,6796976716918861
2022-08-24;2863699,930317803;0,6817376288353217
2022-08-25;2869667,0412568287;0,6823994153245394
2022-08-26;2850018,880413933;0,6802098623309133
2022-08-29;2848114,2050675587;0,6799960027918021
2022-08-30;2826128,9856156544;0,6775066054076355
2022-08-31;2839147,7912720875;0,6789853867668124
2022-09-01;2797801,7519959644;0,6742414184718895
2022-09-02;2863564,791806145;0,6817226092683544
2022-09-05;2822493,7655915455;0,6770912512764921
2022-09-06;2825232,0909852223;0,6774042270597176
2022-09-07;2828090,7164124683;0,6777303058781577
2022-09-08;2834881,682019158;0,6785023036736004
2022-09-09;2825635,647175713;0,6774503000632651
2022-09-12;2853440,535305901;0,680593333258525
2022-09-13;2811919,082783623;0,6758768999764988
2022-09-14;2802034,4168900684;0,6747334991200342
2022-09-15;2806158,8242081837;0,6752115659796124
2022-09-16;2765131,071972771;0,6703925035000863
2022-09-19;2745297,85789959;0,6680112769896741
2022-09-20;2722111,4032944874;0,6651834568474975
2022-09-21;2710982,310971184;0,6638089719587419
2022-09-22;2684828,824566765;0,6605340639270973
2022-09-23;2644244,2274140553;0,6553238461568349
2022-09-26;2658001,824566765;0,6571078613628789
2022-09-27;2694198,6302460865;0,661714648691726
2022-09-28;2702785,1464356617;0,6627893521876865
2022-09-29;2654667,038281365;0,6566771210911954
2022-09-30;2680937,349163933;0,660041317111981
2022-10-03;2699747,0336840935;0,8593757345190487
2022-10-04;2806128,840025265;0,8647068736898108
2022-10-05;2741429,313600857;0,8615138673418743
2022-10-06;2884334,781044323;0,8683752156333447
2022-10-07;2878362,0459178276;0,8681020880835221
2022-10-10;2891001,9059699364;0,8686787639910498
2022-10-11;2877785,3177798577;0,8680756548271316
2022-10-12;2869694,243755657;0,8677036954643143
2022-10-13;2928686,8388789482;0,8703685424620112
2022-10-14;2966729,884964306;0,8720308358639901
2022-10-17;3018201,081667263;0,874213170917531
2022-10-18;3031523,3754046746;0,8747659521030334
2022-10-19;2975763,4255297966;0,8724193125236053
2022-10-20;3015710,3293650933;0,8741092803577949
2022-10-21;3005726,4303000756;0,873691118470053
2022-10-24;3079910,772537548;0,8767334602737832
2022-10-25;3135604,050308544;0,8789228686068175
2022-10-26;2951422,997005747;0,7068159337479099
2022-10-27;2927947,9624217018;0,7044653092890427
2022-10-28;2933889,3127558692;0,705063789649491
2022-10-31;2968304,612278269;0,7084833571619451
2022-11-01;2976702,8752902625;0,9093442735583442
2022-11-02;3014399,1110767005;0,9104779587517806
2022-11-03;3006222,230385172;0,9102344601031611
2022-11-04;3032231,4522937415;0,9110044316187436
2022-11-07;3064224,876129496;0,9119336300470006
2022-11-08;3123972,3132175086;0,9136179407164883
2022-11-09;3104104,214712809;0,717820591127056
2022-11-10;3162099,631140421;0,7229959854010757
2022-11-11;3160076,471412653;0,24711352043800885
2022-11-14;3195636,471412653;0,2554913955351063
2022-11-15;3219817,22800445;0,2610826387859605
2022-11-16;3138740,471412653;0,24199567585218207
2022-11-17;3076510,471412653;0,22666317185779158
2022-11-18;3098202,0388565008;0,23207756632079737
2022-11-21;3084689,22800445;0,22871360002521482
2022-11-22;3083266,8497085515;0,22835778877412266
2022-11-23;3084333,6605606023;0,22862468476380188
2022-11-24;3119538,0388565008;0,23732975201011994
2022-11-25;3106736,471412653;0,23418710547189617
2022-11-28;3099624,471412653;0,23242996961362827
2022-11-29;3189946,8497085515;0,2541634824022462
2022-11-30;3182834,8497085515;0,2524969211247608
2022-12-01;3171448,286232252;0,9999897239965629
2022-12-02;3206667,8354075146;0,9999898368602042
2022-12-05;3227796,815609236;0,9999899033875577
2022-12-06;3133628,436825056;0,9999895999751894
2022-12-07;3065216,3648684216;0,9999893678587054
2022-12-08;3018715,210678358;0,999989204078154
2022-12-09;3024551,5425303173;0,9999892249105259
2022-12-12;3057602,0811525024;0,8037651481316095
2022-12-13;3169076,432367865;0,8106678383206015
2022-12-14;3149528,2379823364;0,8094927093424559
2022-12-15;3105679,5717759766;0,8068029628940985
2022-12-16;3122254,382193152;0,8078285693537941
2022-12-19;3083966,282240454;0,8054427200055031
2022-12-20;3071463,825256506;0,6620259709942209
2022-12-21;3107824,8361360226;0,6659802084411912
2022-12-22;3084812,3998872433;0,6634884494093102
2022-12-23;3087544,6328584347;0,6637862355348695
2022-12-27;3115462,632263342;0,666799083636161
2022-12-28;3096796,0824433956;0,6647906493254169
2022-12-29;3161461,986343542;0,6716471656304646
2022-12-30;3130828,798820654;0,6684344399928626
2023-01-02;3178059,2262793332;0,9998433889814489
2023-01-03;3246050,632041052;0,9998466693379546
2023-01-04;3315713,482634619;0,9998498908017686
2023-01-05;3362890,993193701;0,9998519966619641
2023-01-09;3458396,7814780027;0,9998560838666317
2023-01-10;3419789,569327429;0,999854459146578
2023-01-11;3312717,178626135;0,9998497550302046
2023-01-12;3396862,3777380735;0,9998534768156327
2023-01-13;3296127,755478361;0,8287549554923146
2023-01-16;3316595,6254700683;0,6412387363706258
2023-01-17;3331082,2062043212;0,6427989572502575
2023-01-18;3333073,2532776855;0,6430123351260874
2023-01-19;3257805,912785437;0,6347646024977724
2023-01-20;3299324,65619364;0,6393607293821096
2023-01-23;3317257,606511023;0,641310329590967
2023-01-24;3337849,794133093;0,6435231927953401
2023-01-25;3312771,046254065;0,6408245481115442
2023-01-26;3316412,568264868;0,6412189336974353
2023-01-27;3332215,915837195;0,6429204866688984
2023-01-30;3306078,0626038574;0,6400974160289
2023-01-31;3296763,49351969;0,6390805588935432
2023-02-01;3333576,441575049;0,9089228261967209
2023-02-02;3434199,756844519;0,9115914208686513
2023-02-03;3492251,056405066;0,9130610268127781
2023-02-06;3422924,4159021364;0,911300197122282
2023-02-07;3458186,11142063;0,9122046323784689
2023-02-08;3410809,1749353395;0,91098513420599
2023-02-09;3442809,560273169;0,9118125136925211
2023-02-10;3116080,855225508;0,7089899817190912
2023-02-13;3192751,7061166214;0,7159783064537365
2023-02-14;3160265,311768477;0,713058665275
2023-02-15;3157566,218155196;0,4856902700346068
2023-02-16;3155214,693558028;0,4853069642700115
2023-02-17;3142751,0290072467;0,48326577128820913
2023-02-20;3153358,4129183795;0,4850039810399184
2023-02-21;3118148,9317172077;0,47918875442780545
2023-02-22;3129383,5042269733;0,4810584810670553
2023-02-23;3145149,8825228717;0,4836598923213838
2023-02-24;3117353,071670821;0,4790557913490235
2023-02-27;3156383,8398592975;0,48549761011333825
2023-02-28;3178563,6449130084;0,4890877734645166
2023-03-01;3166247,2035243753;0,9999997073592165
2023-03-02;3167677,8535762075;0,9999997074913848
2023-03-03;3229815,598834539;0,9999997131188968
2023-03-06;3237302,703427816;0,999999713782384
2023-03-07;3176013,138998789;0,7243099617274782
2023-03-08;3183206,3521665595;0,6186831204713091
2023-03-09;3179815,5474790595;0,6182765022120978
2023-03-10;3151621,059380915;0,6148615933723666
2023-03-13;3120201,172967341;0,6109833161976174
2023-03-14;3163260,515252497;0,6162787392150118
2023-03-15;3068576,0725645088;0,6044385785457687
2023-03-16;3103571,5349668525;0,608898876849306
2023-03-17;3075231,1232847236;0,6052946056920882
2023-03-20;3125976,4943784736;0,6117020344564693
2023-03-21;3116518,515252497;0,610523631685943
2023-03-22;3095459,5029233955;0,6078739482917738
2023-03-23;3129675,01055279;0,6121609083974294
2023-03-24;3102881,832024958;0,6088119436015003
2023-03-27;3132358,843011286;0,6124932123239221
2023-03-28;3111459,8704160713;0,6098904168281154
2023-03-29;3151342,696526911;0,61482757351595
2023-03-30;3220794,6805967353;0,6231332843361596
2023-03-31;3274234,7088560127;0,6292842691389849
2023-04-03;3251391,1336033917;0,9999917403080807
2023-04-04;3335535,6341755963;0,9999919486727116
2023-04-05;3277843,970052061;0,9999918069653961
2023-04-06;3283009,652715025;0,9999918198568041
2023-04-11;3330712,69373065;0,9999919370142242
2023-04-12;3306932,059560118;0,9999918790321092
2023-04-13;3370571,469716368;0,9999920323632612
2023-04-14;3413740,361750601;0,8262685210742357
2023-04-17;3400018,1374387722;0,8255673535429233
2023-04-18;3370837,220995901;0,8240573119279002
2023-04-19;3375663,9085569363;0,8243088832948896
2023-04-20;3382030,4065122586;0,8246396127682609
2023-04-21;3347988,0651807766;0,82285654841978
2023-04-24;3365549,1995344143;0,8237808670877399
2023-04-25;3321892,7001218777;0,8214649854001166
2023-04-26;3311173,0275220852;0,8208869917742316
2023-04-27;3439373,80845928;0,8275633313666529
2023-04-28;3366041,7025938015;0,8238066506251259
2023-05-02;3282672,193511099;0,9999906872096078
2023-05-03;3301337,3630749187;0,8044740284390863
2023-05-04;3250444,249976774;0,8014126237143798
2023-05-05;3286661,6542431316;0,8036009594926752
2023-05-08;3242942,311927458;0,8009532291118944
2023-05-09;3247811,5241924725;0,8012516457444178
2023-05-10;3250009,5207745037;0,8013860601824511
2023-05-11;3290014,0341564617;0,8038010814956692
2023-05-12;3284855,62679257;0,8034929784735012
2023-05-15;3291053,4216228924;0,8038630454539206
2023-05-16;3252376,219688078;0,8015305881717844
2023-05-17;3236636,9250713787;0,8005654602882797
2023-05-19;3265162,33281674;0,8023077784286698
2023-05-22;3271368,5135418377;0,8026828244223997
2023-05-23;3272010,8116527996;0,8027215579280111
2023-05-24;3174580,979606291;0,7966669618723595
2023-05-25;3148373,2673107586;0,7949743754758369
2023-05-26;3177268,7673107586;0,7968389699962597
2023-05-29;3111299,620411345;0,5855173793274615
2023-05-30;3105719,7026867354;0,5847726956009706
2023-05-31;3055628,353257735;0,39029456208701696
2023-06-01;3056227,717347216;0,9821099104880122
2023-06-02;3098697,959786486;0,9823551091000404
2023-06-05;3082031,433838915;0,9822596918279135
2023-06-07;3131496,8341990225;0,9825399193014528
2023-06-08;3141686,3209696524;0,98259654788977
2023-06-09;3144879,336976122;0,9826142177254621
2023-06-12;3191260,5170984976;0,9828668994150087
2023-06-13;3244319,0114908926;0,9831470989015861
2023-06-14;3264203,901040148;0,983249763467614
2023-06-15;3216288,6670466177;0,9830002238317226
2023-06-16;3162663,635267809;0,7849003439391194
2023-06-19;3097229,824682787;0,7803560282285369
2023-06-20;3071389,59402788;0,5958425368151132
2023-06-21;3053121,225661242;0,40202362386940427
2023-06-22;3074072,600508654;0,4060991382876832
2023-06-26;3068872,909987414;0,405092872869799
2023-06-27;3067926,866408312;0,4049094238854227
2023-06-28;3117060,2791814446;0,4142896823003537
2023-06-29;3126788,292937243;0,4161119348782993
2023-06-30;3144101,3645009636;0,41932712888278995
2023-07-03;3126019,9778931015;0,9999440885047816
2023-07-04;3171799,4286196106;0,9999448954907206
2023-07-05;3119817,1785700195;0,9999439773419265
2023-07-06;3030458,2478430145;0,9999423254053504
2023-07-07;3074026,2876958163;0,7985098125327925
2023-07-10;3073032,90470784;0,7984446791838565
2023-07-11;3107346,9231251986;0,8006704277602806
2023-07-12;3154841,416670731;0,8036712306000517
2023-07-13;3136444,903464249;0,8025196832557674
2023-07-14;3104889,8030156405;0,8005126840941756
2023-07-17;3057850,3080662997;0,7974439326368998
2023-07-18;3110225,091628006;0,8008548851804341
2023-07-19;3146319,553801468;0,803139470611434
2023-07-20;3164509,9454640658;0,8042710739857943
2023-07-21;3198652,3149480135;0,8063602817685358
2023-07-24;3203946,192374161;0,8066802325016633
2023-07-25;3189200,4164113314;0,8057863877730449
2023-07-26;3182959,036452225;0,8054055594515815
2023-07-27;3210016,871581009;0,8070458325404715
2023-07-28;3200611,864172867;0,806478836149968
2023-07-31;3179884,363745468;0,6029889568754492
2023-08-01;3159777,5450178124;0,9999994150037843
2023-08-02;3093878,6153036095;0,9999994025434944
2023-08-03;3091012,38350353;0,9999994019894853
2023-08-04;3126565,6556339674;0,8035182138120608
2023-08-07;3133463,698541682;0,8039507510686243
2023-08-08;3133628,3692264967;0,8039610533636878
2023-08-09;3128401,076402705;0,8036334889133795
2023-08-10;3138017,726457637;0,8042352662722855
2023-08-11;3088566,9329853468;0,8011008930737193
2023-08-14;3088871,514459651;0,8011205057325631
2023-08-15;3090798,3376408033;0,8012444884638671
2023-08-16;3079435,7838840894;0,8005111170469045
2023-08-17;3062964,036912959;0,799438322732653
2023-08-18;3050189,4643879347;0,7985983455043839
2023-08-21;3039212,280084651;0,7978709125787959
2023-08-22;3030382,640390437;0,7972819681366448
2023-08-23;3026021,643465083;0,7969898179745403
2023-08-24;3002156,3000507765;0,7953760086900082
2023-08-25;3018002,3106098585;0,7964503862395351
2023-08-28;3049563,028055232;0,7985569739004256
2023-08-29;3058356,3044987135;0,7991361556698942
2023-08-30;3045104,1516743116;0,7982620054834397
2023-08-31;3087717,6433735304;0,8010461850450644
2023-09-01;3081412,50095325;0,9805130101419501
2023-09-04;3092271,8008494903;0,9805814436693281
2023-09-05;3080955,583060794;0,9805101201443192
2023-09-06;3148565,3797679474;0,9809286303722968
2023-09-07;3100604,1630321075;0,9806336278359947
2023-09-08;3108854,651191287;0,9806850236206655
2023-09-11;3132322,9275818816;0,7944984426727606
2023-09-12;3160109,2706147186;0,7963053854955213
2023-09-13;3115781,880676364;0,7934074770567179
2023-09-14;3121692,340103244;0,7937986292241069
2023-09-15;3074440,5839692107;0,7906294748299026
2023-09-18;3043406,027221774;0,7884944585400901
2023-09-19;3036019,401596164;0,7879798662250065
2023-09-20;3070576,4179535857;0,790365992552339
2023-09-21;3074274,3862153045;0,7906181560903739
2023-09-22;3097294,392547702;0,7921743437696226
2023-09-25;3064130,386322116;0,7899249840857699
2023-09-26;3022645,7550507537;0,7870417866221026
2023-09-27;3051978,5116578094;0,7890885413474804
2023-09-28;3040440,811874484;0,7882881859906874
2023-09-29;3064420,7835694305;0,7899448916672216
2023-10-02;3055356,3892278415;0,9999988630497417
2023-10-03;2958387,8305196506;0,9999988257833541
2023-10-04;2947281,418570493;0,9999988213584852
2023-10-05;2960758,5114965183;0,99999882672355
2023-10-06;3042383,282225583;0,999998858201642
2023-10-09;3005710,378245328;0,9999988442704724
2023-10-10;3109881,9165487033;0,9999988829838788
2023-10-11;3085502,041689847;0,9999988741578554
2023-10-12;3115746,0272931796;0,9999988850862024
2023-10-13;3093274,7987546665;0,9999988769868629
2023-10-16;3099795,153651212;0,9999988793490977
2023-10-17;3101453,0403737766;0,9999988799481435
2023-10-18;3066065,581043176;0,8119466255544905
2023-10-19;3006564,776996545;0,8082249937876315
2023-10-20;2971665,2122878353;0,8059727669179467
2023-10-23;3005207,672801904;0,8081383912317703
2023-10-24;3040771,617862634;0,8103823465730441
2023-10-25;3090543,5203398983;0,813436059064786
2023-10-26;3077708,0944197304;0,6691798256468275
2023-10-27;3053697,9437849647;0,6665787032157747
2023-10-30;3027587,6851179725;0,6637032402368119
2023-10-31;3061315,216062797;0,6674083338227462
2023-11-01;3065344,1243680296;0,9999533736533389
2023-11-02;3118397,516061145;0,9999541669087915
2023-11-03;3134210,132691699;0,999954398144436
2023-11-06;3098249,7044843016;0,9999538688577712
2023-11-07;3108236,010842639;0,9999540170703641
2023-11-08;3097188,604882556;0,9999538530532003
2023-11-09;3124274,070520602;0,8693968425784833
2023-11-10;3091353,017473422;0,8680059973889174
2023-11-13;3098272,3744451627;0,8683007789677507
2023-11-14;3177746,3468038663;0,8715945158207589
2023-11-15;3213263,642763339;0,8730138253114956
2023-11-16;3179091,6989156827;0,8716488554264293
2023-11-17;3223644,5791494474;0,8734227523408223
2023-11-20;3246147,4937917814;0,8743002100056954
2023-11-21;3211818,175234042;0,8729566756279933
2023-11-22;3252611,4338705167;0,8745500141790349
2023-11-23;3274118,0749761686;0,8753740552673455
2023-11-24;3271288,6659032926;0,8752662635635996
2023-11-27;3240200,9079575455;0,6731426311742007
2023-11-28;3237765,8640961563;0,6728968098075803
2023-11-29;3269629,3763565933;0,6760845278365694
2023-11-30;3243685,288748256;0,6734937427759301
2023-12-01;3264651,040503341;0,9999684761462886
2023-12-04;3267695,3990042866;0,8391155728462285
2023-12-05;3321072,4197486104;0,8417013434408593
2023-12-06;3484051,463377303;0,8491063326968753
2023-12-07;3454789,51785118;0,847828268649834
2023-12-08;3506616,8176329792;0,8500773452810023
2023-12-11;3537961,109102553;0,8514055733882345
2023-12-12;3544899,034010909;0,650282647125457
2023-12-13;3524145,662428878;0,6482231936101651
2023-12-14;3580235,064078353;0,6537342704616647
2023-12-15;3585658,9542150716;0,6542580534814967
2023-12-18;3609641,1885900716;0,6565551417408187
2023-12-19;3647827,749823592;0,6601504261154404
2023-12-20;3641075,488104842;0,6595201856067305
2023-12-21;3651274,885825179;0,6604712750621492
2023-12-22;3612481,0503607015;0,6568251323399922
2023-12-27;3581139,0272131185;0,6538216760194933
2023-12-28;3606987,870917342;0,656302502046803
2023-12-29;3612873,6756353597;0,6568624265104415
2024-01-02;3542637,7308405945;0,9999818579001949
2024-01-03;3472600,5909098694;0,9999814920012815
2024-01-04;3499491,3844470093;0,9999816342204549
2024-01-05;3453722,9033488343;0,9999813908384995
2024-01-08;3542944,376325519;0,9999818594704123
2024-01-09;3518024,7830218384;0,9999817309736996
2024-01-10;3513308,3259371826;0,9999817064483604
2024-01-11;3449015,9855021546;0,9999813654423301
2024-01-12;3482093,630981509;0,8022695015973829
2024-01-15;3383973,7900164556;0,6232321931368626
2024-01-16;3356488,2705462407;0,6201469272111153
2024-01-17;3296399,2915957402;0,6132227104290989
2024-01-18;3310911,892692847;0,6149180574207693
2024-01-19;3292793,1873476934;0,6127991310702953
2024-01-22;3293044,1503756475;0,6128286396641845
2024-01-23;3280028,7381289434;0,6112923132270686
2024-01-24;3285107,281074805;0,61189322775185
2024-01-25;3297855,8425302496;0,34299833261224033
2024-01-26;3295341,87541294;0,3424971158492229
2024-01-29;3296571,6919794073;0,3427424033827523
2024-01-30;3287447,627457618;0,3409182341796037
2024-01-31;3285916,5495157233;0,3406111340027288
2024-02-01;3266598,6696331277;0,9991783287142433
2024-02-02;3172290,938235499;0,9991539015868383
2024-02-05;3188409,6932785287;0,9991581789709815
2024-02-06;3208692,639325358;0,9991635003315578
2024-02-07;3177924,798650004;0,9991554015595118
2024-02-08;3159330,3132445514;0,806277119440456
2024-02-09;3179523,0581137836;0,8075074287135683
2024-02-12;3201488,217259139;0,8088281051226868
2024-02-13;3221456,0056197345;0,8100130599787349
2024-02-14;3227317,925472945;0,8103581416351688
2024-02-15;3173249,3681456745;0,8071268602257784
2024-02-16;3182025,777500838;0,8076588275153721
