AcadeMedia;Actic Group;Autoliv SDB;Besqab;Betsson B;BHG Group;Bilia A;Björn Borg;Bonava A;Bonava B;Boozt;Bulten;Byggmax Group;Catena Media;Clas Ohlson B;Dometic Group;Dustin Group;Electrolux A;Electrolux B;Elon;Embracer Group B;Eniro Group;Evolution;Fenix Outdoor International B;G5 Entertainment;Gaming Innovation Group;Gränges;Hennes & Mauritz B;Husqvarna A;Husqvarna B;KABE Group B;Karnov Group;Kindred Group;Lammhults Design Group B;MEKO;Mips;Modern Times Group A;Modern Times Group B;Moment Group;Nelly Group;New Wave B;Nilörngruppen B;Nobia;Pierce Group;Rizzo Group B;Rusta;RVRC Holding;SAS;Scandic Hotels Group;SkiStar B;Starbreeze A;Starbreeze B;Stillfront Group;Strax;Synsam;Thule Group;VBG GROUP B;Vestum;Volvo Car B;
percent/trade;4,83
hitrate;0,42
Number of trades;154
Return;194,34
2019-01-04;1000000,0;0,7999437763881684
2019-01-07;1021994,2537631989;0,8042491698214718
2019-01-08;1019806,0101070404;0,8038291384546425
2019-01-09;1019543,6381950378;0,6198572457183655
2019-01-10;1002721,4102649689;0,6134797534328462
2019-01-11;1009030,9189929962;0,615896679240936
2019-01-14;1012371,0238132477;0,6171639471920767
2019-01-15;1014057,8699359894;0,6178007801879741
2019-01-16;1019868,3379192352;0,6199782733479934
2019-01-17;1030059,7571392059;0,6237382112566097
2019-01-18;1027786,4197349548;0,622905966364367
2019-01-21;1021615,422996521;0,6206281561441347
2019-01-22;1017269,080532074;0,619007267446816
2019-01-23;1019867,1242542267;0,6199778211135197
2019-01-24;1023722,1654167175;0,6214088745689956
2019-01-25;1026735,7316455841;0,6225200752362977
2019-01-28;1029043,510269165;0,6233666284602453
2019-01-29;1020347,9542922974;0,6201569032373904
2019-01-30;1019867,0652294159;0,44111448472611015
2019-01-31;1013020,2299690247;0,43733707047583775
2019-02-01;1015117,6885223389;0,9999937388985295
2019-02-04;1043290,2335891724;0,9999939079705267
2019-02-05;1041103,7087192535;0,999993895176053
2019-02-06;1026746,6815490723;0,9999938098121314
2019-02-07;1015575,6471710205;0,9999937417218796
2019-02-08;1017913,1056041718;0,9999937560929147
2019-02-11;1020047,5257358551;0,9999937691581108
2019-02-12;1024130,658208847;0,9999937940000122
2019-02-13;1049931,6284942627;0,7879931243228222
2019-02-14;1030802,5202903748;0,5871422913351791
2019-02-15;1041903,3973045349;0,5915410510091498
2019-02-18;1044351,4350509644;0,5924985092855849
2019-02-19;1041565,2792167664;0,591408455038911
2019-02-20;1046844,3256568909;0,38087731179544476
2019-02-21;1035340,099685669;0,37399790346268724
2019-02-22;1036911,0704078674;0,37494632709684533
2019-02-25;1035965,0782814026;0,374375558964231
2019-02-26;1037520,4825744629;0,3753134671383577
2019-02-27;1034402,2699298859;0,3734303453565405
2019-02-28;1033237,5704078674;0,37272405534330916
2019-03-01;1034957,5704078674;0,9999860138139821
2019-03-04;1039308,4159812927;0,9999860723642012
2019-03-05;1051500,1443824768;0,9999862338496313
2019-03-06;1036555,245464325;0,9999860353713286
2019-03-07;1006027,8604469299;0,8042381211309204
2019-03-08;998887,711894989;0,8028387957820475
2019-03-11;1011756,4535331726;0,8053465303156833
2019-03-12;1010430,157283783;0,805091027087764
2019-03-13;1007445,3391838074;0,8045135587055415
2019-03-14;1010584,5564613342;0,8051208056796915
2019-03-15;1011438,2922935486;0,805285299502411
2019-03-18;1011888,551158905;0,8053719414750016
2019-03-19;1021320,8408164978;0,8071694062384104
2019-03-20;1012458,6421775818;0,8054815318360548
2019-03-21;1012859,05235672;0,8055584301710225
2019-03-22;997485,3906135559;0,8025616154291827
2019-03-25;1003622,6183891296;0,8037689659965676
2019-03-26;1001996,6505393982;0,8034505364367108
2019-03-27;999847,0818138123;0,8030279752395127
2019-03-28;1006502,891117096;0,8043305132117906
2019-03-29;1018147,7570152283;0,8065684447087716
2019-04-01;1024718,4402656555;0,9999114952516724
2019-04-02;1027717,6079444885;0,999911753533304
2019-04-03;1056210,9379501343;0,9999141341521814
2019-04-04;1037650,3299217224;0,8132167582288695
2019-04-05;1035508,9764595032;0,8128305047530004
2019-04-08;1033373,4504165649;0,8124437081584271
2019-04-09;1024051,8944282532;0,810736454370925
2019-04-10;1024188,2180747986;0,8107616461240061
2019-04-11;1020397,3036499023;0,6156218425500191
2019-04-12;1029331,8814964294;0,6189582364109075
2019-04-15;1015826,3563423157;0,6138922434970693
2019-04-16;1018938,3848991394;0,6150714888587672
2019-04-17;1024227,4857063293;0,6170592559587523
2019-04-18;1022168,7554931641;0,6162879824529119
2019-04-23;1031281,109085083;0,6196784446174518
2019-04-24;1031052,7274780273;0,42462681213539605
2019-04-25;1068105,3853759766;0,4445865522373479
2019-04-26;1086822,097290039;0,45415160756782996
2019-04-29;1074580,0920410156;0,2588992687102388
2019-04-30;1083117,6965332031;0,2647409468149127
2019-05-02;1073284,7248535156;0,9998442418670568
2019-05-03;1085667,0140953064;0,9998460183254265
2019-05-06;1076068,556903839;0,8004833730751695
2019-05-07;1056082,2488975525;0,7967075300835297
2019-05-08;1062436,6411972046;0,7979234144528402
2019-05-09;1052704,8100280762;0,7960552979637302
2019-05-10;1064834,9617729187;0,7983785501784563
2019-05-13;1049585,7138633728;0,7954492272736182
2019-05-14;1070501,2418708801;0,7994457545531558
2019-05-15;1065084,0334510803;0,7984256996908733
2019-05-16;1086485,9885368347;0,8023963759510137
2019-05-17;1080051,4040679932;0,8012191197523704
2019-05-20;1066362,3975257874;0,7986673486316999
2019-05-21;1090050,2232589722;0,8030424981966015
2019-05-22;1084830,7109222412;0,8020948645242466
2019-05-23;1065920,1736030579;0,7985838206930546
2019-05-24;1076245,508491516;0,8005161767278898
2019-05-27;1071639,9941444397;0,7996588686625793
2019-05-28;1089428,0999336243;0,8029300246373261
2019-05-29;1071710,471206665;0,7996720433536538
2019-05-31;1064248,9619102478;0,7982675327886015
2019-06-03;1051346,3294334412;0,9999958601926939
2019-06-04;1094067,4582710266;0,9999960218438242
2019-06-05;1101861,6563835144;0,9999960499839606
2019-06-07;1124149,989124298;0,9999961283002643
2019-06-11;1133391,1550827026;0,9999961598683771
2019-06-12;1127216,1569385529;0,999996138831768
2019-06-13;1115928,7238407135;0,9999960997766947
2019-06-14;1112235,4072818756;0,9999960868255161
2019-06-18;1119271,869670868;0,9999961114262461
2019-06-19;1110500,8120555878;0,8015499338793493
2019-06-20;1113071,9759979248;0,6547602330613486
2019-06-24;1112231,5328674316;0,6544993571718217
2019-06-25;1111166,0651397705;0,6541680657507025
2019-06-26;1110427,1508407593;0,6539379379471109
2019-06-27;1113470,2854766846;0,6548837318860681
2019-06-28;1114542,3286209106;0,655215688348996
2019-07-01;1119851,3752975464;0,856830103697353
2019-07-02;1126241,3579025269;0,8576424101719036
2019-07-03;1129154,5987434387;0,8580096955242924
2019-07-04;1124801,8614234924;0,857460224085314
2019-07-05;1121619,018196106;0,8570557357937969
2019-07-08;1120339,6223068237;0,856892497521776
2019-07-09;1117208,4176750183;0,8564914095354015
2019-07-10;1121031,724040985;0,856980849125493
2019-07-11;1117203,4311027527;0,8564907689931894
2019-07-12;1115542,8937568665;0,8562771488456362
2019-07-15;1112122,1486244202;0,8558350757836838
2019-07-16;1101349,3424568176;0,8544249321309123
2019-07-17;1088789,6463394165;0,6609404902021346
2019-07-18;1087624,393787384;0,6605772306418125
2019-07-19;1122693,8675880432;0,671179745059146
2019-07-22;1132660,3066596985;0,674073081231629
2019-07-23;1131436,4898643494;0,673720542807406
2019-07-24;1126036,1360816956;0,4828243383136127
2019-07-25;1111847,9837608337;0,47622472472270716
2019-07-26;1116140,4837608337;0,4782390816982306
2019-07-29;1117284,8099212646;0,4787734706588621
2019-07-30;1105771,9532966614;0,473346667886958
2019-07-31;1107684,5446891785;0,4742560176063066
2019-08-01;1107716,8099212646;0,8740255152502125
2019-08-02;1082405,0689239502;0,8710796370186679
2019-08-06;1044224,8379478455;0,8663658923754894
2019-08-07;1040176,9706916809;0,8658458528593287
2019-08-08;1053691,5766296387;0,8675665085746834
2019-08-09;1050875,2385101318;0,6643125331548718
2019-08-12;1042465,006942749;0,6616043277842999
2019-08-13;1047841,5259513855;0,6633406502329221
2019-08-14;1034581,8896026611;0,6590258825029129
2019-08-15;1039839,0807647705;0,6607497705065215
2019-08-16;1044727,8945274353;0,6623372950663833
2019-08-19;1062248,2978363037;0,6679066019646392
2019-08-20;1067191,8202934265;0,6694449488108497
2019-08-21;1090434,2897491455;0,6764906880662293
2019-08-22;1084998,2417526245;0,6748698447511722
2019-08-23;1083029,3813056946;0,6742787842371888
2019-08-26;1087614,1736335754;0,6756518484793256
2019-08-27;1088555,9506950378;0,6759324621205764
2019-08-28;1093029,1289672852;0,6772586956405857
2019-08-29;1094516,224182129;0,6776971971801166
2019-08-30;1093170,9168205261;0,6773005562462725
2019-09-02;1094776,0388031006;0,9999378501584739
2019-09-03;1097981,367176056;0,9999380315920177
2019-09-04;1087539,8943252563;0,9999374366332002
2019-09-05;1116515,719783783;0,9999390602782277
2019-09-06;1126110,6201972961;0,9999395795083558
2019-09-09;1106916,539905548;0,8764748398695604
2019-09-10;1102027,9854049683;0,8759268869269057
2019-09-11;1096363,5718269348;0,8752858573958086
2019-09-12;1084683,0599021912;0,6763201567151572
2019-09-13;1095289,3054924011;0,6794545139057776
2019-09-16;1082912,723903656;0,6757910078133863
2019-09-17;1082967,7260398865;0,6758074738508559
2019-09-18;1097859,4356193542;0,6802049229145637
2019-09-19;1093723,7587242126;0,678995687857784
2019-09-20;1098743,0616874695;0,6804621070337823
2019-09-23;1081204,542842865;0,675278794223592
2019-09-24;1086201,971523285;0,6767727807099283
2019-09-25;1084199,3332633972;0,6761757436373828
2019-09-26;1088390,5454673767;0,4879398405880841
2019-09-27;1092451,0841026306;0,4898431203697819
2019-09-30;1086766,68050766;0,22494804054412193
2019-10-01;1085793,127544403;0,9999827341521129
2019-10-02;1074173,3868904114;0,9999825473808923
2019-10-03;1080677,5106124878;0,9999826524205483
2019-10-04;1080861,1453094482;0,8007535522610739
2019-10-07;1092693,799358368;0,6013450941538018
2019-10-08;1088546,1462364197;0,5998261119126448
2019-10-09;1093561,1341362;0,6016612788218558
2019-10-10;1102478,35181427;0,604883177084533
2019-10-11;1108156,2144432068;0,6069076380889079
2019-10-14;1109743,4954490662;0,6074698833664596
2019-10-15;1116113,0415611267;0,6097100136983951
2019-10-16;1116807,2849235535;0,6099526305187447
2019-10-17;1113372,6923484802;0,6087493912006315
2019-10-18;1115506,1915397644;0,6094976908190413
2019-10-21;1115897,6462364197;0,6096346782600482
2019-10-22;1118019,2976112366;0,6103754696965825
2019-10-23;1123867,2345085144;0,6124028441024592
2019-10-24;1127157,7457427979;0,6135343563514537
2019-10-25;1128359,049358368;0,43851068530124565
2019-10-28;1126363,756389618;0,43751603710230347
2019-10-29;1116614,1915397644;0,43260478493049337
2019-10-30;1110885,549358368;0,4296788271984416
2019-10-31;1109155,299358368;0,4287891427603735
2019-11-01;1108476,5450553894;0,9997379214290358
2019-11-04;1106372,5823001862;0,9997374230403727
2019-11-05;1116498,668480873;0,9997398044824624
2019-11-06;1124247,8883218765;0,9997415979590506
2019-11-07;1129782,8997488022;0,9997428639175368
2019-11-08;1135226,2106275558;0,999744096862673
2019-11-11;1138144,7629652023;0,9997447530768243
2019-11-12;1164723,1030759811;0,999750577671115
2019-11-13;1135027,459780693;0,8095285691550778
2019-11-14;1128109,7368650436;0,8083605723380358
2019-11-15;1111622,9733114243;0,8055183191575336
2019-11-18;1116592,7197656631;0,8063839209357577
2019-11-19;1120226,0918712616;0,807011900649828
2019-11-20;1119206,995177269;0,8068361748592681
2019-11-21;1114842,9104242325;0,8060800294900392
2019-11-22;1119414,392071724;0,8068719628371063
2019-11-25;1181385,8822450638;0,8170028036039625
2019-11-26;1182821,406411171;0,8172248970631546
2019-11-27;1206991,6256303787;0,820885000589962
2019-11-28;1235116,9955186844;0,8249637037648264
2019-11-29;1205565,159813881;0,8206730656134072
2019-12-02;1207290,2823038101;0,9999922996692059
2019-12-03;1214580,7895288467;0,9999923458903529
2019-12-04;1235958,848025322;0,9999924782814953
2019-12-05;1188832,0645399094;0,9999921801112069
2019-12-06;1146288,2697134018;0,788933412005195
2019-12-09;1127535,2686681747;0,7854229835021874
2019-12-10;1090139,4520492554;0,7780621979214959
2019-12-11;1116880,4567804337;0,7833759625051441
2019-12-12;1111278,5546693802;0,5566323597980329
2019-12-13;1113485,9484624863;0,5575112994724826
2019-12-16;1112589,1012363434;0,5571546136454988
2019-12-17;1115212,1022081375;0,5581961947729475
2019-12-18;1118361,311205864;0,4169189289079148
2019-12-19;1123335,9154844284;0,41950105732651327
2019-12-20;1126700,7069272995;0,42123466578428226
2019-12-23;1130541,0197629929;0,4232006625088495
2019-12-27;1128188,0197629929;0,4219976637024965
2019-12-30;1126371,311205864;0,42106541180656704
2020-01-02;1132382,2069272995;0,9999984062482381
2020-01-03;1134888,1021757126;0,81914111551129
2020-01-07;1135963,5992383957;0,8193123474056554
2020-01-08;1140596,099360466;0,8200462054060197
2020-01-09;1145868,5871915817;0,8208742272252453
2020-01-10;1162890,592593193;0,8234962106613142
2020-01-13;1159800,5896558762;0,8230259597989087
2020-01-14;1158258,105761528;0,6273105273328335
2020-01-15;1167624,5965986252;0,630300180463633
2020-01-16;1172145,5967741013;0,631726123583325
2020-01-17;1173105,1085233688;0,6320273439162711
2020-01-20;1173590,599360466;0,6321795668063729
2020-01-21;1139366,102297783;0,4417258902644581
2020-01-22;1145434,096423149;0,44468337514184897
2020-01-23;1137814,596423149;0,4409646365737131
2020-01-24;1146872,096423149;0,4453796561910056
2020-01-27;1136534,5934858322;0,4403350324144108
2020-01-28;1130376,0934858322;0,43728587318082596
2020-01-29;1123854,0905485153;0,43402030408351266
2020-01-30;1117072,099360466;0,430584116470808
2020-01-31;1116404,102297783;0,43024340817632956
2020-02-03;1122246,5934858322;0,9999607060829434
2020-02-04;1145890,294596672;0,9999615168530798
2020-02-05;1139562,9048452377;0,9999613031765302
2020-02-06;1132391,6132192612;0,9999610581144838
2020-02-07;1122242,407942772;0,9999607059363919
2020-02-10;1136371,9003324509;0,9999611945133907
2020-02-11;1153261,0038518906;0,9999617628061521
2020-02-12;1213263,6910772324;0,9999636538496242
2020-02-13;1241718,401213646;0,9999644867431148
2020-02-14;1232444,8972349167;0,9999642195244101
2020-02-17;1248379,2071790695;0,9999646762263358
2020-02-18;1257155,9993391037;0,8283909854302817
2020-02-19;1282294,991194725;0,6555744196897155
2020-02-20;1282246,6964712143;0,6555614471952518
2020-02-21;1284797,1964712143;0,6562452053255944
2020-02-24;1231483,4017477036;0,6413632568295897
2020-02-25;1217683,6964712143;0,6372989161708342
2020-02-26;1227367,6964712143;0,6401606480755438
2020-02-27;1171642,491194725;0,623046108526793
2020-02-28;1143042,9017477036;0,6136145058108257
2020-03-02;1161232,491194725;0,999962537670006
2020-03-03;1200426,5323476791;0,9999637608186652
2020-03-04;1214279,605067253;0,9999641742522865
2020-03-05;1188032,148303032;0,9999633827461261
2020-03-06;1156905,3352384567;0,9999623975502059
2020-03-09;1119142,0855436325;0,9999611287294555
2020-03-10;1092652,3075361252;0,9999601863516099
2020-03-11;1057430,1566762924;0,9999588601908975
2020-03-12;953401,4984922409;0,9999543712959822
2020-03-13;967019,9261388779;0,8328163328953938
2020-03-16;957376,1442251205;0,8311322687636268
2020-03-17;989912,4261388779;0,8366825861094487
2020-03-18;946330,6436834335;0,82916125722628
2020-03-19;965395,120139122;0,8325349548153662
2020-03-20;1015360,8347768784;0,8407758780151794
2020-03-23;997416,5840101242;0,8379113200974388
2020-03-24;993055,437415123;0,8371994842141519
2020-03-25;993576,7753286362;0,8372849069850199
2020-03-26;1018520,754691124;0,8412698644868057
2020-03-27;1013691,2115011215;0,8405136242863204
2020-03-30;1067674,1321821213;0,8485774521063832
2020-03-31;1085746,4140958786;0,851097884997623
2020-04-01;1075800,9600896835;0,9999117518773035
2020-04-02;1044029,7506093979;0,9999090663699309
2020-04-03;1063640,9984998703;0,9999107429901095
2020-04-06;1106460,2288503647;0,9999141971734297
2020-04-07;1121627,0195379257;0,9999153574107352
2020-04-08;1162063,837943077;0,9999183027540973
2020-04-09;1181003,7903242111;0,9999196129462913
2020-04-14;1242256,0768995285;0,999923576614445
2020-04-15;1223986,1662855148;0,9999224358757166
2020-04-16;1255257,4555654526;0,9999243681726788
2020-04-17;1304197,2263326645;0,9999272062436523
2020-04-20;1306790,0410909653;0,9999273506744483
2020-04-21;1319441,5823774338;0,999928047276673
2020-04-22;1320166,0173368454;0,9999280867603951
2020-04-23;1314588,607993126;0,9999277816538605
2020-04-24;1299612,3347768784;0,9999269494351642
2020-04-27;1323475,9635839462;0,9999282666117593
2020-04-28;1326860,3402471542;0,9999284495796255
2020-04-29;1300528,236697197;0,9999270008813003
2020-04-30;1301436,7798452377;0,9999270518425534
2020-05-04;1308507,24497509;0,9999941572141863
2020-05-05;1303320,7359228134;0,9999941339630704
2020-05-06;1336926,8237752914;0,9999942814165801
2020-05-07;1415208,5167417526;0,9999945977377344
2020-05-08;1443999,1373586655;0,9999947054486598
2020-05-11;1478737,8063497543;0,9999948298288343
2020-05-12;1512790,6864385605;0,9999949462092564
2020-05-13;1489441,9494428635;0,9999948669852015
2020-05-14;1449612,5467367172;0,9999947259510238
2020-05-15;1466004,2639417648;0,9999947849213293
2020-05-18;1484208,1205205917;0,9999948488844237
2020-05-19;1513777,2669210434;0,999994949502985
2020-05-20;1526931,6515722275;0,9999949930125817
2020-05-22;1549329,6009588242;0,9999950653963087
2020-05-25;1570616,969786644;0,9999951322774966
2020-05-26;1578256,9238882065;0,9999951558409456
2020-05-27;1518922,639796257;0,9999949666116181
2020-05-28;1554935,8104887009;0,9999950831876683
2020-05-29;1568623,1635084152;0,9999951260903537
2020-06-01;1607491,1469564438;0,9999869462387422
2020-06-02;1638087,134385109;0,9999871900552687
2020-06-03;1669258,5772562027;0,9999874292659374
2020-06-04;1644429,9684362411;0,9999872394653107
2020-06-05;1657509,9710550308;0,9999873401632431
2020-06-08;1667077,6888456345;0,9999874128207721
2020-06-09;1639955,7324762344;0,8217856901538552
2020-06-10;1648779,9367380142;0,8227394860106666
2020-06-11;1612137,9957933426;0,8187105695640798
2020-06-12;1588891,5513353348;0,8160581955415037
2020-06-15;1602485,451283455;0,8176185756897807
2020-06-16;1626511,9549837112;0,8203126769858831
2020-06-17;1647021,131310463;0,822550194720975
2020-06-18;1651514,083477974;0,8230329477869216
2020-06-22;1657280,961236;0,8236487440104839
2020-06-23;1680413,0149736404;0,82607634168671
2020-06-24;1629739,1087770462;0,82066848769384
2020-06-25;1625076,7023630142;0,8201539788143524
2020-06-26;1647653,0684862137;0,8226182534227311
2020-06-29;1609824,351937294;0,8184500199107031
2020-06-30;1616283,38865757;0,8191755350005637
2020-07-01;1675543,8651895523;0,9999692165376552
2020-07-02;1734286,661614418;0,9999702592180274
2020-07-03;1758740,5852365494;0,9999706727405315
2020-07-06;1767035,6951379776;0,9999708104133816
2020-07-07;1778975,9692087173;0,999971006330398
2020-07-08;1751426,2843179703;0,9999705502641231
2020-07-09;1775367,8155984879;0,9999709474053614
2020-07-10;1763303,6923532486;0,9999707486341095
2020-07-13;1792251,4423761368;0,9999712210908238
2020-07-14;1750183,9598855972;0,9999705293599626
2020-07-15;1736394,498848915;0,9999702953208415
2020-07-16;1741906,9962015152;0,9999703893252663
2020-07-17;1768906,9140939713;0,9999708412912686
2020-07-20;1788611,7043924332;0,9999711625271408
2020-07-21;1703302,083199501;0,9999697182067763
2020-07-22;1714153,0624933243;0,9999699098974242
2020-07-23;1721612,191529274;0,843361314590542
2020-07-24;1658914,8923807144;0,8374412866479028
2020-07-27;1677577,2664880753;0,5036514340652813
2020-07-28;1664306,770913124;0,3803783148252162
2020-07-29;1671114,1826791763;0,382902391273061
2020-07-30;1662018,6550836563;0,37952527615336173
2020-07-31;1672127,6550836563;0,17598883304683346
2020-08-03;1695987,8603601456;0,7872736857063827
2020-08-04;1709603,8467035294;0,7889679253373272
2020-08-05;1710933,0313806534;0,7891318713216986
2020-08-06;1728296,4606256485;0,791250370037483
2020-08-07;1762606,8025598526;0,7953138237653653
2020-08-10;1731457,25080204;0,7916314442912108
2020-08-11;1735660,6420984268;0,7921360674602008
2020-08-12;1693445,855996132;0,7869543656540998
2020-08-13;1840169,8647241592;0,4602219796866282
2020-08-14;1826519,246621132;0,456187911264225
2020-08-17;1860132,039071083;0,46601465607938247
2020-08-18;1842934,8337945938;0,46103181273319005
2020-08-19;1844960,4518976212;0,4616235564293547
2020-08-20;1849900,0556726456;0,4630611293970893
2020-08-21;1853410,0700006485;0,4640779918602771
2020-08-24;1861415,4232416153;0,4663828212557999
2020-08-25;1850938,8360681534;0,46336246921529384
2020-08-26;1875302,2752771378;0,47033432438280304
2020-08-27;1881433,8647241592;0,4720605038292116
2020-08-28;1880889,8503961563;0,3016634966327283
2020-08-31;1871398,65944767;0,2981217365345815
2020-09-01;1879406,8503961563;0,9010607672105249
2020-09-02;1845484,840256691;0,899242156954475
2020-09-03;1757287,2825784683;0,894185160433962
2020-09-04;1746008,1286172867;0,8935016001187026
2020-09-07;1773420,2754907608;0,8951477692866558
2020-09-08;1746343,328751564;0,8935220418482026
2020-09-09;1758718,7619638443;0,8942712866326366
2020-09-10;1778680,1521539688;0,8954578361644734
2020-09-11;1778518,3727731705;0,8954483266947982
2020-09-14;1783649,4043359756;0,895749090922549
2020-09-15;1800241,1314020157;0,8967099081151061
2020-09-16;1798022,8881921768;0,8965824778435162
2020-09-17;1798436,8594141006;0,8966062828927684
2020-09-18;1797928,9221582413;0,896577072883244
2020-09-21;1752648,5173387527;0,4969046485029666
2020-09-22;1762708,7218141556;0,49977593520169916
2020-09-23;1806304,5128297806;0,511849017915626
2020-09-24;1794748,130932808;0,5087058141004938
2020-09-25;1832695,339917183;0,5188783958379359
2020-09-28;1819666,9580202103;0,5154336797758675
2020-09-29;1806051,9399843216;0,5117807509517425
2020-09-30;1807251,521847725;0,5121048115207572
2020-10-01;1811667,521847725;0,9132579850765369
2020-10-02;1765806,3506822586;0,9110051387255735
2020-10-05;1805353,9348745346;0,9129546355532828
2020-10-06;1787092,223666191;0,912065147430342
2020-10-07;1864797,2048025131;0,7362866106196573
2020-10-08;1913589,3879461288;0,7430107030885644
2020-10-09;1943304,396071434;0,7469403185730339
2020-10-12;2017203,4124212265;0,7562110056143562
2020-10-13;2003252,8151006699;0,7545132657853039
2020-10-14;2007170,9733495712;0,7549924755215098
2020-10-15;1984744,5767889023;0,7522240407473022
2020-10-16;1962247,2150335312;0,7493832644440489
2020-10-19;1956268,9880132675;0,7486173964834509
2020-10-20;1928405,594824791;0,7449851873977057
2020-10-21;1910035,0094213486;0,7425324724626676
2020-10-22;1905456,7750692368;0,7419138561316402
2020-10-23;1910525,9677038193;0,7425986352980588
2020-10-26;1833794,431670189;0,5585772371194697
2020-10-27;1863403,7865133286;0,5655914137120938
2020-10-28;1814280,4136343002;0,553829386846949
2020-10-29;1818716,2136678696;0,5549175849978912
2020-10-30;1824048,4226522446;0,5562186866696389
2020-11-02;1801816,6226186752;0,9506513626235655
2020-11-03;1823704,182250023;0,9512436304122865
2020-11-04;1913288,0236196518;0,9535264978242937
2020-11-05;2094462,7760915756;0,9575465383565483
2020-11-06;2101611,448805809;0,9576909446420432
2020-11-09;1929803,8051137924;0,783437577469337
2020-11-10;1841445,2145681381;0,7730462010283878
2020-11-11;1859872,187010765;0,7752947810268451
2020-11-12;1868478,0149374008;0,7763297273485255
2020-11-13;1899392,5500326157;0,7799701872911116
2020-11-16;1895005,5775899887;0,7794608142653404
2020-11-17;1886595,168135643;0,7784776542932996
2020-11-18;1870257,5874471664;0,7765425522936741
2020-11-19;1855275,3827199936;0,774738030301667
2020-11-20;1858951,195693016;0,7751834539752224
2020-11-23;1777188,6231832504;0,7648403880192737
2020-11-24;1647713,587111473;0,0
2020-11-25;1647713,587111473;0,0
2020-11-26;1647713,587111473;0,0
2020-11-27;1647713,587111473;0,0
2020-11-30;1647713,587111473;0,0
2020-12-01;1647713,587111473;0,9997286209289864
2020-12-02;1612402,521803856;0,9997226778198867
2020-12-03;1577180,9520711899;0,9997164846671655
2020-12-04;1582574,934668541;0,9997174509890361
2020-12-07;1554270,5433797836;0,8156298102649263
2020-12-08;1557305,560347557;0,8159891274525389
2020-12-09;1570880,2329244614;0,8175792469874776
2020-12-10;1560151,436217308;0,8163247821138737
2020-12-11;1568259,1497030258;0,817274361168668
2020-12-14;1631989,5888357162;0,8244099368385043
2020-12-15;1628307,5616903305;0,8240128820103921
2020-12-16;1622829,643187523;0,8234188313076964
2020-12-17;1663532,1444234848;0,8277393340770834
2020-12-18;1691812,749007225;0,8306188701138917
2020-12-21;1673277,2501211166;0,828742573914858
2020-12-22;1692606,1385183334;0,8306982655554969
2020-12-23;1700126,5437612534;0,8314471613691785
2020-12-28;1694224,9493551254;0,830860031254031
2020-12-29;1721075,760802269;0,8334988142247799
2020-12-30;1719451,9452962875;0,8333415738855162
2021-01-04;1734367,6549825668;0,9998358769712463
2021-01-05;1759149,05564785;0,9998381889973482
2021-01-07;1693736,0609884262;0,782632809118053
2021-01-08;1675834,4421377182;0,7803108466950501
2021-01-11;1653917,4646596909;0,7773996238994543
2021-01-12;1653039,0604543686;0,4215293045043183
2021-01-13;1644795,4611501694;0,4186300500161321
2021-01-14;1649019,8310079575;0,4201193721253966
2021-01-15;1616047,4546346664;0,40828801020652017
2021-01-18;1632858,0669698715;0,41437980781938305
2021-01-19;1624803,0426473618;0,2119508510420342
2021-01-20;1621569,4611501694;0,21037939745463052
2021-01-21;1630057,6549825668;0,2144911862051525
2021-01-22;1617123,267317772;0,2082083778892548
2021-01-25;1613081,267317772;0,20622433542257035
2021-01-26;1619952,6549825668;0,2095913105581804
2021-01-27;1603784,6549825668;0,20162307888119488
2021-01-28;1611868,6549825668;0,2056271762438266
2021-01-29;1597317,4611501694;0,19839062295069368
2021-02-01;1597721,6549825668;0,9992219332084081
2021-02-02;1623305,619750023;0,9992341958613187
2021-02-03;1650541,9747991562;0,9992468327489215
2021-02-04;1650488,4630727768;0,9992468083299202
2021-02-05;1674894,2695913315;0,9992577835004162
2021-02-08;1704086,1411123276;0,9992704980505634
2021-02-09;1668230,684767723;0,999254818788972
2021-02-10;1714911,5883169174;0,8174712439483044
2021-02-11;1823639,5723714828;0,828353867893386
2021-02-12;1856481,8916082382;0,8313903947196813
2021-02-15;1865871,5728826523;0,8322388938749264
2021-02-16;1843947,489706993;0,8302442554891495
2021-02-17;1865730,7850255966;0,8322262346387611
2021-02-18;1836057,7621297836;0,8295147977310758
2021-02-19;1881946,8756628036;0,8336718836211136
2021-02-22;1911923,0728826523;0,836279668678209
2021-02-23;1854537,1789541245;0,8312135865991891
2021-02-24;1885397,376173973;0,6573332630162919
2021-02-25;1885847,1480855942;0,657414988554599
2021-02-26;1866903,876173973;0,6539388154599478
2021-03-01;1897000,96681118;0,9999994030749001
2021-03-02;1950229,2255119085;0,9999994193669764
2021-03-03;1933309,661829114;0,9999994142855053
2021-03-04;1903420,2418824434;0,9999994050880269
2021-03-05;1826964,949001789;0,8110305582810927
2021-03-08;1825266,2230246067;0,8108546895253506
2021-03-09;1848352,4287428856;0,8132171435034782
2021-03-10;1816437,073765397;0,8099353115837858
2021-03-11;1856579,7134530544;0,8140448568131952
2021-03-12;1823906,7544230223;0,6125011023100949
2021-03-15;1825015,9031625986;0,6127366037724192
2021-03-16;1838326,7035934925;0,43338830409881635
2021-03-17;1815870,2798454762;0,42638115579920216
2021-03-18;1827657,598571062;0,4300806606456698
2021-03-19;1838158,3344757557;0,4333364043742121
2021-03-22;1830428,3200905323;0,24278460612082645
2021-03-23;1835643,9107277393;0,2449360721516753
2021-03-24;1839785,6826393604;0,246635891101975
2021-03-25;1841626,5013649464;0,24738892476966823
2021-03-26;1846842,0920021534;0,24951434268949385
2021-03-29;1830274,9107277393;0,24272113809731197
2021-03-30;1833189,5013649464;0,24392513685413061
2021-03-31;1857580,0920021534;0,2538526293792022
2021-04-01;1858500,5013649464;0,9999994751833129
2021-04-06;1957453,924046278;0,999999501713903
2021-04-07;2032015,0575277805;0,9999995199976139
2021-04-08;2285642,3795850277;0,999999573261292
2021-04-09;2571210,6574628353;0,9999996206564898
2021-04-12;2386684,030566931;0,9999995913275224
2021-04-13;2179678,2838790417;0,8362001499490397
2021-04-14;2287936,497931242;0,8439506619254731
2021-04-15;2272358,235201597;0,8428808580760389
2021-04-16;2237965,664608717;0,8404662852049858
2021-04-19;2386923,546847105;0,8504221148891321
2021-04-20;2438835,9279544353;0,8536059880181526
2021-04-21;2381894,2945888042;0,8501062885662787
2021-04-22;2442416,220526457;0,8538205842811819
2021-04-23;2521184,8041226864;0,8583876217741364
2021-04-26;2721720,0809733868;0,868821566716356
2021-04-27;2918645,475759268;0,8776723726728605
2021-04-28;3386443,190566778;0,8945705107195475
2021-04-29;3019181,8450295925;0,8817457859828837
2021-04-30;2693257,578037977;0,8674352653938073
2021-05-03;2616943,308964491;0,9455933380170268
2021-05-04;2623261,73244071;0,9457243826345291
2021-05-05;2928415,3672044277;0,951380138338997
2021-05-06;2851846,8362061977;0,9500747556874966
2021-05-07;3026281,7066380978;0,9529524466519002
2021-05-10;2967781,14407897;0,7997446168747475
2021-05-11;2787757,7003819942;0,786812838878358
2021-05-12;2763354,177304983;0,7849301566478708
2021-05-14;2734397,6894328594;0,7826526286442624
2021-05-17;2676291,2511746883;0,7779336797597886
2021-05-18;2828858,2579762936;0,3447008179760197
2021-05-19;2823668,6655385494;0,34349645015447045
2021-05-20;2843648,3253285885;0,34810908718839445
2021-05-21;2839801,3034780025;0,3472259836477653
2021-05-24;2881986,5166738033;0,35678099401619684
2021-05-25;2887102,651378393;0,35792082015905824
2021-05-26;2885387,673228979;0,35753918972033505
2021-05-27;2916228,1764638424;0,36433351907275513
2021-05-28;2910283,6129567623;0,36303510274371736
2021-05-31;2954607,9768178463;0,372590706767752
2021-06-01;2975390,302867651;0,9768966768016609
2021-06-02;2969979,3150708675;0,9768545849933924
2021-06-03;2965796,8772199154;0,976821944774319
2021-06-04;3008017,081191778;0,9771472694626055
2021-06-07;3014834,990768194;0,9771989498533584
2021-06-08;3024494,0074956417;0,7895808047447336
2021-06-09;3021378,2076756954;0,7893638097028604
2021-06-10;3043629,1526982784;0,6028944687611002
2021-06-11;3053564,841235876;0,6041865706420447
2021-06-14;3042860,9606969357;0,60279421663104
2021-06-15;2994462,6270024776;0,5963743341868557
2021-06-16;2996471,6636235714;0,5966449520450774
2021-06-17;2969140,598636389;0,5929320517419975
2021-06-18;2963799,4863927364;0,5921984678364662
2021-06-21;2956816,1383550167;0,5912353304967879
2021-06-22;2954861,931674719;0,5909649927733058
2021-06-23;2939216,7719762325;0,5887877399516194
2021-06-24;2969461,1307561398;0,5929759918195375
2021-06-28;2942996,6891362667;0,589315891506771
2021-06-29;2969333,2937352657;0,592958468445944
2021-06-30;2924360,3265111446;0,45258524944961853
2021-07-01;2939862,9896275997;0,9999992182335682
2021-07-02;2962178,944593191;0,9999992241231058
2021-07-05;2931024,385299444;0,9999992158761247
2021-07-06;2898393,2302434444;0,9999992070481757
2021-07-07;2849563,2431361675;0,6891553141801138
2021-07-08;2823666,222956419;0,6863044279684224
2021-07-09;2838231,036024809;0,6879142043781049
2021-07-12;2873028,937220335;0,691694163062087
2021-07-13;2937262,2212855816;0,6984363246094952
2021-07-14;2893985,676722288;0,6939267536252017
2021-07-15;2852148,6461856365;0,6894370872916606
2021-07-16;2888271,892779112;0,6933212578597427
2021-07-19;2844285,1065204144;0,6885784800525233
2021-07-20;2863769,7058475018;0,6906973388160681
2021-07-21;2901341,854922056;0,6947027839777419
2021-07-22;2946105,0909450054;0,6993414818232319
2021-07-23;2940249,952227354;0,6987427581231481
2021-07-26;2928833,6968562603;0,6975684921997025
2021-07-27;2884026,782618284;0,6928698456009469
2021-07-28;2871944,7347590923;0,6915777729577866
2021-07-29;2891588,6044642925;0,6936730246934073
2021-07-30;2863478,8952815533;0,6906659265077405
2021-08-02;2873888,3533427715;0,8865266792835582
2021-08-03;2843230,9345424175;0,8853031419783021
2021-08-04;2923433,832480192;0,888449791064556
2021-08-05;2934911,860808134;0,888886048273928
2021-08-06;2894672,364222288;0,8873414280480316
2021-08-09;2888325,1187694073;0,8870938549462698
2021-08-10;2905157,519491911;0,8877480299659809
2021-08-11;2919931,264979124;0,888315982388564
2021-08-12;2881733,550638914;0,8868355977082584
2021-08-13;2869948,292677641;0,8863708953732218
2021-08-16;2866728,509207487;0,8862432721568514
2021-08-17;2827826,89255023;0,8846783529496692
2021-08-18;2903128,0985019207;0,6587321471660561
2021-08-19;2849928,3825671673;0,652361687845224
2021-08-20;2871569,5767428875;0,6549816167778861
2021-08-23;2912033,3499286175;0,6597757739615424
2021-08-24;2885803,0303714275;0,6566833279157921
2021-08-25;2913395,7354266644;0,6599348723449178
2021-08-26;2930591,246306181;0,6619302354340922
2021-08-27;2927843,2027881145;0,4474336025310408
2021-08-30;2919216,7027881145;0,4458007281975892
2021-08-31;2916210,0549838543;0,44522934205178
2021-09-01;2923860,0549838543;0,9999926114105253
2021-09-02;2935177,1096332073;0,9999926398984386
2021-09-03;2935804,6032016277;0,9999926414715734
2021-09-06;2907155,8351352215;0,9999925689564465
2021-09-07;2901807,3387744427;0,9999925552598413
2021-09-08;2862291,346758604;0,9999924524798455
2021-09-09;2916993,4199397564;0,9999925940177032
2021-09-10;2941323,0897357464;0,8040759292005949
2021-09-13;2879892,119200468;0,7998966734082732
2021-09-14;2876044,9932773113;0,6592894076525915
2021-09-15;2840444,887007475;0,6550191845793301
2021-09-16;2879253,455137968;0,6596690744509824
2021-09-17;2920704,455137968;0,6644990931713346
2021-09-20;2854401,4932773113;0,6567059695052815
2021-09-21;2860528,3836123943;0,6574412619392177
2021-09-22;2882106,5314166546;0,6600059773655704
2021-09-23;2917716,747351408;0,6641555441710282
2021-09-24;2861778,188444853;0,6575908652760374
2021-09-27;2803673,7392032146;0,6504946422347302
2021-09-28;2771699,1029422283;0,6464627086550904
2021-09-29;2756860,455137968;0,644559813881377
2021-09-30;2770309,4932773113;0,6462853714881949
2021-10-01;2782351,4725100994;0,8414151389330323
2021-10-04;2723411,210219145;0,8379830339054887
2021-10-05;2721654,168585539;0,8378784392225697
2021-10-06;2662834,1117618084;0,8342972925881775
2021-10-07;2709834,7475879192;0,8371713175129063
2021-10-08;2720035,3785312176;0,837781954900252
2021-10-11;2654439,643694639;0,8337732700927646
2021-10-12;2702570,4703509808;0,8367336480035676
2021-10-13;2761605,4272067547;0,8402237997649863
2021-10-14;2800186,0878283978;0,6480620248807263
2021-10-15;2810812,8520343304;0,45934424805276364
2021-10-18;2846658,9201648235;0,4661523636236735
2021-10-19;2848781,4201648235;0,4665501096915846
2021-10-20;2828793,9201648235;0,4627808956790212
2021-10-21;2854789,567969084;0,4676728004226634
2021-10-22;2873926,8520343304;0,47121753115467824
2021-10-25;2898591,636099577;0,47571706301322864
2021-10-26;2882533,8520343304;0,47279643046444336
2021-10-27;2861925,067969084;0,4690000262033438
2021-10-28;2940751,8520343304;0,48323346798258304
2021-10-29;2914576,567969084;0,4785924813913838
2021-11-01;2970633,067969084;0,9999889592624469
2021-11-02;2956891,7791736126;0,9999889079538518
2021-11-03;3007789,485152006;0,9999890956530595
2021-11-04;3058621,717825651;0,9999892768759605
2021-11-05;3187769,968230009;0,9999897113090351
2021-11-08;3149726,223231077;0,9999895870378104
2021-11-09;3244289,17462039;0,9999898905497306
2021-11-10;3130745,5838115215;0,999989523907583
2021-11-11;3176511,4927356243;0,8057317597020166
2021-11-12;3195574,0078647137;0,8068906254521659
2021-11-15;3209641,757582426;0,8077370172162516
2021-11-16;3199836,266379118;0,6267341172359643
2021-11-17;3214953,961275816;0,6284893273568376
2021-11-18;3217301,581904173;0,6287604135750702
2021-11-19;3226554,4340999126;0,6298250244758175
2021-11-22;3214157,924605131;0,6283973169062276
2021-11-23;3130414,3922183514;0,6184563578421386
2021-11-24;3117795,830225706;0,6169121476489009
2021-11-25;3136494,088042021;0,6191959317812762
2021-11-26;3091790,7034595013;0,613689986410161
2021-11-29;3171644,1448237896;0,6234162301531669
2021-11-30;3155441,150034666;0,6214824958287509
2021-12-01;3189757,2978389263;0,9999809703236033
2021-12-02;3090115,5815799236;0,9999803567059032
2021-12-03;3057110,741328001;0,9999801446351481
2021-12-06;2984288,2228877544;0,9999796601250857
2021-12-07;3115070,614561796;0,9999805140696079
2021-12-08;3171837,331099272;0,9999808628114164
2021-12-09;3127014,3727633953;0,9999805884969092
2021-12-10;3146605,9499537945;0,9999807093579154
2021-12-13;3141866,775412321;0,9999806802600171
2021-12-14;3090113,8259265423;0,9999803566947428
2021-12-15;3149079,3745524883;0,9999807245096289
2021-12-16;3162953,863844633;0,8100531518196833
2021-12-17;3156643,5949237347;0,8096734397436597
2021-12-20;3139987,9044673443;0,8086638752581568
2021-12-21;3186364,9014422894;0,811448739877502
2021-12-22;3237320,663054228;0,8144165561868596
2021-12-23;3276085,464361906;0,8166125017455669
2021-12-27;3345616,508780241;0,820423794598
2021-12-28;3336017,2971293926;0,8199070736551579
2021-12-29;3395812,2275722027;0,8230782277951296
2021-12-30;3360539,443926573;0,8212212273053832
2022-01-03;3395004,091128111;0,9655438780202139
2022-01-04;3329504,374453306;0,7705820798153621
2022-01-05;3323643,3572108746;0,7701775170384902
2022-01-07;3186118,391695738;0,5583780023679986
2022-01-10;2996746,709231138;0,32457569824782717
2022-01-11;3012688,509611845;0,3281497416168838
2022-01-12;3041478,5363681316;0,33450934162187523
2022-01-13;3047056,6393687725;0,3357276240096836
2022-01-14;3004687,5449893475;0,32636072027324914
2022-01-17;2999893,1062304974;0,3252841078214595
2022-01-18;2975379,459231138;0,3197252379588584
2022-01-19;2972457,5976092815;0,31905654255976357
2022-01-20;2980979,5449893475;0,3210032061398139
2022-01-21;2951702,2863681316;0,314268392527808
2022-01-24;2903342,750990629;0,20997693379922386
2022-01-25;2912947,7337481976;0,21258190945361907
2022-01-26;2915772,7337481976;0,21334481394204055
2022-01-27;2920292,750990629;0,2145623956395002
2022-01-28;2923117,750990629;0,21532146914297656
2022-01-31;2929897,7337481976;0,21713726866668168
2022-02-01;2935547,7337481976;0,9998961567511971
2022-02-02;2957053,915583372;0,9998969119865952
2022-02-03;2952691,365130186;0,8031169651935305
2022-02-04;2947408,2621104717;0,8027640607896555
2022-02-07;3021903,532885313;0,807626275793579
2022-02-08;3030771,7824237347;0,8081891747227534
2022-02-09;3060883,36381793;0,8100761225711743
2022-02-10;3116508,2892940044;0,8134659744654873
2022-02-11;3116349,0589129925;0,8134564434779772
2022-02-14;3048474,8617351055;0,8093030570431508
2022-02-15;3079968,115561247;0,8112529691860935
2022-02-16;3025588,928309202;0,6241048418759841
2022-02-17;2980057,5115687847;0,6183616510050671
2022-02-18;2924224,9460704327;0,6110749858168859
2022-02-21;2859086,0068957806;0,602214055162379
2022-02-22;2883999,7640635967;0,6056503739020487
2022-02-23;2845290,735239744;0,6002854068516728
2022-02-24;2797819,5526912212;0,5935033667446185
2022-02-25;2840061,5365321636;0,5995494414484567
2022-02-28;2827361,5129687786;0,4184483559409392
2022-03-01;2787795,611021757;0,6101873754401239
2022-03-02;2802173,9730784893;0,6121875606905954
2022-03-03;2756367,950754881;0,605742795126
2022-03-04;2666458,041617155;0,5924488940355419
2022-03-07;2677552,4281527996;0,5941375741357178
2022-03-08;2701208,913515806;0,5976920117391226
2022-03-09;2773146,7377460003;0,6081282288177172
2022-03-10;2805916,682558775;0,6127048494975648
2022-03-11;2829044,8966166973;0,6158710930432674
2022-03-14;2856757,5583941936;0,6195974276235932
2022-03-15;2822708,2360942364;0,6150087671219682
2022-03-16;2927860,1348674297;0,6288354382344497
2022-03-17;2918330,7836635113;0,6276234586044119
2022-03-18;2970573,049063444;0,6341722940590494
2022-03-21;2937325,7893321514;0,6300315314645512
2022-03-22;2940599,411741972;0,630443398876579
2022-03-23;2907849,0066554546;0,6262811716214887
2022-03-24;2871554,694052458;0,6215576439760327
2022-03-25;2886453,647238493;0,4140858978510088
2022-03-28;2880011,483175993;0,4127752937806341
2022-03-29;2935089,0692355633;0,4237946933730038
2022-03-30;2948636,7094638348;0,42644209383666515
2022-03-31;2943635,17058444;0,42546755996917823
2022-04-01;2928275,8815829754;0,9999786744516288
2022-04-04;2975956,506094694;0,9999790161284854
2022-04-05;2987790,5470569134;0,9999790992414048
2022-04-06;2895293,5340030193;0,999978431517142
2022-04-07;2873663,60670352;0,9999782691722123
2022-04-08;2879286,3540103436;0,9999783116087534
2022-04-11;2858779,482016325;0,9999781560314989
2022-04-12;2974454,2385623455;0,9999790055304442
2022-04-13;2990485,7746493816;0,8277008296851692
2022-04-14;2990271,3177936077;0,8276884727000026
2022-04-19;3021582,4760348797;0,829474051462415
2022-04-20;3017951,142447233;0,8292688670259342
2022-04-21;3032196,327681303;0,8300709577719176
2022-04-22;3006846,241316557;0,8286383218635134
2022-04-25;2982293,61488986;0,8272275354653765
2022-04-26;2888351,6230380535;0,8216082094366237
2022-04-27;2821905,2000262737;0,6474374058344946
2022-04-28;2880606,870161772;0,6546220075651906
2022-04-29;2893468,933378935;0,6561572836213001
2022-05-02;2868394,763167143;0,8304107264483315
2022-05-03;2935212,7572009563;0,834271303519133
2022-05-04;2950424,75967288;0,8351257789068786
2022-05-05;2853110,0839984417;0,6314589482928465
2022-05-06;2833816,775236845;0,6289498318375968
2022-05-09;2756072,704397917;0,6184831447605895
2022-05-10;2795496,832648039;0,6238635727599638
2022-05-11;2833878,170500517;0,628957870546934
2022-05-12;2816898,3652026653;0,6267212889246645
2022-05-13;2874574,4408404827;0,6342108327222059
2022-05-16;2881445,35871768;0,6350830711358654
2022-05-17;2904392,381613493;0,6379662067530518
2022-05-18;2867617,5776736736;0,6333234252783176
2022-05-19;2894603,7410953045;0,6367419221965103
2022-05-20;2912665,2452380657;0,6389944938876326
2022-05-23;2890291,0128695965;0,45357468021012515
2022-05-24;2854888,6828525066;0,44679867888401864
2022-05-25;2839787,1380984783;0,44385684060440217
2022-05-27;2885303,9952380657;0,45263022766418737
2022-05-30;2881545,9025714397;0,4519163517111747
2022-05-31;2873411,9952380657;0,4503648646242178
2022-06-01;2883414,0757129192;0,9999228075477441
2022-06-02;2890715,77870059;0,9999230025293343
2022-06-03;2856964,0808398724;0,9999220928940388
2022-06-07;2893039,577704191;0,8589388921857578
2022-06-08;2921444,129332304;0,8603103979692842
2022-06-09;2905773,8806598186;0,8595570803022244
2022-06-10;2851499,681273222;0,8568839511147404
2022-06-13;2777512,250967741;0,8530716227663039
2022-06-14;2705105,4272449017;0,849138830719423
2022-06-15;2718000,4302814007;0,8498545610093411
2022-06-16;2623201,6186511517;0,844428516329125
2022-06-17;2636189,0552432537;0,8451949540683668
2022-06-20;2658939,732825041;0,6353419771162392
2022-06-21;2655395,3965671062;0,6348552433311598
2022-06-22;2646228,781286955;0,6335903710232107
2022-06-23;2649211,6574008465;0,6340029294260553
2022-06-27;2696945,4247500896;0,6404807835409194
2022-06-28;2699708,064299345;0,6408486833221
2022-06-29;2701036,179053068;0,6410252800541979
2022-06-30;2666169,3694980145;0,6363307908973498
2022-07-01;2668432,1786105633;0,6366391794735734
2022-07-04;2662386,7048022747;0,6358140971068802
2022-07-05;2682281,3855884075;0,6385152910695258
2022-07-06;2714243,799818754;0,6427720656472345
2022-07-07;2748926,9218051434;0,6472791989310713
2022-07-08;2731420,1144092083;0,645018464635282
2022-07-11;2723953,740042448;0,6440454580098909
2022-07-12;2724137,370459318;0,6440694524242846
2022-07-13;2708599,410055876;0,6420276463402713
2022-07-14;2711502,7362048626;0,6424109432040794
2022-07-15;2650771,2943332195;0,6342182714850356
2022-07-18;2694397,9820849895;0,6401408728829465
2022-07-19;2590667,0048816204;0,6257320203206277
2022-07-20;2608379,1550433636;0,6282734800788825
2022-07-21;2704823,971106291;0,6415279824873482
2022-07-22;2721716,9648501873;0,6437529256491132
2022-07-25;2700319,4247500896;0,6409299962619089
2022-07-26;2698483,542120695;0,6406857070630646
2022-07-27;2678334,8596713543;0,46104360299586283
2022-07-28;2685458,1406009197;0,4624732055529102
2022-07-29;2689436,498007536;0,46326834375584885
2022-08-01;2679181,759711027;0,9999941436100515
2022-08-02;2628870,5768039227;0,8007823293648052
2022-08-03;2679184,973623991;0,8045235853932573
2022-08-04;2688734,503653288;0,805217855462976
2022-08-05;2645596,522726774;0,8020418199777148
2022-08-08;2653288,35972476;0,8026156973128219
2022-08-09;2587572,2546679974;0,7976027638387726
2022-08-10;2658171,7258594036;0,8029783149006458
2022-08-11;2669033,1670672894;0,8037800806770286
2022-08-12;2701690,6783549786;0,806151948885887
2022-08-15;2690639,6771113873;0,8053557757408342
2022-08-16;2690266,1557719707;0,8053287509904395
2022-08-17;2741493,772993803;0,8089663825351822
2022-08-18;2762913,5588748455;0,8104473912945889
2022-08-19;2713401,775095701;0,8069886009808456
2022-08-22;2636489,0149867535;0,8013579917324595
2022-08-23;2629778,9902751446;0,6757693418856205
2022-08-24;2646558,49625659;0,6778250040880217
2022-08-25;2652292,975703001;0,6785215733996058
2022-08-26;2634330,7493846416;0,6763295676097424
2022-08-29;2632654,495524168;0,6761234813904007
2022-08-30;2612372,2627055645;0,673608932048143
2022-08-31;2624300,874994993;0,6750925243227284
2022-09-01;2586230,646937132;0,6703097715889818
2022-09-02;2646923,3450877666;0,6778694123142406
2022-09-05;2608814,4592540264;0,673163812134003
2022-09-06;2611284,59832263;0,6734729821253551
2022-09-07;2613932,706019163;0,6738037782117152
2022-09-08;2620082,7286937237;0,6745694464627151
2022-09-09;2611693,180704832;0,6735240651498857
2022-09-12;2637282,7847850323;0,6766918672387349
2022-09-13;2599063,8055827618;0,6719376527498924
2022-09-14;2589961,506235838;0,6707846928769616
2022-09-15;2593664,7677104473;0,6712547499093501
2022-09-16;2555794,06518054;0,6663835383575605
2022-09-19;2537846,4526469707;0,664024207680902
2022-09-20;2516333,6939189434;0,6611518675870243
2022-09-21;2506310,301234007;0,6597967249735737
2022-09-22;2481906,1135509014;0,6564515603322433
2022-09-23;2444555,9699656963;0,6512025156354905
2022-09-26;2457140,1135509014;0,6529888678264765
2022-09-27;2490354,427088499;0,6576170189119921
2022-09-28;2498322,787775755;0,6587090439696973
2022-09-29;2454088,3802440166;0,652557348962511
2022-09-30;2478298,189814329;0,6559514201250504
2022-10-03;2497767,50898242;0,855074690256392
2022-10-04;2595666,0153853893;0,8605407137277439
2022-10-05;2535825,467140913;0,8572497458530012
2022-10-06;2666966,037256956;0,8642690889760586
2022-10-07;2661143,0055606365;0,863972086749793
2022-10-10;2672765,8721015453;0,8645636216455533
2022-10-11;2660415,5520350933;0,8639348918142159
2022-10-12;2652943,3340518475;0,8635516540212227
2022-10-13;2707202,394552946;0,8662864178034334
2022-10-14;2742308,0221583843;0,8679981508343155
2022-10-17;2789680,8455970287;0,8702397335243105
2022-10-18;2802107,3938014507;0,8708151833482343
2022-10-19;2750612,8514506817;0,8683966994061404
2022-10-20;2787446,5284717083;0,8701357223504237
2022-10-21;2778350,5296103954;0,8697105616987937
2022-10-24;2846564,537157774;0,872832769051414
2022-10-25;2897994,305239439;0,8750895647888829
2022-10-26;2728904,0881717205;0,702252383905182
2022-10-27;2707551,940420866;0,6999043029703678
2022-10-28;2712957,102301359;0,7005021988312012
2022-10-31;2744442,3020846844;0,7039381421182229
2022-11-01;2752933,3637759686;0,9048219981274604
2022-11-02;2787266,889113188;0,9059943997914707
2022-11-03;2779650,898924589;0,9057368330124416
2022-11-04;2803772,6573398113;0,9065478093715893
2022-11-07;2833334,1028125286;0,9075228379906376
2022-11-08;2888682,7365558147;0,9092947475551256
2022-11-09;2871296,741804838;0,7130508069192947
2022-11-10;2924699,0112445354;0,7182902308960816
2022-11-11;2925581,803007841;0,24714161790057024
2022-11-14;2958506,803007841;0,25552012228846704
2022-11-15;2980895,7628161907;0,26111177372027067
2022-11-16;2905826,803007841;0,2420233784642145
2022-11-17;2848208,053007841;0,22668964418311321
2022-11-18;2868292,2728641033;0,2321044812101091
2022-11-21;2855780,7628161907;0,22874024099104814
2022-11-22;2854463,782912016;0,22838440056679962
2022-11-23;2855451,5429599285;0,2286513184430092
2022-11-24;2888047,2728641033;0,23735708774332914
2022-11-25;2876194,303007841;0,23421419039435065
2022-11-28;2869609,303007841;0,23245691300088542
2022-11-29;2953238,782912016;0,254192110825454
2022-11-30;2946653,782912016;0,2525254253876551
2022-12-01;2939410,2929599285;0,999991418152972
2022-12-02;2972028,5721690655;0,9999915123395102
2022-12-05;2991618,49386096;0,9999915679189916
2022-12-06;2904384,9920909405;0,9999913146605718
2022-12-07;2840992,3024508953;0,9999911208596148
2022-12-08;2797907,747854948;0,9999909841310866
2022-12-09;2803336,8544108868;0,999991001591747
2022-12-12;2834790,894591093;0,803461304607873
2022-12-13;2938043,6356761456;0,810368335797642
2022-12-14;2919945,3472583294;0,809192968404171
2022-12-15;2879300,73220706;0,8064995094467445
2022-12-16;2894635,815558195;0,8075246284393206
2022-12-19;2859178,595572233;0,805137704585779
2022-12-20;2848179,023840666;0,6617273366358757
2022-12-21;2881872,9875934124;0,6656823155357104
2022-12-22;2860555,4003818035;0,6631908950255538
2022-12-23;2863076,0309131145;0,6634874192198315
2022-12-27;2888945,0840365887;0,6665007204684505
2022-12-28;2871639,9305255413;0,664490978172152
2022-12-29;2931548,287787199;0,6713473531559473
2022-12-30;2903143,7993228436;0,6681318009954793
2023-01-02;2948378,0108172894;0,9999927573288311
2023-01-03;3011385,0991733074;0,9999929088669464
2023-01-04;3076035,4910190105;0,999993057904411
2023-01-05;3119720,038695097;0,9999931551125906
2023-01-09;3208361,612028837;0,9999933442251853
2023-01-10;3172596,5287082195;0,9999932691937911
2023-01-11;3073414,0630176067;0,9999930519832421
2023-01-12;3151318,4037692547;0,9999932237464839
2023-01-13;3058603,063833952;0,8287328693704378
2023-01-16;3078421,0318439007;0,6408790638163214
2023-01-17;3091883,8138110638;0,642442759981775
2023-01-18;3093725,4573657513;0,6426556078881539
2023-01-19;3024012,7201144695;0,6344177272900295
2023-01-20;3062473,76030612;0,6390090072762612
2023-01-23;3079100,514136076;0,6409583130372436
2023-01-24;3098235,402731657;0,6431757761374148
2023-01-25;3074997,4509646893;0,640479232730264
2023-01-26;3078375,6713855267;0,6408737721001646
2023-01-27;3093040,922827482;0,6425765224235381
2023-01-30;3068795,3660571575;0,6397526354636979
2023-01-31;3060174,0020816326;0,6387377181260634
2023-02-01;3096778,0921313763;0,9080424413254241
2023-02-02;3190191,083502531;0,910735079606373
2023-02-03;3244035,9074733257;0,9122167074497298
2023-02-06;3179693,105517149;0,9104403652619184
2023-02-07;3212515,641417265;0,9113554033985406
2023-02-08;3168479,968996763;0,910123416939423
2023-02-09;3198254,5881602764;0,9109601361431577
2023-02-10;2896196,0830028057;0,7081914648885652
2023-02-13;2967298,2758853436;0,7151837605121232
2023-02-14;2937154,9411838055;0,7122607580123449
2023-02-15;2935645,6168468;0,48456035762245825
2023-02-16;2933516,872530699;0,4841863222046705
2023-02-17;2921956,1268947124;0,4821455007598627
2023-02-20;2931796,4690425396;0,4838836382837744
2023-02-21;2899145,250902891;0,4780709499037803
2023-02-22;2909546,782366514;0,47993682862731785
2023-02-23;2924172,762270689;0,4825380543796197
2023-02-24;2898421,7522227764;0,4779406669390708
2023-02-27;2934606,636942625;0,48437786930409094
2023-02-28;2955140,684534788;0,48796071374418537
2023-03-01;2945972,782366514;0,9999995268396338
2023-03-02;2947240,1171103716;0,9999995270430961
2023-03-03;3004869,9722682238;0,9999995361138507
2023-03-06;3011874,6473218203;0,9999995371927043
2023-03-07;2956063,7942146063;0,7253334262939656
2023-03-08;2963256,637575507;0,6183229815144541
2023-03-09;2960100,7904075384;0,617916064850748
2023-03-10;2933872,622896552;0,6145003196080464
2023-03-13;2904647,856905341;0,6106216608156017
2023-03-14;2944721,803224921;0,6159206084599578
2023-03-15;2856633,0779441595;0,6040769228747858
2023-03-16;2889190,978792548;0,608538526272848
2023-03-17;2862832,2106956244;0,604934248604634
2023-03-20;2910041,2982200384;0,611343330718668
2023-03-21;2901231,803224921;0,6101631875191322
2023-03-22;2881635,706179023;0,6075121653954619
2023-03-23;2913483,3346885443;0,6118024960117955
2023-03-24;2888569,1974509954;0,6084542619109228
2023-03-27;2915988,0076316595;0,6121359362667895
2023-03-28;2896536,233156562;0,6095312237110238
2023-03-29;2933642,143007636;0,6144700330498424
2023-03-30;2998259,4854148626;0,6227788275367272
2023-03-31;3047987,2400535345;0,6289331715124048
2023-04-03;3030222,5150169134;0,9999742408172866
2023-04-04;3108660,1361488104;0,9999748907722272
2023-04-05;3054895,210977912;0,9999744488599327
2023-04-06;3059783,6535133123;0,9999744896815378
2023-04-11;3104214,657099128;0,9999748548138422
2023-04-12;3082015,2839607;0,9999746736961906
2023-04-13;3141312,5900062323;0,9999751517707359
2023-04-14;3182362,4101279974;0,825786193635765
2023-04-17;3169606,4632667303;0,825085077556455
2023-04-18;3142424,8066505194;0,8235720811758098
2023-04-19;3146913,5363868475;0,8238237364044609
2023-04-20;3152807,237940192;0,8241530715778647
2023-04-21;3121088,8719352484;0,8223660102459391
2023-04-24;3137455,5832847357;0,8232926478218308
2023-04-25;3096779,0285896063;0,8209715760858275
2023-04-26;3086783,4127067327;0,8203918466010196
2023-04-27;3206243,919092536;0,8270838143668825
2023-04-28;3137932,048212409;0,8233194791408273
2023-05-02;3066565,460008979;0,8243516616508586
2023-05-03;3093155,095743537;0,8258615844285787
2023-05-04;3045087,8817771673;0,8231127808452315
2023-05-05;3079596,5840781927;0,8250949068218049
2023-05-08;3037585,294611335;0,8226758838854705
2023-05-09;3040827,2060798407;0,8228649341164488
2023-05-10;3042202,4545844793;0,8229450092390325
2023-05-11;3080848,1138328314;0,8251659583375767
2023-05-12;3074374,560121894;0,8247978192129941
2023-05-15;3080414,148653388;0,8251413279201713
2023-05-16;3042831,5034202337;0,8229816120662602
2023-05-17;3027947,4535011053;0,8221114679957074
2023-05-19;3056063,514002204;0,8237480585656901
2023-05-22;3062166,525278449;0,8240993352115401
2023-05-23;3063146,663774848;0,8241556194943465
2023-05-24;2970083,290109992;0,8186457836778375
2023-05-25;2944675,2446922064;0,8170809740529642
2023-05-26;2973633,2446922064;0,8188622862449869
2023-05-29;2913591,329149604;0,6090607779842958
2023-05-30;2910894,212587714;0,6086985495509054
2023-05-31;2863680,0342429876;0,6022470688522464
2023-06-01;2872176,4111732244;0,9999955102554404
2023-06-02;2913567,2098144293;0,9999955740377732
2023-06-05;2897112,6491531134;0,9999955488998953
2023-06-07;2944340,501173377;0,9999956202964939
2023-06-08;2953712,485964179;0,9999956341930782
2023-06-09;2956025,946348548;0,9999956376098688
2023-06-12;3000743,7784637213;0,9999957026192944
2023-06-13;3055113,2873710394;0,9999957790964841
2023-06-14;3075237,608938575;0,9999958067180309
2023-06-15;3030995,9186195135;0,9999957455111249
2023-06-16;2979885,8425124884;0,8022568895318524
2023-06-19;2915169,469560981;0,7978670188847867
2023-06-20;2891788,452333808;0,6134122875406335
2023-06-21;2875622,983610511;0,42008229102940586
2023-06-22;2894391,1173690557;0,4238426581289298
2023-06-26;2889193,5659621954;0,42280617257181985
2023-06-27;2888110,192518592;0,42258965851149505
2023-06-28;2938521,6080344915;0,43249534461173245
2023-06-29;2948920,7285369635;0,4344966019666646
2023-06-30;2965099,8827575445;0,4375822877954115
2023-07-03;2949155,139150977;0,9999584550139502
2023-07-04;2993187,3713849783;0,9999590661746451
2023-07-05;2942090,8590978384;0,9999583552599214
2023-07-06;2858028,862246871;0,9999571303807554
2023-07-07;2900791,725715995;0,7980800267096974
2023-07-10;2900378,586273551;0,7980512645661695
2023-07-11;2932092,1275218725;0,8002355443475282
2023-07-12;2977466,702732444;0,803279819304183
2023-07-13;2958897,1420253515;0,8020452352134225
2023-07-14;2930982,1344150305;0,8001598914917286
2023-07-17;2885650,922359824;0,7970205670967614
2023-07-18;2935483,6258586645;0,8004663413491288
2023-07-19;2976378,089096427;0,8032078686766839
2023-07-20;2992858,5712093115;0,8042915246941882
2023-07-21;3025618,2264140844;0,8064105435828565
2023-07-24;3029853,0546001196;0,8066811237304018
2023-07-25;3017852,931499839;0,8059124148617127
2023-07-26;3010699,3691829443;0,805451253694499
2023-07-27;3036981,9168246984;0,8071349109678896
2023-07-28;3028405,4412196875;0,8065887150363185
2023-07-31;3009569,76830709;0,6113783613591103
2023-08-01;2993477,666164756;0,9999973568390583
2023-08-02;2932148,2647823095;0,9999973015541738
2023-08-03;2930473,7698634863;0,9999973000122614
2023-08-04;2966556,792484641;0,8116736815979091
2023-08-07;2973020,8504070044;0,8120831480267402
2023-08-08;2973802,7454875708;0,8121325565701738
2023-08-09;2968861,2135967016;0,8118198599177627
2023-08-10;2977974,962345481;0,8123957635226974
2023-08-11;2930411,7531780005;0,8093507786223336
2023-08-14;2930378,750980735;0,8093486315131211
2023-08-15;2932592,154972434;0,8094925275879012
2023-08-16;2920651,2979472876;0,808713652515792
2023-08-17;2903783,671543479;0,8076024999608918
2023-08-18;2892183,5171245337;0,806830819776333
2023-08-21;2880970,614261985;0,8060789942481018
2023-08-22;2871228,2538799047;0,8054210011675664
2023-08-23;2868844,6766399145;0,8052593353664258
2023-08-24;2846441,4387248755;0,8037266070333696
2023-08-25;2860245,6683391333;0,8046738693659979
2023-08-28;2889776,4264873266;0,8066699160742848
2023-08-29;2898892,2996867895;0,8072778629548567
2023-08-30;2885608,2444194555;0,8063906560636588
2023-08-31;2925702,578312278;0,8090439119817747
2023-09-01;2921484,938114524;0,9891314149296353
2023-09-04;2931989,917698264;0,9891703558085173
2023-09-05;2920517,1936916113;0,9891278135084179
2023-09-06;2985468,3697322607;0,989364346343909
2023-09-07;2933969,119831443;0,9891776612892534
2023-09-08;2942592,8835185766;0,9892093779742581
2023-09-11;2964471,5906795263;0,7790121573827612
2023-09-12;2989876,91069448;0,7808899159088809
2023-09-13;2948414,282734275;0,7778086393215982
2023-09-14;2953564,0016368628;0,7781960435049655
2023-09-15;2912572,1066936255;0,7750743475779381
2023-09-18;2883336,69219625;0,7727937278024368
2023-09-19;2876207,505390525;0,7722305570454963
2023-09-20;2908753,0389522314;0,7747790298621081
2023-09-21;2912648,090786338;0,7750802153556766
2023-09-22;2934849,617634177;0,7767816867385329
2023-09-25;2903409,8681987524;0,7743645537270327
2023-09-26;2864776,0959285498;0,771321681210823
2023-09-27;2891015,87743032;0,7733972385144217
2023-09-28;2882448,633175254;0,7727237273946829
2023-09-29;2904296,1419643164;0,7744334085430838
2023-10-02;2897777,73100698;0,9999865913399416
2023-10-03;2805803,592258811;0,9999861518045572
2023-10-04;2795269,878284812;0,9999860996189235
2023-10-05;2808052,771557212;0,9999861628966117
2023-10-06;2885508,0853236914;0,9999865343241569
2023-10-09;2850722,5205539465;0,9999863700110272
2023-10-10;2949517,6348689795;0,9999868265522266
2023-10-11;2926382,522262931;0,9999867224068542
2023-10-12;2955039,4306567907;0,9999868511681717
2023-10-13;2933714,023117423;0,9999867555882361
2023-10-16;2939887,8336337805;0,9999867834017083
2023-10-17;2941473,382053733;0,9999867905258784
2023-10-18;2908722,0726703405;0,8115184067494711
2023-10-19;2852303,627350211;0,8077902487929725
2023-10-20;2819227,7023586035;0,8055351931590268
2023-10-23;2851023,884369254;0,8077039713396942
2023-10-24;2884761,21279943;0,8099528764643009
2023-10-25;2932069,4515269995;0,8130192413094557
2023-10-26;2920626,7799571753;0,6689603687637358
2023-10-27;2897876,126819968;0,666361441999675
2023-10-30;2873116,271129966;0,6634862215877075
2023-10-31;2905117,500500083;0,6671930784041092
2023-11-01;2912112,3064388037;0,9999786653872467
2023-11-02;2962559,67858541;0,9999790286795567
2023-11-03;2977592,6353191137;0,9999791345573551
2023-11-06;2943447,4035457373;0,999978892509417
