AAPL;MSFT;AMZN;GOOGL;META;BRK-B;JNJ;JPM;V;PG;XOM;VZ;INTC;CSCO;KO;HD;MRK;PFE;DIS;WMT;BA;GS;MMM;AXP;CAT;TRV;MCD;IBM;JPM;NKE;GOOG;TSLA;NVDA;ADBE;NFLX;CRM;PYPL;AVGO;AMGN;TXN;
percent/trade;1,36
hitrate;0,64
Number of trades;427
Return;158,92
2019-01-02;100000,0;0,0
2019-01-03;100000,0;0,4515275967
2019-01-04;101521,29959400001;0,4597464714366056
2019-01-07;102189,01972899999;0,7310122015858876
2019-01-08;102649,108762;0,7322178461117266
2019-01-09;103315,27860399999;0,9980390089274545
2019-01-10;104040,659155;0,7126114898171225
2019-01-11;104481,808795;0,5243658091380767
2019-01-14;104111,67178;0,5226748381198648
2019-01-15;104625,09178;0,5250171852609102
2019-01-16;104243,012377;0,5232762421880601
2019-01-17;103807,19998900002;0,5212748191718303
2019-01-18;104272,85939200001;0,12483910921693502
2019-01-22;104129,01586400002;0,12363016443767894
2019-01-23;103641,07139200001;0,11950419573678811
2019-01-24;103809,89251000002;0,12093610441597016
2019-01-25;104048,05203800002;0,14602791715361413
2019-01-28;103941,46139200003;0,14515217964946964
2019-01-29;103886,55203800002;0,4646922954603564
2019-01-30;105366,38753500002;0,47221051224208116
2019-01-31;106303,09650800002;0,4768612248297499
2019-02-01;107428,67561900002;0,7931644823137879
2019-02-04;108420,99509400003;0,6103106614510481
2019-02-05;108798,99555800002;0,35196307794575304
2019-02-06;109272,68611200002;0,5159949087113
2019-02-07;108404,27587600003;0,8369303490554131
2019-02-08;108871,42746200002;0,6312129986720902
2019-02-11;109780,49772000003;0,6342668497786802
2019-02-12;110948,11539400004;0,16726790839210237
2019-02-13;110675,65550800003;0,30425439086345374
2019-02-14;110349,92988900005;0,7746506995879943
2019-02-15;110827,94165600004;0,7756226531916848
2019-02-19;110768,31621700004;0,6240212802060415
2019-02-20;110581,25525300004;0,2750680237297703
2019-02-21;109442,21007300005;0,38948748986855614
2019-02-22;109920,85686800005;0,5430727177980933
2019-02-25;110520,21092000004;0,423020753062457
2019-02-26;110212,72472400006;0,4214110192113426
2019-02-27;111699,13081200005;0,5773738046587511
2019-02-28;112684,13902700004;0,3999104841649666
2019-03-01;112564,24097900005;0,39927129750188317
2019-03-04;112614,94210900004;0,29097467096580976
2019-03-05;112272,61142000003;0,5281622018318596
2019-03-06;112147,64816100005;0,7669829106582398
2019-03-07;111951,64194400003;0,6669981967960048
2019-03-08;112523,45078200003;0,9417351863594927
2019-03-11;114451,67286100003;0,9427168015450295
2019-03-12;113805,33662500003;0,9994422239599431
2019-03-13;114999,79461400004;0,562050112949778
2019-03-14;115292,23511300003;0,0
2019-03-15;115292,23511300003;0,12497633065988938
2019-03-18;115461,55461500003;0,12625951598010185
2019-03-19;115439,97494700004;0,2506731370418754
2019-03-20;115109,97494700004;0,37241056329599365
2019-03-21;115828,30440800004;0,12555825181358288
2019-03-22;115624,95470200005;0,4515517408898658
2019-03-25;115485,10550800004;0,6338440229846716
2019-03-26;116797,42398300004;0,7267898471061776
2019-03-27;116378,08633500004;0,9977163820752728
2019-03-28;116845,86066100006;0,9977255241863373
2019-03-29;118498,83520500005;0,99775725150766
2019-04-01;120892,30781100004;0,5373008287719169
2019-04-02;120622,29861700005;0,5362650913359686
2019-04-03;121472,62861700004;0,0
2019-04-04;121472,62861700004;0,0
2019-04-05;121472,62861700004;0,0
2019-04-08;121472,62861700004;0,0
2019-04-09;121472,62861700004;0,1240536264635594
2019-04-10;121786,54900100004;0,1263114901127027
2019-04-11;121833,58813700004;0,12664881542066303
2019-04-12;121831,66919300004;0,12663505945699083
2019-04-15;121772,14813700005;0,4554568773197824
2019-04-16;121962,79719200006;0,45630809288826674
2019-04-17;121143,31547700005;0,5614138029754724
2019-04-18;121336,20388300004;0,6706370850324649
2019-04-22;121204,47671300004;0,5643474046174687
2019-04-23;121781,15042800005;0,5664103626347455
2019-04-24;122179,94347200004;0,7112835080981675
2019-04-25;122145,99743400005;0,9482458082720572
2019-04-26;120685,61794700005;0,6668581762604343
2019-04-29;121946,48684300006;0,5979551548941211
2019-04-30;122293,19653300007;0,4455426942765133
2019-05-01;121742,23599600008;0,8178253484458035
2019-05-02;122880,67230700007;0,8577658701904382
2019-05-03;125481,13673900008;0,8607135227635542
2019-05-06;124739,06638700006;0,9888905286760709
2019-05-07;122350,14686800007;0,9995308951033627
2019-05-08;121815,48173200007;0,999933054067643
2019-05-09;120238,00797300007;0,9999321757642401
2019-05-10;120147,80847600006;0,999932124846025
2019-05-13;115802,02231200007;0,9999295776460786
2019-05-14;116830,58470300007;0,9999301976359974
2019-05-15;118527,20947400006;0,6033186334542554
2019-05-16;119962,07567300009;0,2695693627221753
2019-05-17;119204,87629300007;0,6562270311805486
2019-05-20;116590,95486400007;0,8234278648372519
2019-05-21;117582,30364400009;0,9977033681121125
2019-05-22;117066,48397300008;0,8742167415107793
2019-05-23;115852,74481800008;0,9344469237571303
2019-05-24;115171,73384600008;0,9340593081271578
2019-05-28;113667,5727060001;0,9331867160246029
2019-05-29;113705,34484700007;0,9957203095012388
2019-05-30;114867,61510700009;0,6992734262148447
2019-05-31;113254,89544100009;0,7965952470637268
2019-06-03;112652,72486600009;0,8972622849046311
2019-06-04;115640,93398600009;0,43419963131808287
2019-06-05;116825,60349500009;0,21021248403866405
2019-06-06;116960,45287500009;0,2111230683792783
2019-06-07;117264,25380500009;0,0
2019-06-10;117264,25380500009;0,0
2019-06-11;117264,25380500009;0,12420280644278464
2019-06-12;117373,86429000009;0,27073198514183444
2019-06-13;117509,88461900009;0,2715761292377274
2019-06-14;116781,02421200009;0,869591174201783
2019-06-17;116730,68646600009;0,8695349380350308
2019-06-18;119657,90465100008;0,7506516101713242
2019-06-19;120797,88489500008;0,8756138306224432
2019-06-20;122439,97316800008;0,41133469980343534
2019-06-21;122444,70348200007;0,4113574412665747
2019-06-24;122688,78497700008;0,4908111212552037
2019-06-25;121421,36447200007;0,9270712800213832
2019-06-26;121423,99379600008;0,9997110579227115
2019-06-27;122835,15701400005;0,805331917324983
2019-06-28;123244,23194100006;0,5130759284562011
2019-07-01;124268,01265500009;0,5170874472934168
2019-07-02;124200,16126800005;0,6869503150152702
2019-07-03;123113,43545500006;0,996583075328494
2019-07-05;122264,71234400007;0,9996850503693027
2019-07-08;119437,50172400006;0,9996775951820472
2019-07-09;119679,92093500005;0,9996782482332941
2019-07-10;120124,25620100007;0,6078455951296214
2019-07-11;120539,21566900006;0,609195597137812
2019-07-12;123021,00019100006;0,6170795544836879
2019-07-15;123805,69513700006;0,0
2019-07-16;123805,69513700006;0,4497248701393556
2019-07-17;123697,66628900007;0,8584664103274442
2019-07-18;123777,54446500007;0,8585577471287571
2019-07-19;122620,12605700007;0,9987531047886137
2019-07-22;123372,20503200006;0,9987607058821685
2019-07-23;124189,92373300006;0,9987688659159758
2019-07-24;127361,60301500007;0,5201410613699472
2019-07-25;127006,90428500007;0,7315529895013214
2019-07-26;128574,11084200008;0,734825125021493
2019-07-29;126745,78654000007;0,9983129641952034
2019-07-30;127127,34695400008;0,8814897496724167
2019-07-31;125200,6249090001;0,9962468740763745
2019-08-01;125247,23645100006;0,9999637460743348
2019-08-02;122233,53984800007;0,9999628522252917
2019-08-05;117357,68376500007;0,9999613088478368
2019-08-06;119152,12935700009;0,4719564774500294
2019-08-07;119802,5947980001;0,23853541059927902
2019-08-08;120549,13267900009;0,0
2019-08-09;120549,13267900009;0,2352104822479523
2019-08-12;120291,1230910001;0,7946648564722887
2019-08-13;122397,83159900008;0,7981990799810714
2019-08-14;118935,72785500009;0,9999399697876419
2019-08-15;119108,52623500011;0,9999400568773219
2019-08-16;122453,6339970001;0,9999416943640865
2019-08-19;126032,83242500012;0,5385061031012526
2019-08-20;125378,6466350001;0,6132960116873248
2019-08-21;126608,0672950001;0,5413108520037135
2019-08-22;126135,4251030001;0,8072099282168931
2019-08-23;123130,47750600011;0,978097722589692
2019-08-26;124811,20718900012;0,7112886082943367
2019-08-27;125047,69916800011;0,8075836885277342
2019-08-28;125255,56538500011;0,8079030104726864
2019-08-29;127304,2383250001;0,19558343137355227
2019-08-30;127325,7785090001;0,1957195175699515
2019-09-03;126896,21832500011;0,7381093445284113
2019-09-04;128553,7913020001;0,355195417859991
2019-09-05;129502,71106400009;0,3599201669065065
2019-09-06;129516,97508300008;0,4665458967311169
2019-09-09;129111,7346790001;0,9058064258277048
2019-09-10;127773,62103700009;0,9997346451033874
2019-09-11;128003,5667580001;0,5272678770709474
2019-09-12;129071,53658400009;0,5311793796100109
2019-09-13;128890,9994760001;0,7648861612432232
2019-09-16;128011,86847900008;0,9978230930201147
2019-09-17;128660,5635000001;0,6018592651197268
2019-09-18;128607,4728500001;0,8511085173228324
2019-09-19;128011,16335000009;0,8504149418309299
2019-09-20;126477,91292600009;0,9820938102344783
2019-09-23;127547,7717760001;0,8482446793034278
2019-09-24;126954,8178100001;0,8034008907219738
2019-09-25;128740,1176780001;0,45933078706595926
2019-09-26;128871,4664230001;0,5935080195327804
2019-09-27;128375,27787100011;0,7958237355377814
2019-09-30;127957,5327000001;0,9993842557656623
2019-10-01;127468,35629200013;0,7373211067514055
2019-10-02;125705,9371470001;0,8860313426226901
2019-10-03;127248,40850600011;0,8874128403710089
2019-10-04;128827,3068180001;0,7584782487461526
2019-10-07;128678,7418260001;0,5753855218923186
2019-10-08;127586,6740480001;0,8704614147651326
2019-10-09;128992,43819700011;0,8718731308438477
2019-10-10;129455,86959600012;0,5547189994096553
2019-10-11;129870,7895400001;0,5561416131358335
2019-10-14;129913,6698420001;0,29553218342376175
2019-10-15;130711,6290660001;0,16011750638064673
2019-10-16;130820,7092680001;0,7197279122995187
2019-10-17;130867,3494540001;0,7198277992641091
2019-10-18;130215,8512600001;0,9970662956137549
2019-10-21;132264,06397400008;0,9971117263259416
2019-10-22;129668,78983500009;0,9996892481833803
2019-10-23;126872,0571230001;0,9996823980558538
2019-10-24;127513,2219000001;0,99968399502891
2019-10-25;130143,28928100009;0,8111036245063685
2019-10-28;130282,9410130001;0,4564594588562902
2019-10-29;130234,60461100009;0,8127616074941386
2019-10-30;129486,1998130001;0,9991268350900452
2019-10-31;130131,06411800011;0,6037093914006746
2019-11-01;131253,4216580001;0,6070981011727641
2019-11-04;132688,06422000012;0,32898283564242625
2019-11-05;132566,7814660001;0,6336728675165492
2019-11-06;132584,1565120001;0,7551592116961426
2019-11-07;133219,5991500001;0,6104104793502522
2019-11-08;133391,4391340001;0,6109123635598359
2019-11-11;133885,8372460001;0,24539114842769932
2019-11-12;133681,0375660001;0,36989889743028537
2019-11-13;133696,5006050001;0,8106614172663441
2019-11-14;134853,2276070001;0,5661393654476904
2019-11-15;134943,1726520001;0,753681544217736
2019-11-18;136464,2945320001;0,8797037585816955
2019-11-19;136147,3422180001;0,6239830400946912
2019-11-20;136650,98279600008;0,859340461819476
2019-11-21;136446,53802600008;0,8591297044976147
2019-11-22;135253,4797740001;0,9998820202110381
2019-11-25;138684,7774680001;0,6090961810894567
2019-11-26;137941,99787800008;0,5893754755016942
2019-11-27;138658,94524700008;0,3234255091160103
2019-11-29;138471,7381340001;0,6273427642826005
2019-12-02;136599,8879040001;0,8948925486813694
2019-12-03;135959,69891600008;0,894397632662671
2019-12-04;137233,8734160001;0,8553227144306105
2019-12-05;137123,8192390001;0,9997635487825527
2019-12-06;139155,4592180001;0,8255055050627925
2019-12-09;139348,8762680001;0,9985295769044737
2019-12-10;140572,6020600001;0,7019126701438247
2019-12-11;142112,5318310001;0,5787260927403971
2019-12-12;142186,22039500013;0,23485194045691243
2019-12-13;142784,7412660001;0,42826718093133553
2019-12-16;142734,15839400011;0,4280645672869875
2019-12-17;143053,13456400012;0,7145317823306407
2019-12-18;143351,4689990001;0,7839253875576527
2019-12-19;145046,71750400012;0,7864507819272374
2019-12-20;145973,87583400012;0,5889797076414588
2019-12-23;146505,50494100014;0,8358580193441572
2019-12-24;146664,04459400012;0,9797795424624376
2019-12-26;147647,3346100001;0,7105881099251082
2019-12-27;147096,48501200014;0,8546257110341173
2019-12-30;144766,0391370001;0,9997180278313653
2019-12-31;145730,76681200013;0,5758899084657066
2020-01-02;147698,14377200013;0,581539163095989
2020-01-03;148323,54398800014;0,7913512153909706
2020-01-06;149543,83845300012;0,4878881594438322
2020-01-07;149944,46346600013;0,43176468149275776
2020-01-08;150479,10276900014;0,39584182744922003
2020-01-09;151231,03182500013;0,32201607284775235
2020-01-10;151016,07848700014;0,6257187129788585
2020-01-13;155300,55497900012;0,9072676669961193
2020-01-14;156888,65995200013;0,9989643425468109
2020-01-15;155846,97670400012;0,9989574201987329
2020-01-16;155356,34188600013;0,9989541276009231
2020-01-17;155569,63648700013;0,3727336123450124
2020-01-21;158614,70401700013;0,7690216494804071
2020-01-22;161203,14584800013;0,4707611944468853
2020-01-23;161825,77128400013;0,6459282650261946
2020-01-24;160994,02029000013;0,9997690218373754
2020-01-27;156841,37082700012;0,9997629062867529
2020-01-28;159144,59497100016;0,8460562457966951
2020-01-29;158510,91206100013;0,9998889890748129
2020-01-30;157395,47800700014;0,999888202359922
2020-01-31;153343,35194800014;0,9998852480868808
2020-02-03;157239,39782000016;0,6980224288485506
2020-02-04;158172,00417400018;0,5757141460749631
2020-02-05;158560,90574400016;0,4140971632062244
2020-02-06;158862,94512800017;0,6096123903907832
2020-02-07;158200,98870000016;0,8804840373541853
2020-02-10;159295,01396300015;0,5820789815338278
2020-02-11;159107,31857600017;0,7759344520474013
2020-02-12;162411,67084200017;0,9082777782854519
2020-02-13;162716,37537400017;0,5171187844529936
2020-02-14;163011,15706200016;0,07427173245813562
2020-02-18;163894,48897200014;0,71098475387972
2020-02-19;165881,47484900014;0,7144466788041361
2020-02-20;164385,12989500014;0,9996865104098341
2020-02-21;162504,08958100015;0,9996828816608061
2020-02-24;156008,77297400014;0,9996696786596179
2020-02-25;150665,90656700014;0,9996579649094188
2020-02-26;151880,65146300016;0,9996607005138327
2020-02-27;141913,15595500017;0,9999558436921652
2020-02-28;140668,79062100017;0,9999554530825744
2020-03-02;150625,55962900014;0,6134622808479147
2020-03-03;147175,05065600015;0,9994511260934507
2020-03-04;154469,68464300013;0,5552469015342594
2020-03-05;151716,82147100015;0,8570087873997091
2020-03-06;149438,64619100015;0,9270103191375334
2020-03-09;137176,11050800016;0,9990842974368133
2020-03-10;146103,61779500017;0,9991402504749991
2020-03-11;140443,04423900016;0,999105598168419
2020-03-12;126206,69517800015;0,9990047079846042
2020-03-13;139419,72096200017;0,4820419269402893
2020-03-16;128995,25861100016;0,719694622303608
2020-03-17;131927,91538400017;0,4470735458778658
2020-03-18;127335,10841500014;0,7121649706257871
2020-03-19;130859,10601600015;0,5748714988531404
2020-03-20;128169,27691200013;0,7829179033513364
2020-03-23;126876,60954600014;0,7807061880234702
2020-03-24;135823,11666400015;0,385113535904187
2020-03-25;136093,39715600014;0,28502768026677766
2020-03-26;136768,16147100012;0,40698109726218995
2020-03-27;136064,28511600013;0,9092519997038653
2020-03-30;139076,59752000013;0,8253815783168857
2020-03-31;140861,61803000013;0,9126846930199207
2020-04-01;132253,47192600014;0,9967124088640681
2020-04-02;132043,14826400013;0,6934271140440786
2020-04-03;133110,88495000012;0,8453616434769251
2020-04-06;141666,86782900014;0,8547010405506653
2020-04-07;142816,93822400013;0,9940258589239469
2020-04-08;144032,24612600013;0,27827768113077245
2020-04-09;143989,04677400016;0,27806115121271535
2020-04-13;146797,04677400016;0,29187072253546587
2020-04-14;148614,68537000014;0,30053152952417383
2020-04-15;150040,28666600015;0,5182686166289567
2020-04-16;152229,26961900014;0,2136237889033471
2020-04-17;151870,97594200016;0,5644916570875295
2020-04-20;151383,54437200015;0,8030311536587642
2020-04-21;145758,68058900017;0,9465073338720345
2020-04-22;151346,51342600017;0,998602807575719
2020-04-23;149633,67274200017;0,9998443384996617
2020-04-24;152525,30235400016;0,7739726512917414
2020-04-27;157949,48825200016;0,7817347173230642
2020-04-28;154029,87644000017;0,8878621742598852
2020-04-29;158166,08763000014;0,607744143054643
2020-04-30;157945,53201800014;0,7381200739614067
2020-05-01;151676,75058700016;0,8633948567409776
2020-05-04;157758,17886400016;0,26542483534940986
2020-05-05;158110,36406400017;0,2670610753442326
2020-05-06;158692,55386400016;0,2697499826405589
2020-05-07;159710,30213900015;0,3548282087506091
2020-05-08;161455,57221800016;0,08357169294709357
2020-05-11;161321,69846500014;0,16226969939620006
2020-05-12;161261,03777700017;0,7031048743763654
2020-05-13;159295,87869800013;0,9990193385649587
2020-05-14;161290,82893400014;0,9990314680255995
2020-05-15;164198,91090900014;0,9990486214303411
2020-05-18;166716,25516200013;0,7251078710443227
2020-05-19;167567,20397500013;0,862390341630094
2020-05-20;172062,41643600015;0,361630928426164
2020-05-21;172364,61653700014;0,7532982202419013
2020-05-22;173097,57668100015;0,7543428482227412
2020-05-26;170087,69837900012;0,999356266049552
2020-05-27;169898,41786700016;0,9484324774180144
2020-05-28;169328,01087300017;0,9988557106824725
2020-05-29;173789,70322600016;0,9988850879516826
2020-06-01;175053,05469100014;0,9988931342309783
2020-06-02;176295,85502800017;0,9989009370982126
2020-06-03;174771,86561900016;0,9988913534033987
2020-06-04;172597,95480400015;0,9988773897453177
2020-06-05;175048,08010900015;0,4264355201297749
2020-06-08;174576,01165900016;0,42488455277512904
2020-06-09;176733,58026300016;0,23395035451933366
2020-06-10;178702,75442400016;0,24239166351194508
2020-06-11;176601,74808100014;0,9441298067249331
2020-06-12;179196,32083200014;0,6936429353007304
2020-06-15;182598,39797700016;0,6993508187190391
2020-06-16;183785,83584600012;0,5106574469788911
2020-06-17;184157,99511600012;0,5116463444046997
2020-06-18;184753,68225400013;0,5132209056685637
2020-06-19;185271,30332000015;0,507661049437043
2020-06-22;186708,23017100018;0,5114501435611164
2020-06-23;187636,19405800014;0,46946171347288757
2020-06-24;185536,03547600016;0,9997957614654052
2020-06-25;189161,13296400016;0,7583255503935875
2020-06-26;183219,59405800013;0,9997999545180275
2020-06-29;184464,79352200014;0,9998013048923844
2020-06-30;190178,92339800016;0,9998072749001558
2020-07-01;194072,49331200015;0,6781533059526168
2020-07-02;193539,71842200012;0,32563548182178187
2020-07-06;195391,91869200015;0,0
2020-07-07;195391,91869200015;0,27056589537530595
2020-07-08;196697,18373600015;0,39577032672965623
2020-07-09;198328,22166100016;0,40073947082957573
2020-07-10;201023,59876800014;0,6863346155554081
2020-07-13;196481,10539700015;0,999786013464678
2020-07-14;198386,06484200014;0,87744605060157
2020-07-15;197297,88528700016;0,932235267805574
2020-07-16;194780,43806100014;0,9996705826948595
2020-07-17;194763,02288100016;0,8354868691036019
2020-07-20;202589,28742700015;0,8418422065453701
2020-07-21;199176,94742900014;0,9991839686766056
2020-07-22;199090,80347100014;0,7577591104602424
2020-07-23;194402,99993500012;0,8756136578083403
2020-07-24;195324,15352300013;0,5865205844934582
2020-07-27;200112,81501900015;0,5964150680438333
2020-07-28;197481,04962700015;0,9366662025261481
2020-07-29;199369,69408000013;0,937266168462989
2020-07-30;199587,52168400012;0,687687660470624
2020-07-31;197849,90899200013;0,4872676628721527
2020-08-03;202252,50484500013;0,4038444554968347
2020-08-04;202537,67481800012;0,5531692401360722
2020-08-05;202921,11195700013;0,7024781529248
2020-08-06;204151,12499400013;0,42068173794547564
2020-08-07;202301,39717800013;0,9983424699993293
2020-08-10;200878,89304200013;0,9983307323635539
2020-08-11;195541,2969200001;0,9999632014560941
2020-08-12;200966,18733900014;0,7600026339075588
2020-08-13;202308,20494900015;0,5926073063088216
2020-08-14;202346,65556100014;0,5761618672113612
2020-08-17;203633,3407070001;0,6025271287698432
2020-08-18;206390,76486100012;0,5538769515389355
2020-08-19;204866,90247200013;0,773289550397981
2020-08-20;208347,22645300016;0,7770766217592174
2020-08-21;207288,33909100018;0,9951465324271884
2020-08-24;208113,33728900016;0,9676359719480787
2020-08-25;209908,92855700012;0,7451613589296451
2020-08-26;220224,86595300015;0,48637705174428236
2020-08-27;218502,07771000016;0,804868654884883
2020-08-28;217823,81224100012;0,9994638380037583
2020-08-31;226263,8960980001;0,9994838378901177
2020-09-01;230233,5061840001;0,6634840928840254
2020-09-02;227105,63895100012;0,7708264921100016
2020-09-03;215253,80220000015;0,9982778624060925
2020-09-04;213425,50925000012;0,940197552298917
2020-09-08;204427,50758700012;0,9999194913825717
2020-09-09;208894,90919100016;0,7460680186921209
2020-09-10;204534,06558600013;0,8699388849198089
2020-09-11;203456,91838200012;0,9991647930021181
2020-09-14;206415,46182100012;0,9991767639860841
2020-09-15;210263,46317200013;0,624759759928149
2020-09-16;206330,54391900013;0,8079061234212627
2020-09-17;202931,30975100014;0,9980655870181796
2020-09-18;199805,6131050001;0,9980353256652813
2020-09-21;202345,69535300013;0,8242313695927468
2020-09-22;205470,10586900014;0,67836506481807
2020-09-23;199781,37755000012;0,9435077649708591
2020-09-24;201287,11634600014;0,7512078449029097
2020-09-25;206271,41695500014;0,7572196079889962
2020-09-28;209213,5953200001;0,7606338374310573
2020-09-29;210219,37761800014;0,5816853603772139
2020-09-30;212340,0702200001;0,2602601485755502
2020-10-01;214623,2562830001;0,04052404369697798
2020-10-02;214363,35406700012;0,7140251628231206
2020-10-05;219577,67028300013;0,7208162141578829
2020-10-06;217324,01754900013;0,9996249333280353
2020-10-07;221918,4626070001;0,9996326984467964
2020-10-08;221337,99798200012;0,9996317351889722
2020-10-09;224030,2397510001;0,9996631094530631
2020-10-12;232651,28555000012;0,0
2020-10-13;232651,28555000012;0,1249251619276083
2020-10-14;232672,88651000016;0,695299617134577
2020-10-15;231147,92745800014;0,9997254839111128
2020-10-16;228106,50965100015;0,9997218236993883
2020-10-19;223145,43905900014;0,9997156391577272
2020-10-20;225644,45460300017;0,9997187884580998
2020-10-21;225581,65931700016;0,9997187101770939
2020-10-22;223968,21647800016;0,9997166837955939
2020-10-23;226236,22890600015;0,9997195240333213
2020-10-26;223011,12928200015;0,9997154678997212
2020-10-27;227463,54726300016;0,5967489131568627
2020-10-28;220584,36351100015;0,9647078662055213
2020-10-29;226473,54389300014;0,4748143151007742
2020-10-30;223527,62146100015;0,8351524780912627
2020-11-02;223508,52987700014;0,9971498553887375
2020-11-03;228413,73041000016;0,9972110624398249
2020-11-04;237516,76600500013;0,9973179508852578
2020-11-05;244501,29349200014;0,5923539324618695
2020-11-06;243660,73754900016;0,8685021229094952
2020-11-09;242054,12135300017;0,8595805442187366
2020-11-10;238360,22339200013;0,9997230470207624
2020-11-11;243948,38071200013;0,8447558223159085
2020-11-12;242598,35222000015;0,9214571301963308
2020-11-13;242584,83507500018;0,8466443176816949
2020-11-16;243859,9706570002;0,8474462093849503
2020-11-17;248472,65803600015;0,9988305582380896
2020-11-18;254736,94999200018;0,9994688587266024
2020-11-19;257357,29925800016;0,6056638662956229
2020-11-20;253830,17708600016;0,8496152292559485
2020-11-23;258618,76404400016;0,38929848673652623
2020-11-24;259519,51368400018;0,543204635438908
2020-11-25;261837,23767400015;0,7734832917163427
2020-11-27;262525,90488800016;0,7740774983356273
2020-11-30;263142,8246180002;0,9998845951089707
2020-12-01;262490,3689710002;0,7986985978946989
2020-12-02;256215,62255800018;0,8674984150144277
2020-12-03;260005,81097700016;0,8640758566118109
2020-12-04;262832,04562800017;0,8655374497863924
2020-12-07;263768,71896100015;0,4628742699662276
2020-12-08;263254,98270600016;0,5946896630968564
2020-12-09;258883,17588500015;0,9241653088390683
2020-12-10;261143,92933800016;0,6617735490236897
2020-12-11;261240,08750600016;0,6717127642669681
2020-12-14;261225,15129700015;0,8352770196271132
2020-12-15;267636,5910670002;0,6452736447303147
2020-12-16;266762,0003600002;0,9340431051676937
2020-12-17;267589,4368660001;0,9342470562027041
2020-12-18;267517,94381700014;0,9342294840041229
2020-12-21;267189,9509020001;0,7881397925524436
2020-12-22;265530,90138700017;0,7868160800482579
2020-12-23;266041,08714400016;0,9964178541433928
2020-12-24;267710,84209600015;0,9964401965548395
2020-12-28;266879,68701600016;0,931035149779321
2020-12-29;266423,24133600015;0,8752353677767953
2020-12-30;267075,1862780001;0,6153965642316156
2020-12-31;267967,87290800014;0,8385142281222018
2021-01-04;262557,79378500016;0,9984276753089334
2021-01-05;264352,0311690002;0,5868865237499011
2021-01-06;259854,32656600015;0,7894483860667846
2021-01-07;265999,83218100015;0,7943128482548412
2021-01-08;267701,88288800017;0,8567649479662328
2021-01-11;268018,0526000001;0,9275551544135049
2021-01-12;267890,91386900016;0,8072034322886498
2021-01-13;268964,14053100016;0,8431437417727528
2021-01-14;265328,23881300015;0,9994213081891055
2021-01-15;260183,82314300013;0,9994098661586821
2021-01-19;262049,77236600014;0,5808958390942314
2021-01-20;264041,46801400016;0,9496576786669912
2021-01-21;263629,8765680001;0,999699881390417
2021-01-22;263142,79246900015;0,9262464321522829
2021-01-25;260397,97852600017;0,8178107297662328
2021-01-26;260196,63262200015;0,8915077766590077
2021-01-27;250780,63769100016;0,9980242906846315
2021-01-28;255984,15371100017;0,9980644519013488
2021-01-29;253591,50095900014;0,9980461898757393
2021-02-01;256490,96313400014;0,7448834596842522
2021-02-02;262001,67485800016;0,46361791956419235
2021-02-03;261474,57015700015;0,7752695785302661
2021-02-04;262866,9192220002;0,5829838843988485
2021-02-05;263316,51583800017;0,8354488561604035
2021-02-08;264613,47776600014;0,8362553780752
2021-02-09;263484,73779800016;0,999607381422299
2021-02-10;257416,95403000014;0,9995981266914218
2021-02-11;257320,55941900017;0,9995979761460424
2021-02-12;258260,86927900015;0,8304957762389142
2021-02-16;254863,07157800015;0,9137836747515017
2021-02-17;254572,09028200016;0,754884244801237
2021-02-18;252046,38140500017;0,9994466809155412
2021-02-19;252009,1502410001;0,9999542714739162
2021-02-22;245827,34264200018;0,999953121541012
2021-02-23;243174,38819300017;0,9999526101120854
2021-02-24;245226,32055700017;0,8098740676730786
2021-02-25;233681,52223700017;0,9710315284315264
2021-02-26;238527,62343800016;0,9993585783659145
2021-03-01;245244,52787700016;0,6889528168544543
2021-03-02;242639,75379000016;0,8421598367629958
2021-03-03;235880,65805000014;0,8376369700567735
2021-03-04;229432,39572300017;0,9981465667363141
2021-03-05;232662,13426500018;0,8625472421198752
2021-03-08;230448,75189100017;0,8612270548372231
2021-03-09;232982,18070800015;0,998955231716604
2021-03-10;236835,46169700017;0,6667890690754621
2021-03-11;236509,00405600015;0,8867103525891306
2021-03-12;241856,39873100014;0,8892151631315687
2021-03-15;241606,61899800017;0,770952280245856
2021-03-16;239338,65957700016;0,8839436785845965
2021-03-17;242084,04321100016;0,6102505746867299
2021-03-18;243239,44188900015;0,8619057164243593
2021-03-19;240820,07883900014;0,9989963261902187
2021-03-22;236268,53330200014;0,9989769911269089
2021-03-23;231138,88113100018;0,9989542875486052
2021-03-24;232700,90109400015;0,998961306961581
2021-03-25;237712,38707200016;0,6975086658348152
2021-03-26;239994,1363620002;0,5635361321703286
2021-03-29;240518,5736570002;0,9236628770625266
2021-03-30;243954,77185300022;0,9997601771608902
2021-03-31;246749,3978980002;0,6929790410377565
2021-04-01;248675,72256300016;0,6953573272645961
2021-04-05;249910,17925600015;0,696862140663759
2021-04-06;249829,48326200014;0,848167332235083
2021-04-07;249800,39506400016;0,7873586713207915
2021-04-08;250821,31288000016;0,7882241851735573
2021-04-09;250930,59686600015;0,7851954335852318
2021-04-12;250819,8690810002;0,6768567072259116
2021-04-13;250674,07811900016;0,9882886303800167
2021-04-14;249304,2663570002;0,9998107264922109
2021-04-15;250820,86572700017;0,584535415779874
2021-04-16;250742,96604100018;0,45863683309543285
2021-04-19;247736,9865610002;0,999403382482156
2021-04-20;246334,1460980002;0,999399984824104
2021-04-21;249162,4172280002;0,8610046121148791
2021-04-22;246692,4946850002;0,8596129692829849
2021-04-23;247154,1601410002;0,859875201739503
2021-04-26;248918,01609000022;0,49880776034349883
2021-04-27;247766,42966600021;0,7477311772653868
2021-04-28;244479,3508520002;0,9980747631922291
2021-04-29;243048,1579960002;0,7969894407230512
2021-04-30;248616,1177160002;0,9007670868218514
2021-05-03;244460,86087100024;0,899080361837477
2021-05-04;241969,70226900023;0,8980413605808659
2021-05-05;241748,18335000018;0,7892477562851553
2021-05-06;240895,8468420002;0,6474892682782663
2021-05-07;242784,32852800022;0,49203232904393573
2021-05-10;235086,0261760002;0,8242676293482827
2021-05-11;231627,7704360002;0,9969871317645265
2021-05-12;223896,0972080002;0,999831220952614
2021-05-13;222074,0536470002;0,9998298361768085
2021-05-14;228320,4208010002;0,9998344915016028
2021-05-17;226319,5214540002;0,9998330282347831
2021-05-18;225165,9209090002;0,5438651320929316
2021-05-19;224448,3834520002;0,6945814163386023
2021-05-20;225863,4045810002;0,6311168966103112
2021-05-21;227840,91732600017;0,7579846886364878
2021-05-24;231556,84458900022;0,7618684489941456
2021-05-25;230478,7593840002;0,9981096369957706
2021-05-26;232038,94432000018;0,9995171995100715
2021-05-27;235185,4811600002;0,9995236588778881
2021-05-28;234483,7297470002;0,999522233307526
2021-06-01;236269,49015100018;0,3719261801421719
2021-06-02;234363,5137810002;0,7192627659846336
2021-06-03;227833,3167370002;0,8328026750847285
2021-06-04;234328,14465300017;0,0
2021-06-07;234328,14465300017;0,6939404584361696
2021-06-08;233973,67584300018;0,9380876349623176
2021-06-09;232255,81224300017;0,9999600699250081
2021-06-10;228967,97339900016;0,9999594965537647
2021-06-11;228836,02100400015;0,6852489590057104
2021-06-14;226785,05917800017;0,841149537894713
2021-06-15;225648,07523500017;0,84034913033722
2021-06-16;225145,09076400017;0,9994342416858039
2021-06-17;219522,38259800017;0,9994197507083665
2021-06-18;214979,9872900002;0,999407490396637
2021-06-21;219739,74186300018;0,9994203246717219
2021-06-22;219506,10010200017;0,9994197076667073
2021-06-23;219637,1316260002;0,9994200538585749
2021-06-24;222799,05305000016;0,31515936409407436
2021-06-25;223474,9652500002;0,7856841395168305
2021-06-28;225904,5247400002;0,8999991742883399
2021-06-29;225483,8708210002;0,8659876574498389
2021-06-30;225743,51170800018;0,9999270621163124
2021-07-01;226396,1751380002;0,9999272723843936
2021-07-02;228563,8347640002;0,7207210573540211
2021-07-06;228611,7013420002;0,6340217216404179
2021-07-07;228535,24185200018;0,8860852455444944
2021-07-08;226599,81825800022;0,9998583943700976
2021-07-09;230987,0703220002;0,7249907135864915
2021-07-12;232427,96775200017;0,5066372134253909
2021-07-13;231486,73244700016;0,8137213345828668
2021-07-14;228510,97607100016;0,9997140389966219
2021-07-15;225198,99240400016;0,999709833390893
2021-07-16;219062,95301700017;0,9997017057101614
2021-07-19;216035,39159400016;0,9996975253567574
2021-07-20;218920,06604100016;0,9997015110164094
2021-07-21;225055,4637700002;0,7307427150760964
2021-07-22;225047,71350500017;0,8652307009494397
2021-07-23;225196,11174200018;0,6311189821733183
2021-07-26;225608,91121200018;0,6317939284235966
2021-07-27;224716,47093200017;0,814637651520414
2021-07-28;227493,5576910002;0,7834835856894738
2021-07-29;228279,00042700017;0,5833451543633515
2021-07-30;227292,73852800016;0,9507411648805449
2021-08-02;227571,40674800015;0,9994835233622723
2021-08-03;230479,01350000018;0,9994900389705106
2021-08-04;228564,25750500016;0,9994857668636243
2021-08-05;229794,15326600015;0,20124180639387132
2021-08-06;229998,06536800019;0,6998369095168687
2021-08-09;230326,24481600017;0,9489593769594444
2021-08-10;228742,5952620002;0,8412834715614885
2021-08-11;226919,5039620002;0,8400083289796022
2021-08-12;228697,04465100018;0,8807357110249352
2021-08-13;230764,4936220002;0,9206376169637295
2021-08-16;229333,6566700002;0,7483547034744966
2021-08-17;225604,6178500002;0,9564509825169778
2021-08-18;221735,21648800018;0,9996728932456063
2021-08-19;227130,96454000016;0,9996806640294639
2021-08-20;235118,56520300018;0,9996915127185403
2021-08-23;244481,8570870002;0,3934558817416429
2021-08-24;245132,81742400018;0,7118649375867497
2021-08-25;245799,51819400018;0,9038079008464984
2021-08-26;244521,55262900016;0,9998723532765738
2021-08-27;245938,2302480002;0,7682569575233267
2021-08-30;246476,11197200022;0,9124528782430181
2021-08-31;244035,03802100022;0,9691891217508153
2021-09-01;244030,1680620002;0,9691885068771912
2021-09-02;245151,43725200018;0,9693294319246792
2021-09-03;246503,58108200016;0,600471683799844
2021-09-07;246334,11134000018;0,7998303137808532
2021-09-08;244660,96639400016;0,9993344995141646
2021-09-09;243064,61071800016;0,9993301287607472
2021-09-10;243323,7524800002;0,9993308421790282
2021-09-13;240794,77781100018;0,880647447082271
2021-09-14;241064,23876200017;0,5170756969268425
2021-09-15;241378,55206400016;0,517704541250487
2021-09-16;240587,5581500002;0,8182074806680931
2021-09-17;237600,87732800015;0,9998776602455047
2021-09-20;232814,67705900015;0,9998751451868613
2021-09-21;232999,31422600016;0,9998752441263755
2021-09-22;237241,01631000015;0,5957223532726987
2021-09-23;238372,07666800017;0,24170670503595348
2021-09-24;238779,6658120002;0,45280438387968575
2021-09-27;238496,50735500018;0,9412983301840933
2021-09-28;231465,15494700018;0,9995348597242429
2021-09-29;231094,75294400018;0,9995341141907005
2021-09-30;230155,72510000019;0,9995322133918093
2021-10-01;231739,6941540002;0,9995354107702902
2021-10-04;225334,18033000018;0,9995222040178613
2021-10-05;230203,10357300017;0,752421297317884
2021-10-06;230982,09466800018;0,7532562607594365
2021-10-07;233680,93801700018;0,37045188001471585
2021-10-08;233357,0455360002;0,5266873759765661
2021-10-11;232190,5174240002;0,9991264650974966
2021-10-12;230563,03903700018;0,9997121068655348
2021-10-13;231383,08242900018;0,8787791285146923
2021-10-14;236082,1358950002;0,6406137810836493
2021-10-15;237234,1167160002;0,8203215226247208
2021-10-18;240442,54981500015;0,8227191281002589
2021-10-19;241519,33740100017;0,1192823726249619
2021-10-20;241570,3384010002;0,7057874718417586
2021-10-21;242986,2899130002;0,7075019334858463
2021-10-22;239875,36452700017;0,9999683757645762
2021-10-25;243552,98166600015;0,9999688532862613
2021-10-26;245349,0928500002;0,9999690812999875
2021-10-27;256044,08358200017;0,8840395252933412
2021-10-28;256300,93151400014;0,8841557332522675
2021-10-29;259677,42147000015;0,5978883286852744
2021-11-01;257355,08743400016;0,7964724021496837
2021-11-02;259638,57135000013;0,7560075540448004
2021-11-03;259136,64177200012;0,8158742865280288
2021-11-04;260663,99343800015;0,8151221017855595
2021-11-05;261877,34012500013;0,9994866622177544
2021-11-08;263954,45773000014;0,9994907017894062
2021-11-09;263180,19480400014;0,9994892034596287
2021-11-10;259875,53900800014;0,9994827080166402
2021-11-11;261233,04177300015;0,8078422572416396
2021-11-12;263325,89274900017;0,8093694808476415
2021-11-15;263505,81628300017;0,9991001168044599
2021-11-16;264701,5810130001;0,6905078425354146
2021-11-17;264587,20221300016;0,999561901516662
2021-11-18;266264,7041050001;0,9995646615934703
2021-11-19;266321,1578500002;0,9287839032012523
2021-11-22;265832,77179900015;0,9989628665038762
2021-11-23;267037,53940300015;0,8983735052507181
2021-11-24;267307,23803900013;0,763571396698284
2021-11-26;267715,61641300016;0,9323196931513769
2021-11-29;273059,1456420002;0,9998495769958424
2021-11-30;273266,97003300017;0,9998496913952125
2021-12-01;266371,55210200016;0,9998458004367358
2021-12-02;264033,19700000016;0,9998444348003703
2021-12-03;258754,23050700015;0,9998412610417241
2021-12-06;254449,26221700016;0,8876429235718567
2021-12-07;261657,57045100018;0,24630048954409547
2021-12-08;261000,94345400017;0,5417892427309261
2021-12-09;258944,08164400017;0,7684112396264544
2021-12-10;260983,32142400017;0,6417843169521295
2021-12-13;258993,95587300014;0,8192087686750473
2021-12-14;257049,87487100018;0,9992298427062081
2021-12-15;266842,07620300015;0,7879376120805196
2021-12-16;259998,93039100018;0,89098547390416
2021-12-17;256575,1875680002;0,9991757957345578
2021-12-20;255494,6161880002;0,9991723099016514
2021-12-21;261225,1125110002;0,9991904669426019
2021-12-22;265845,5379640002;0,7957179541928053
2021-12-23;266511,07008200017;0,34683805128079376
2021-12-27;267162,3765220002;0,3484303734823772
2021-12-28;265824,42392200016;0,8030955166581732
2021-12-29;264709,3684500001;0,9557017006286461
2021-12-30;263264,63244500017;0,9554586017077326
2021-12-31;262497,79036400013;0,9553284816845898
2022-01-03;271187,09389900015;0,9983820212691848
2022-01-04;262168,2594490002;0,9983263612806434
2022-01-05;252144,78864600015;0,9982598293926425
2022-01-06;251672,91325300015;0,9982565666510204
2022-01-07;246956,88831000018;0,72950219530971
2022-01-10;250084,17650100018;0,7328847547428375
2022-01-11;252087,14892200014;0,7350071337366366
2022-01-12;255490,72057100016;0,21394769585304638
2022-01-13;254218,13114200017;0,7688503852182877
2022-01-14;254264,03003000014;0,6869929965531897
2022-01-18;250532,78891200013;0,9995992125244915
2022-01-19;248804,83686400013;0,9995964290515179
2022-01-20;246723,97106500017;0,9995930253409641
2022-01-21;240892,91813800018;0,9995831741141404
2022-01-24;239915,35250100016;0,9995814757040205
2022-01-25;235963,53172200016;0,9995744664301836
2022-01-26;239795,27267100016;0,9995812661238827
2022-01-27;239981,07113900012;0,999581590316588
2022-01-28;246950,42600700015;0,0
2022-01-31;246950,42600700015;0,12481715424992326
2022-02-01;247172,72659200017;0,12560427045515635
2022-02-02;247634,87717700016;0,27261789839379763
2022-02-03;245395,67861700014;0,9332950927161675
2022-02-04;247276,60855000015;0,9338024890992054
2022-02-07;244003,73187300013;0,9996615686105853
2022-02-08;242586,16114800013;0,9996595909609627
2022-02-09;245598,37332100017;0,9996637660059245
2022-02-10;240828,33333000014;0,9996571062845542
2022-02-11;234321,24514200012;0,9996475841447919
2022-02-14;233651,98291200015;0,6631443676656347
2022-02-15;236665,21761200018;0,8335199914226754
2022-02-16;235295,40715700015;0,8325508009949782
2022-02-17;229292,76190300018;0,9549893054087499
2022-02-18;226950,12560000014;0,9998601175261911
2022-02-22;223534,31673900015;0,9998579799940193
2022-02-23;220460,1301470002;0,999855999608732
2022-02-24;225815,67643500018;0,7022210543413901
2022-02-25;229949,39156000016;0,2508009197708701
2022-02-28;230100,09238200018;0,25129159718026783
2022-03-01;228034,13402600016;0,4958739720743176
2022-03-02;230751,85178900015;0,2546968478967657
2022-03-03;229882,13222200016;0,2518771214201338
2022-03-04;227871,41233400017;0,8408852096731827
2022-03-07;215831,32560000016;0,9996478648231952
2022-03-08;216870,18026500015;0,9177630588529628
2022-03-09;226543,22114000015;0,9212744474928316
2022-03-10;224726,37162300016;0,9206379735400185
2022-03-11;217720,17023100017;0,9180841158075635
2022-03-14;216057,53234200017;0,8716043425503498
2022-03-15;222395,08780200017;0,8752632120332711
2022-03-16;232152,00066100014;0,48729147710508747
2022-03-17;234994,78681800014;0,12310128056757454
2022-03-18;235366,30633800014;0,12448544211729229
2022-03-21;234928,54657800015;0,2685378560372356
2022-03-22;235816,39001600016;0,1468546370320159
2022-03-23;234855,28037800017;0,288310662408861
2022-03-24;235899,95855800016;0,29146236420001376
2022-03-25;236405,91855800018;0,29297878859579896
2022-03-28;236194,79783000017;0,4101485685799277
2022-03-29;236498,32133000018;0,23439917758083462
2022-03-30;237447,24863800016;0,7596684785933228
2022-03-31;235532,60316400015;0,8855400137524541
2022-04-01;234922,75743800015;0,8852428823286093
2022-04-04;236688,19117100016;0,8860988442827592
2022-04-05;231887,18790100017;0,9989213344330737
2022-04-06;227244,51398400016;0,9988992969704088
2022-04-07;227382,14983400016;0,5111303602452856
2022-04-08;225198,63919400016;0,6288999348525961
2022-04-11;220063,93073300016;0,9339952652457916
2022-04-12;219717,99712600018;0,9338913445097969
2022-04-13;223989,36679400015;0,19300638964598388
2022-04-14;224497,32878600017;0,49449750835931944
2022-04-18;226418,39084400018;0,49878647823184386
2022-04-19;227332,91917500016;0,37561864008030743
2022-04-20;227527,51625600015;0,1246277434510175
2022-04-21;225812,83559600014;0,542194728124519
2022-04-22;222936,73451400013;0,9979533223988643
2022-04-25;222209,96428900014;0,9979466284400877
2022-04-26;214788,37333100016;0,9978756782132849
2022-04-27;215462,76749400015;0,9978823272980895
2022-04-28;225134,13907400015;0,530106885885361
2022-04-29;221721,82978900016;0,8205763874136411
2022-05-02;222058,81586800015;0,8208486723010894
2022-05-03;223973,26460500015;0,5191906792093255
2022-05-04;227710,79745900014;0,29450506388514436
2022-05-05;224146,36694700015;0,8625664339307177
2022-05-06;221900,77708700014;0,8611756347346076
2022-05-09;210995,6384300001;0,999707127145092
2022-05-10;212853,7755580001;0,9997096838200867
2022-05-11;209946,60253400012;0,9997056637532865
2022-05-12;206729,01618000012;0,9997010826242877
2022-05-13;216283,2053060001;0,6381429410560482
2022-05-16;216756,7891600001;0,4407447003954317
2022-05-17;220283,83679500013;0,11319101458725792
2022-05-18;218743,05609800012;0,5482052550197334
2022-05-19;216375,4446910001;0,5432616515837451
2022-05-20;216188,68506900012;0,5428670875422648
2022-05-23;217045,3898370001;0,5446714472018106
2022-05-24;216164,76624800015;0,7300061293104464
2022-05-25;219993,7208330001;0,4846567756401449
2022-05-26;222165,2403390001;0,5935693009616623
2022-05-27;224747,53804700013;0,5982390965541198
2022-05-31;223820,0870760001;0,7725360379709224
2022-06-01;222030,15960600012;0,8456244683432915
2022-06-02;223362,1923630001;0,4527774726782845
2022-06-03;222872,8048670001;0,5248745432481468
2022-06-06;222597,42854200007;0,5242867633126315
2022-06-07;225003,18453600007;0,32951569102408595
2022-06-08;224626,07245600008;0,566568819044499
2022-06-09;222420,7909930001;0,8884640075856001
2022-06-10;218721,9257410001;0,9430083044131528
2022-06-13;211052,6419250001;0,999277604825936
2022-06-14;211042,56905900012;0,7920895168418208
2022-06-15;212343,4109970001;0,8965902797364863
2022-06-16;207594,41084600007;0,6522653388074537
2022-06-17;204580,71209800008;0,5430439204443752
2022-06-21;209726,51188000006;0,5542556860599038
2022-06-22;209219,77232700007;0,37163414148293594
2022-06-23;208732,1313870001;0,19186648104382
2022-06-24;209526,43279700007;0,19493006392931236
2022-06-27;210527,53138700008;0,19875832511939026
2022-06-28;211688,43185700008;0,20315233866464072
2022-06-29;210099,83326700007;0,19712724549079966
2022-06-30;208934,23138700007;0,32687295105558917
2022-07-01;208655,3332670001;0,26309865953798856
2022-07-05;210322,3144010001;0,3907171678480219
2022-07-06;210487,7362150001;0,5126613192075844
2022-07-07;214859,5176640001;0,5225772783758451
2022-07-08;214869,1787980001;0,5225987446694944
2022-07-11;212008,1365930001;0,5161562318387598
2022-07-12;211049,2783360001;0,5139579888698319
2022-07-13;211566,2928760001;0,5151457526831934
2022-07-14;211317,23545900008;0,2396030748794445
2022-07-15;212169,83667700007;0,0
2022-07-18;212169,83667700007;0,0
2022-07-19;212169,83667700007;0,0
2022-07-20;212169,83667700007;0,12481462482961286
2022-07-21;211753,68852200004;0,39385831438461627
2022-07-22;211972,14840000006;0,5399092865541761
2022-07-25;214139,31621500006;0,5445655720218998
2022-07-26;213702,23569600005;0,828072230192921
2022-07-27;219195,78739100005;0,832381136410888
2022-07-28;218241,28851000004;0,8316480394849002
2022-07-29;224233,49663300006;0,2900695110885038
2022-08-01;224516,84408000007;0,468128482202207
2022-08-02;224143,01593800006;0,4672414211423341
2022-08-03;225966,97490400012;0,5166700052633809
2022-08-04;223086,17011000012;0,3353368865452883
2022-08-05;224167,2458200001;0,3385423108911173
2022-08-08;224596,2458200001;0,33980575742643976
2022-08-09;226003,3649620001;0,3439161916065665
2022-08-10;226741,2458200001;0,0
2022-08-11;226741,2458200001;0,0
2022-08-12;226741,2458200001;0,0
2022-08-15;226741,2458200001;0,12499816651135301
2022-08-16;226477,2255130001;0,24876390664175652
2022-08-17;226933,06428100012;0,25027290902692473
2022-08-18;228275,94428100012;0,3779836271612858
2022-08-19;227701,20551800012;0,4995692921485551
2022-08-22;226020,08668800013;0,49584712966995825
2022-08-23;228222,47584600013;0,8119787514137943
2022-08-24;228336,36634700012;0,7326632296791733
2022-08-25;229545,10625700012;0,7340709731460956
2022-08-26;221426,71347100014;0,8617820979535586
2022-08-29;219905,57060900013;0,8608260095083397
2022-08-30;217886,48753300012;0,9999775336182819
2022-08-31;219066,23190200015;0,9999776546072043
2022-09-01;218538,27510300014;0,9999776006239739
2022-09-02;215974,42901800014;0,9999773347195666
2022-09-06;214611,82911600012;0,9999771908145964
2022-09-07;218329,6638590001;0,738451780872624
2022-09-08;219488,65500500012;0,7398328639642023
2022-09-09;223509,95280100012;0,36915143490035585
2022-09-12;223840,16987500014;0,0
2022-09-13;223840,16987500014;0,27048987415355874
2022-09-14;224394,37208500016;0,27229159547216797
2022-09-15;223284,27089500014;0,45085218413499184
2022-09-16;221708,84662500018;0,630382581153351
2022-09-19;222977,15408500013;0,8157157755931536
2022-09-20;220056,0504850002;0,9984423414841597
2022-09-21;215182,06693500016;0,9984070597244347
2022-09-22;215681,35503500016;0,9984107472760243
2022-09-23;212450,25298500014;0,9983865767341573
2022-09-26;208305,24674900016;0,9983544716883047
2022-09-27;207005,33046700014;0,998344138384133
2022-09-28;213649,07088300015;0,9983956299010172
2022-09-29;208385,67380100014;0,998355106784704
2022-09-30;206138,87228700015;0,9983371783439131
2022-10-03;212151,59022100014;0,7331183217056292
2022-10-04;215775,03217900015;0,0
2022-10-05;215775,03217900015;0,0
2022-10-06;215775,03217900015;0,0
2022-10-07;215775,03217900015;0,1249912917525441
2022-10-10;216402,63169900014;0,3921129788524289
2022-10-11;213780,5181930001;0,8278946019684368
2022-10-12;215671,4971780001;0,8294035991940375
2022-10-13;222587,2910260001;0,8347040345142508
2022-10-14;219035,97951500013;0,8320240297668517
2022-10-17;225932,31894900015;0,8371513144017904
2022-10-18;227983,90342300013;0,8386167592422742
2022-10-19;235926,87280100014;0,5611950382298236
2022-10-20;236947,56243500015;0,27546221159335627
2022-10-21;239948,46411500016;0,0
2022-10-24;239948,46411500016;0,08239894726112566
2022-10-25;240548,36250500017;0,08468733280018295
2022-10-26;241080,36292500017;0,0867071850912346
2022-10-27;240962,76341500017;0,08626146150308493
2022-10-28;240877,36334500017;0,23791169369419088
2022-10-31;240265,18291700014;0,3173631754183089
2022-11-01;237562,27187800017;0,5456844207929339
2022-11-02;231325,08334200014;0,6497413511088564
2022-11-03;227346,92231400017;0,8802925892068509
2022-11-04;227699,80430600018;0,9983343391306104
2022-11-07;229964,22091000015;0,9983507405956487
2022-11-08;231665,74578500018;0,5230594796887137
2022-11-09;226959,81984900017;0,5939578155009443
2022-11-10;241455,06004900017;0,6183336931257583
2022-11-11;246129,38063300017;0,6255820381622319
2022-11-14;245453,54029300017;0,29372026351683467
2022-11-15;245782,94322100014;0,2946668329171996
2022-11-16;244450,70395300013;0,36843862610154954
2022-11-17;242123,18091300013;0,44041829455526743
2022-11-18;240683,66315700015;0,6360154984434713
2022-11-21;238265,84132500016;0,9383211585627395
2022-11-22;241557,46014700015;0,8280948278155844
2022-11-23;244782,23876900016;0,8303595187795177
2022-11-25;243181,06100800016;0,8292425544700043
2022-11-28;241787,06005800018;0,8282580681983598
2022-11-29;239390,57267000017;0,9999641760788468
2022-11-30;253254,08511400013;0,5177005509584656
2022-12-01;253164,60430800013;0,5175300826437833
2022-12-02;250758,54957400012;0,5129007328942349
2022-12-05;249363,50994800017;0,8154540794296787
2022-12-06;245452,33944400013;0,9357570649612906
2022-12-07;244266,42062600012;0,9354451641056973
2022-12-08;243333,36021000016;0,9351976289465956
2022-12-09;244457,86100000015;0,6789199564418994
2022-12-12;245698,08077000018;0,34948038330987385
2022-12-13;247216,97910200016;0,35347716849960076
2022-12-14;246598,15966000018;0,3518547683228073
2022-12-15;241614,3825200002;0,9170287839080079
2022-12-16;239819,76993700018;0,9164078960284782
2022-12-19;238525,4302510002;0,9159542899811367
2022-12-20;238274,45924800017;0,9158657658639994
2022-12-21;244647,52601000018;0,23809162996653005
2022-12-22;240545,66742200017;0,6029209372645539
2022-12-23;239691,12634900017;0,6015052804836611
2022-12-27;231685,68237600016;0,6564218961626868
2022-12-28;230477,58928500017;0,8378386090467819
2022-12-29;236932,06535400017;0,38431779801079874
2022-12-30;237539,44756900016;0,25357363436447067
2023-01-03;237947,55790000016;0,1147836953698779
2023-01-04;238513,35767000017;0,21485798901419642
2023-01-05;237685,07777400018;0,3103298320904036
2023-01-06;239126,71581900018;0,19471060935843984
2023-01-09;239580,04623300018;0,3294308156166001
2023-01-10;239650,5177450002;0,3296280028572902
2023-01-11;241287,97687200017;0,334177366482602
2023-01-12;242817,5262330002;0,23090154058813653
2023-01-13;242963,17720100022;0,231362597841302
2023-01-17;242417,79577400017;0,6777168671856247
2023-01-18;240803,6361590002;0,9649990491072359
2023-01-19;239099,3266670002;0,9990879260387717
2023-01-20;244098,37884300022;0,9991066050047778
2023-01-23;247613,72193600022;0,7898178754065504
2023-01-24;245968,0960850002;0,656553354326867
2023-01-25;246022,13414300018;0,6566287914001345
2023-01-26;244947,7995470002;0,3708524947682572
2023-01-27;243681,2944470002;0,4371660417134303
2023-01-30;243924,7734090002;0,8345659253054317
2023-01-31;246408,3300290002;0,4657162257115826
2023-02-01;251761,1595480002;0,47707592060522047
2023-02-02;254430,1424570002;0,4389343061067306
2023-02-03;252868,32321100018;0,5247919837403627
2023-02-06;252117,48521900017;0,8210669829789321
2023-02-07;255580,0839710002;0,8234911673355624
2023-02-08;251537,81375300017;0,9994034228581332
2023-02-09;249026,28089800023;0,9993974061313565
2023-02-10;251594,11552800023;0,9994035563602698
2023-02-13;252838,0575590002;0,4677656038367631
2023-02-14;250636,97263400018;0,5968665340705859
2023-02-15;251101,52607200018;0,7307384286919335
2023-02-16;248732,30684900022;0,8638270967528063
2023-02-17;243117,0853390002;0,983978090862809
2023-02-21;241057,2390810002;0,9991875797642634
2023-02-22;240868,2041190002;0,8232648244640515
2023-02-23;242140,0114010002;0,8241931017938973
2023-02-24;235600,9947500002;0,8193136477154023
2023-02-27;236740,9893150002;0,5968996929508328
2023-02-28;237201,75673500018;0,4472860664288027
2023-03-01;237714,3959430002;0,5394700652363927
2023-03-02;238263,5184810002;0,5405314420187662
2023-03-03;241759,29434100018;0,08995484362361426
2023-03-06;241541,94475500018;0,08913594677246757
2023-03-07;241296,30489300017;0,17769575940258772
2023-03-08;241757,78600500018;0,17926542084606797
2023-03-09;239810,3946150002;0,7729283018051709
2023-03-10;236933,80275300017;0,8398741185547456
2023-03-13;237187,7465710002;0,5789417979477915
2023-03-14;243681,99846700017;0,2712086290647761
2023-03-15;244151,27722100017;0,4536481328612657
2023-03-16;247213,1158530002;0,46041493100503983
2023-03-17;244963,51676900015;0,6811228581288669
2023-03-20;246797,2863170002;0,4694895656679617
2023-03-21;247999,52629600017;0,3418926711247009
2023-03-22;244573,18593700015;0,8894548238989515
2023-03-23;253095,0920940002;0,564066676693903
2023-03-24;253034,2933760002;0,5639619312586622
2023-03-27;253275,37678700016;0,4190008891991388
2023-03-28;252872,23894600017;0,49822847325247216
2023-03-29;255736,1101200002;0,5038475819919924
2023-03-30;256274,90709000017;0,5048907017516145
2023-03-31;258921,82946100016;0,0
