AAPL;
percent/trade;1,15
hitrate;0,71
Number of trades;202
Return;49,20
2017-01-03;100000,0;0,0
2017-01-04;100000,0;0,0
2017-01-05;100000,0;0,0
2017-01-06;100000,0;0,0
2017-01-09;100000,0;0,0
2017-01-10;100000,0;0,0
2017-01-11;100000,0;0,0
2017-01-12;100000,0;0,083176875
2017-01-13;99985,3525;0,16608512731902408
2017-01-17;100119,27249999999;0,16720057569335617
2017-01-18;100117,87694199999;0,2504838289622149
2017-01-19;100073,987778;0,25015511578827493
2017-01-20;100119,96777799999;0,2504994813383369
2017-01-23;100136,68777799999;0,25062462676655206
2017-01-24;100113,69777799999;0,250452541025909
2017-01-25;100512,886942;0,0
2017-01-26;100512,886942;0,0
2017-01-27;100512,886942;0,0
2017-01-30;100512,886942;0,0
2017-01-31;100512,88694200001;0,12495636512010112
2017-02-01;101278,786942;0,1315737026711356
2017-02-02;101256,016942;0,13137841485133617
2017-02-03;101312,941942;0,1318664698104242
2017-02-06;101438,176114;0,13293825548327132
2017-02-07;101566,516942;0,0
2017-02-08;101566,516942;0,0
2017-02-09;101566,516942;0,0
2017-02-10;101566,516942;0,0
2017-02-13;101566,516942;0,0
2017-02-14;101566,516942;0,0
2017-02-15;101566,516942;0,0
2017-02-16;101566,516942;0,0
2017-02-17;101566,516942;0,0
2017-02-21;101566,516942;0,0
2017-02-22;101566,516942;0,0
2017-02-23;101566,516942;0,0
2017-02-24;101566,516942;0,0
2017-02-27;101566,516942;0,0
2017-02-28;101566,516942;0,0
2017-03-01;101566,516942;0,0
2017-03-02;101566,516942;0,0
2017-03-03;101566,516942;0,0
2017-03-06;101566,516942;0,0
2017-03-07;101566,516942;0,0
2017-03-08;101566,516942;0,0
2017-03-09;101566,516942;0,12493506374001419
2017-03-10;101608,607674;0,12529755393211373
2017-03-13;101614,097308;0,1253448091497954
2017-03-14;101594,88304;0,12517938881816346
2017-03-15;101729,388406;0,1263360660412855
2017-03-16;101750,43304;0,0
2017-03-17;101750,43304;0,0
2017-03-20;101750,43304;0,0
2017-03-21;101750,43304;0,12472162778915284
2017-03-22;101893,81840300001;0,12595332279374208
2017-03-23;101848,44340300001;0,25043603169342776
2017-03-24;101797,763403;0,25006286139337525
2017-03-27;101841,204127;0,2503827497188799
2017-03-28;102369,72412700001;0,25425291457960636
2017-03-29;102427,64267900001;0,0
2017-03-30;102427,64267900001;0,12471034630790069
2017-03-31;102403,68124400002;0,2493617944276409
2017-04-03;102410,78982200002;0,24941389802183606
2017-04-04;102600,98374400003;0,25080527761026294
2017-04-05;102467,67124400003;0,24983056021680572
2017-04-06;102403,68124400002;0,2493617944276409
2017-04-07;102346,79982200002;0,24894461119753755
2017-04-10;102316,58303300002;0,24872280470695685
2017-04-11;102042,84874400002;0,24670747162456344
2017-04-12;102073,06624400002;0,24693047479095967
2017-04-13;101939,75374400002;0,2459456423051804
2017-04-17;102078,39803300002;0,0
2017-04-18;102078,39803300002;0,12483835840449153
2017-04-19;102031,46767200003;0,24921633623602232
2017-04-20;102349,58984100001;0,2515499159595698
2017-04-21;102318,86234100001;0,25132514801912204
2017-04-24;102566,48911800001;0,25313267738091666
2017-04-25;102727,35661800002;0,25430224586760714
2017-04-26;102573,71767200003;0,25318531046173814
2017-04-27;102593,60017200002;0,0
2017-04-28;102593,60017200002;0,12496648684231532
2017-05-01;102855,10338600002;0,12719120947167972
2017-05-02;102938,10552900002;0,12789498189561146
2017-05-03;102897,94302900002;0,2522508082273785
2017-05-04;102804,39873500001;0,25157041253328233
2017-05-05;103233,29514700001;0,2546798624858584
2017-05-08;103948,118029;0,0
2017-05-09;103948,118029;0,0
2017-05-10;103948,118029;0,12495449563960666
2017-05-11;104006,59552900001;0,12544648822162485
2017-05-12;104188,80904600001;0,12697597562670196
2017-05-15;104154,90802900001;0,251515025290081
2017-05-16;104116,211202;0,251236836204596
2017-05-17;103237,946202;0,24486696442543396
2017-05-18;103623,23735600001;0,2476746944879536
2017-05-19;103710,728029;0,0
2017-05-22;103710,728029;0,0
2017-05-23;103710,728029;0,12494030832930544
2017-05-24;103671,972355;0,24959614191956692
2017-05-25;103761,409855;0,25024295507631616
2017-05-26;103717,53553000001;0,24992579478040364
2017-05-30;103727,66053000001;0,24999901055803744
2017-05-31;103574,097355;0,24888702854580624
2017-06-01;103644,97168000002;0,24940065331686526
2017-06-02;104028,034855;0,0
2017-06-05;104028,034855;0,12466448918386616
2017-06-06;104071,84519200001;0,12503297254885476
2017-06-07;104149,355192;0,12568414023177238
2017-06-08;104117,34086600001;0,2500863012388259
2017-06-09;103107,65952200002;0,2427427743392784
2017-06-12;102509,58019400001;0,2383246517424519
2017-06-13;102706,13952200001;0,23978234838361134
2017-06-14;102465,90086600001;0,23799996355755454
2017-06-15;102319,73885000001;0,23691145939628244
2017-06-16;101980,380866;0,23437214559343394
2017-06-19;102664,13952200001;0,0
2017-06-20;102664,13952200001;0,12465045931892985
2017-06-21;102740,03452200002;0,12529708800363953
2017-06-22;102718,85522800001;0,24987903290031394
2017-06-23;102833,41702300002;0,25071470681785823
2017-06-26;102752,343433;0,25012350620264223
2017-06-27;102383,978818;0,24742554535833627
2017-06-28;102754,10452300002;0,25013635824393626
2017-06-29;102375,16561300002;0,24736075823045414
2017-06-30;102435,09272800002;0,0
2017-07-03;102435,09272800002;0,12467895190872402
2017-07-05;102487,60237200002;0,12512742368050134
2017-07-06;102366,56237200001;0,24888306978030084
2017-07-07;102625,38665800002;0,2507774090807168
2017-07-10;102782,46737200001;0,2519224333493071
2017-07-11;102866,36308600001;0,0
2017-07-12;102866,36308600001;0,0
2017-07-13;102866,36308600001;0,0
2017-07-14;102866,36308600001;0,0
2017-07-17;102866,36308600001;0,0
2017-07-18;102866,36308600001;0,0
2017-07-19;102866,36308600001;0,0
2017-07-20;102866,363086;0,12495892021820129
2017-07-21;102860,37877;0,24981602237201253
2017-07-24;103171,597402;0,2520789633087124
2017-07-25;103282,74877;0,25288386487624653
2017-07-26;103405,869454;0,25377342221056004
2017-07-27;102909,96740200001;0,25017750919528176
2017-07-28;102728,708086;0,2488544874778189
2017-07-31;102597,037402;0,2478904845599783
2017-08-01;102822,75877;0,0
2017-08-02;102822,75877;0,0
2017-08-03;102822,75877;0,12482183724236598
2017-08-04;102890,40811;0,12539725749951638
2017-08-07;103090,05778;0,12709105952738947
2017-08-08;103194,83311;0,12797733764366373
2017-08-09;103275,68278;0,0
2017-08-10;103275,68278;0,12482668056004888
2017-08-11;103454,961784;0,12634328448441312
2017-08-14;103651,67278;0,1280013173753625
2017-08-15;103796,92278;0,12922156365298754
2017-08-16;103742,971784;0,25365886376178154
2017-08-17;103237,757438;0,25000649607775915
2017-08-18;103178,897438;0,24957865066811627
2017-08-21;103131,483746;0,24923365178479684
2017-08-22;103551,677438;0,0
2017-08-23;103551,677438;0,0
2017-08-24;103551,677438;0,12496840365283356
2017-08-25;103599,614613;0,12537329456793317
2017-08-28;103730,427113;0,12647626993483968
2017-08-29;103847,427438;0,1274604306678906
2017-08-30;103883,177763;0,0
2017-08-31;103883,177763;0,0
2017-09-01;103883,177763;0,0
2017-09-05;103883,17776299999;0,12481712900217264
2017-09-06;103869,578083;0,249405082008703
2017-09-07;103765,576803;0,24865278211660305
2017-09-08;103344,778083;0,24559345049457404
2017-09-11;103803,977443;0,24893073113878564
2017-09-12;103701,577443;0,24818908867752545
2017-09-13;103507,976163;0,24678290182946275
2017-09-14;103288,777443;0,2451844297796584
2017-09-15;103544,778083;0,24705061050490448
2017-09-18;103351,177443;0,2456401622903763
2017-09-19;103360,776803;0,24571022147409857
2017-09-20;102935,17872299999;0,2425915181747326
2017-09-21;102506,37744299999;0,2394231521218972
2017-09-22;102266,37744299999;0,23763822096412263
2017-09-25;102051,978083;0,23603658735952146
2017-09-26;102466,37744299999;0,0
2017-09-27;102466,37744299999;0,0
2017-09-28;102466,37744299999;0,12490809492235404
2017-09-29;102536,51710899998;0,12550669779742735
2017-10-02;102510,63210899998;0,2501966508774287
2017-10-03;102622,35460899997;0,2510129438283312
2017-10-04;102455,60460899997;0,24979394178258416
2017-10-05;102774,09777599998;0,2521188028959847
2017-10-06;102759,09094299999;0,2520095830875397
2017-10-09;102849,13460899999;0,0
2017-10-10;102849,13460899999;0,0
2017-10-11;102849,13460899999;0,0
2017-10-12;102849,13460899999;0,12475554654669113
2017-10-13;102930,562438;0,12544794785103572
2017-10-16;103168,264938;0,1274629396636912
2017-10-17;103216,79210899999;0,1278731612397121
2017-10-18;103158,39427999998;0,25204870171230437
2017-10-19;102543,19927999999;0,24756146216662106
2017-10-20;102587,14243099999;0,0
2017-10-23;102587,14243099999;0,12482987337924206
2017-10-24;102663,40308699998;0,12547996918710405
2017-10-25;102606,82275899997;0,24999546780869447
2017-10-26;102770,82275899997;0,2511923127884006
2017-10-27;103695,78275899998;0,2578716312711296
2017-10-30;104297,66210299998;0,0
2017-10-31;104297,66210299998;0,0
2017-11-01;104297,66210299998;0,12481027606490874
2017-11-02;104392,82210299998;0,12560806131921956
2017-11-03;104735,24210299998;0,12846678663107422
2017-11-06;104871,74210299998;0,1296011654564781
2017-11-07;104915,42179099999;0,0
2017-11-08;104915,42179099999;0,0
2017-11-09;104915,42179099999;0,12489165152576288
2017-11-10;104825,27649299998;0,24911133911241132
2017-11-13;104720,62649299999;0,24836095687164866
2017-11-14;104327,44089499999;0,24552820602376768
2017-11-15;103989,571493;0,24307687431620528
2017-11-16;104291,56268899998;0,2452686539205339
2017-11-17;104149,535297;0,24423943641669535
2017-11-20;104124,12089499999;0,24405497192745354
2017-11-21;104596,54149299998;0,24746927221998335
2017-11-22;104868,63268899999;0,24942178156904338
2017-11-24;104870,12649299999;0,0
2017-11-27;104870,12649299999;0,12491900827328968
2017-11-28;104793,37239599999;0,24896902456205214
2017-11-29;104252,17808699998;0,24507026966553055
2017-11-30;104609,45739599998;0,2476486290138295
2017-12-01;104488,85679299998;0,2467802681972444
2017-12-04;104300,41929299998;0,24541944103879493
2017-12-05;104276,29868999998;0,24524489573633526
2017-12-06;104181,32558699998;0,24455685079302966
2017-12-07;104228,05989599999;0,2448955802446015
2017-12-08;104235,59558699999;0,2449501703637251
2017-12-11;104733,07118999999;0,0
2017-12-12;104733,07118999999;0,12459483473302319
2017-12-13;104776,391798;0,12495677775620742
2017-12-14;104772,591494;0,24985007650115346
2017-12-15;105038,591494;0,25174975810210193
2017-12-18;105410,99149399999;0,254393205299908
2017-12-19;105125,23027799999;0,25236642729668357
2017-12-20;105096,35270999999;0,2521609982900805
2017-12-21;105196,67088599999;0,0
2017-12-22;105196,67088599999;0,0
2017-12-26;105196,67088599999;0,12485081994878902
2017-12-27;105198,98088599999;0,12487003681371386
2017-12-28;105235,94026999999;0,12517738679582383
2017-12-29;105093,48996199999;0,24878833495256425
2018-01-02;105561,624962;0,2521197394562707
2018-01-03;105556,98996199999;0,252086900086667
2018-01-04;105680,59057999999;0,0
2018-01-05;105680,59057999999;0,0
2018-01-08;105680,59057999999;0,12497103804508282
2018-01-09;105679,07497399999;0,2499169774763627
2018-01-10;105673,01376199999;0,2498739540775283
2018-01-11;105822,99997399999;0,25093713093112435
2018-01-12;106097,21436799999;0,2528731272900596
2018-01-16;105960,86557999998;0,25191173609135026
2018-01-17;106401,73118599999;0,2550113697357789
2018-01-18;106425,96936799999;0,0
2018-01-19;106425,96936799999;0,12492505987920653
2018-01-22;106317,19877199999;0,2488919977730732
2018-01-23;106323,17757599999;0,24893423435432038
2018-01-24;105901,58877199999;0,24594427998691595
2018-01-25;105436,643772;0,24261911309807208
2018-01-26;105496,44317399999;0,24304842543088945
2018-01-29;104965,71996799999;0,23922115909513197
2018-01-30;104817,71377199999;0,23814691335757904
2018-01-31;104886,48257599998;0,2386464222009054
2018-02-01;104938,80877199999;0,0
2018-02-02;104938,80877199999;0,12465121486580316
2018-02-05;104611,99409799998;0,2468249542763821
2018-02-06;105691,09343799998;0,2545148235766898
2018-02-07;105115,242118;0,25043084285007083
2018-02-08;104390,89211799999;0,24522971459102866
2018-02-09;104598,79409799998;0,24672990623410507
2018-02-12;105638,29475799997;0,25414222542594445
2018-02-13;105907,24277799999;0,0
2018-02-14;105907,24277799999;0,0
2018-02-15;105907,24277799999;0,0
2018-02-16;105907,24277799999;0,12495842152874069
2018-02-20;105862,72900599998;0,2495867901582481
2018-02-21;105742,80400599999;0,24873573173364674
2018-02-22;105962,66527599999;0,2502945252548972
2018-02-23;106423,91527599999;0,2535438104304085
2018-02-26;106957,42777599998;0,25726719566992445
2018-02-27;106868,25277599998;0,25664743071535967
2018-02-28;106826,73966099999;0,2563585622092891
2018-03-01;106347,04027599999;0,2530042202413047
2018-03-02;106533,07900599999;0,0
2018-03-05;106533,07900599999;0,0
2018-03-06;106533,07900599999;0,1247914509187447
2018-03-07;106409,66900599998;0,2483752674628633
2018-03-08;106698,07960999999;0,25040694923150175
2018-03-09;107157,11840199998;0,2536180498438335
2018-03-12;107419,85900599998;0,25544364192907143
2018-03-13;107155,60900599998;0,25360753629311517
2018-03-14;106924,57960999999;0,2519948238494646
2018-03-15;106956,28779799998;0,0
2018-03-16;106956,28779799998;0,12483137340383335
2018-03-19;106752,28779799998;0,2479600311150983
2018-03-20;106743,22779799998;0,24789620053531675
2018-03-21;106143,75779799998;0,24364853045072146
2018-03-22;105778,33840199996;0,2410356561955405
2018-03-23;105187,92779799998;0,2367756559652804
2018-03-26;106370,25779799998;0,24525907094765473
2018-03-27;105701,32658999998;0,24048269038853137
2018-03-28;105420,46658999997;0,2384591930689159
2018-03-29;105616,76719399997;0,23987460204556663
2018-04-02;105450,66598599998;0,23867728626143989
2018-04-03;105708,87719399997;0,24053694140876966
2018-04-04;106195,09719399997;0,0
2018-04-05;106195,09719399997;0,0
2018-04-06;106195,09719399997;0,12486381824931543
2018-04-09;106326,60969399997;0,12594625045921765
2018-04-10;106578,60937899997;0,12801290596205014
2018-04-11;106514,82219399998;0,2521482932589723
2018-04-12;106779,59657099997;0,2540026921900366
2018-04-13;106871,48844799997;0,0
2018-04-16;106871,48844799997;0,0
2018-04-17;106871,48844799997;0,0
2018-04-18;106871,48844799997;0,1248040978346607
2018-04-19;106493,48904799999;0,24664043635720548
2018-04-20;105417,32843999998;0,2389497094335585
2018-04-23;105344,36904799998;0,23842262130361916
2018-04-24;104994,76904799999;0,23588680495765876
2018-04-25;105102,68722399998;0,23667138720236156
2018-04-26;105189,32843999998;0,23730011751370778
2018-04-27;104900,52965599998;0,23520034929193326
2018-04-30;105347,40783199998;0,2384445892779697
2018-05-01;105931,08965599998;0,0
2018-05-02;105931,08965599998;0,0
2018-05-03;105931,08965599998;0,0
2018-05-04;105931,08965599998;0,0
2018-05-07;105931,08965599998;0,0
2018-05-08;105931,08965599998;0,0
2018-05-09;105931,08965599998;0,0
2018-05-10;105931,08965599998;0,0
2018-05-11;105931,08965599998;0,12462157958414122
2018-05-14;105900,28937599999;0,24917813287845728
2018-05-15;105660,46355899998;0,24747393377087581
2018-05-16;105904,49687599999;0,2492079624239355
2018-05-17;105737,60105899998;0,24802291520087213
2018-05-18;105642,22993699998;0,24734404938804
2018-05-21;105827,36105899999;0,24866072249811674
2018-05-22;105761,44355899998;0,24819243835639074
2018-05-23;105929,74299799999;0,2493868978847497
2018-05-24;105900,28937599999;0,24917813287845728
2018-05-25;105960,59799799998;0,0
2018-05-29;105960,59799799998;0,12457436714588144
2018-05-30;105932,49855999998;0,24912680583147387
2018-05-31;105843,82549699998;0,24849774479991274
2018-06-01;106318,15412299999;0,2518505027092776
2018-06-04;106541,94605999999;0,25342199479625316
2018-06-05;106750,25549699998;0,25487884605357825
2018-06-06;106844,55799699998;0,0
2018-06-07;106844,55799699998;0,12493608286886085
2018-06-08;106723,11716899998;0,24877880397699018
2018-06-11;106658,02216899997;0,24832032234794185
2018-06-12;106803,44772299998;0,24934382332926408
2018-06-13;106584,61716899998;0,24780263932572333
2018-06-14;106598,46827699998;0,2479003777552563
2018-06-15;106327,00716899997;0,24598020900211506
2018-06-18;106313,15827699998;0,24588198655420146
2018-06-19;105890,73327699998;0,24287361847541475
2018-06-20;106002,91772299998;0,2436748964542462
2018-06-21;105858,87883099998;0,24264578835193543
2018-06-22;105784,08772299998;0,24211032633815932
2018-06-25;105403,21272299998;0,23937168847315843
2018-06-26;105716,22161499997;0,0
2018-06-27;105716,22161499997;0,12499009220289
2018-06-28;105812,36632799997;0,12578515594994324
2018-06-29;105784,38382799999;0,25023287031704095
2018-07-02;106080,39268399998;0,25232503555802926
2018-07-03;105614,21382799998;0,2490248144329538
2018-07-05;105825,85268399998;0,2505266736207308
2018-07-06;106193,36382799997;0,0
2018-07-09;106193,36382799997;0,0
2018-07-10;106193,36382799997;0,12457770503839928
2018-07-11;106021,69854999997;0,24809261613173814
2018-07-12;106462,69798999997;0,25120723506849396
2018-07-13;106504,69798999997;0,25150252059787104
2018-07-16;106445,89854999997;0,25108905955118177
2018-07-17;106521,49742999997;0,2516205656760829
2018-07-18;106374,49686999997;0,2505863685783279
2018-07-19;106581,69854999997;0,0
2018-07-20;106581,69854999997;0,12483456783866392
2018-07-23;106593,51327199998;0,12493157032941221
2018-07-24;106690,11827199998;0,12572392098959995
2018-07-25;106816,60882799998;0,1267592250358986
2018-07-26;106774,21382799998;0,25100611976570536
2018-07-27;106328,47217199998;0,24786624795442383
2018-07-30;106180,81327599997;0,24682030343728487
2018-07-31;106233,25161999997;0,0
2018-08-01;106233,25161999997;0,0
2018-08-02;106233,25161999997;0,0
2018-08-03;106233,25161999997;0,0
2018-08-06;106233,25161999997;0,0
2018-08-07;106233,25161999997;0,12477298583887594
2018-08-08;106242,21161999996;0,12484679862879539
2018-08-09;106346,53187599996;0,12570527708028562
2018-08-10;106260,13161999996;0,24998877372932066
2018-08-13;106431,65110799996;0,2511974512250184
2018-08-14;106544,29161999996;0,0
2018-08-15;106544,29161999996;0,0
2018-08-16;106544,29161999996;0,0
2018-08-17;106544,29161999996;0,0
2018-08-20;106544,29161999997;0,12487440942826179
2018-08-21;106518,35563199998;0,24932265293083142
2018-08-22;106519,59211399997;0,24933136681162119
2018-08-23;106573,93211399997;0,24971411832241114
2018-08-24;106656,67711399998;0,25029619538461934
2018-08-27;106876,50711399998;0,0
2018-08-28;106876,50711399998;0,0
2018-08-29;106876,50711399998;0,0
2018-08-30;106876,50711399998;0,0
2018-08-31;106876,50711399998;0,0
2018-09-04;106876,50711399998;0,0
2018-09-05;106876,50711399998;0,124710402921224
2018-09-06;106655,02031899997;0,2478772294911873
2018-09-07;106441,71984499997;0,2463700371638805
2018-09-10;106089,77437099998;0,24386992199195623
2018-09-11;106743,89531899997;0,2485034471407232
2018-09-12;106414,46531899997;0,24617701991425261
2018-09-13;107047,25484499996;0,2506331013611525
2018-09-14;106742,70889699997;0,24849509441993833
2018-09-17;106036,44984499997;0,2434896727657415
2018-09-18;106079,10984499997;0,24379390543329466
2018-09-19;106094,51389699997;0,0
2018-09-20;106094,51389699997;0,0
2018-09-21;106094,51389699997;0,12463269548354942
2018-09-24;106284,66066799997;0,12619875652515836
2018-09-25;106369,71139699996;0,12689742752635405
2018-09-26;106262,18365399996;0,2509907013283558
2018-09-27;106810,31316999998;0,2548344697077907
2018-09-28;106905,90413799997;0,0
2018-10-01;106905,90413799997;0,0
2018-10-02;106905,90413799997;0,0
2018-10-03;106905,90413799997;0,0
2018-10-04;106905,90413799997;0,12475845316067237
2018-10-05;106689,45343599998;0,24754224253142987
2018-10-08;106628,22484899998;0,2471101625138526
2018-10-09;106993,24890699997;0,24967876293036143
2018-10-10;105755,69687799997;0,24089851187297862
2018-10-11;105530,79390699997;0,23928074540264632
2018-10-12;106432,75937799997;0,24572746824232028
2018-10-15;105873,44687799997;0,2417427669989117
2018-10-16;106437,46843599997;0,2457608391327787
2018-10-17;106324,42984899998;0,24495897140467912
2018-10-18;105715,66234899998;0,24061104008436093
2018-10-19;106103,05890699997;0,0
2018-10-22;106103,05890699997;0,0
2018-10-23;106103,05890699997;0,0
2018-10-24;106103,05890699997;0,12467156828715428
2018-10-25;106392,72439899997;0,12705474290991142
2018-10-26;106177,47439899997;0,25006081225124777
2018-10-29;105679,10939899998;0,2465242245053073
2018-10-30;105809,22439899997;0,24745078361284592
2018-10-31;106491,71390799998;0,25227375928242823
2018-11-01;106904,15390799998;0,0
2018-11-02;106904,15390799998;0,12469664887364522
2018-11-05;106525,72140799998;0,24648598133810073
2018-11-06;106809,66744999998;0,24848914573603054
2018-11-07;107614,61140799997;0,2541103538005911
2018-11-08;107424,44744999998;0,25278997160901856
2018-11-09;106900,84192899997;0,24913010056261523
2018-11-12;105559,26692899998;0,23958713655155156
2018-11-13;105306,58140799997;0,23776250870772173
2018-11-14;104599,32494999998;0,23260858072105564
2018-11-15;105199,77744999997;0,2369886479355856
2018-11-16;105475,90692899998;0,0
2018-11-19;105475,90692899998;0,12466918164402717
2018-11-20;104847,64664599996;0,24433409084988122
2018-11-21;104818,69722499997;0,24412538676255244
2018-11-23;104168,76856699996;0,2394093420232724
2018-11-26;104506,03664599996;0,24186396530010848
2018-11-27;104451,03280399997;0,2414647313859222
2018-11-28;105420,85780399997;0,24844291845637242
2018-11-29;105219,65530399997;0,24700578046858496
2018-11-30;105079,24722499997;0,2459996210731325
2018-12-03;105982,48838299996;0,0
2018-12-04;105982,48838299996;0,12462037833335635
2018-12-06;105835,23058399998;0,24804292346832846
2018-12-07;104899,17368499997;0,24133291246907126
2018-12-10;105065,95178599996;0,24253719467466464
2018-12-11;104920,20868499996;0,2414850143604631
2018-12-12;104990,82678599996;0,2419952007215543
2018-12-13;105268,78748299996;0,0
2018-12-14;105268,78748299996;0,12497208333595113
2018-12-17;105146,35811899995;0,2486860325528952
2018-12-18;105486,09375699997;0,25110576505959836
2018-12-19;104659,88248099996;0,2451938067545479
2018-12-20;104012,31248099997;0,24049446073578457
2018-12-21;103039,36184299996;0,2333228188915969
2018-12-24;102417,31248099997;0,2286662716749638
2018-12-26;104066,54248099995;0,24089024582109975
2018-12-27;103903,85120499996;0,23970164180787845
2018-12-28;103916,61184299996;0,0
2018-12-31;103916,61184299996;0,0
2019-01-02;103916,61184299996;0,0
2019-01-03;103916,61184299996;0,1248581688229283
2019-01-04;104470,49861299997;0,1294980383420562
2019-01-07;104440,38574799997;0,25424488212892776
2019-01-08;104946,57718399997;0,25784190133764057
2019-01-09;105406,09646599996;0,0
2019-01-10;105406,09646599996;0,0
2019-01-11;105406,09646599996;0,12497459586931144
2019-01-14;105208,01215799995;0,24807996524830617
2019-01-15;105742,19354999995;0,25187846495170435
2019-01-16;106067,57285399995;0,2541734478369683
2019-01-17;106227,65215799995;0,0
2019-01-18;106227,65215799995;0,0
2019-01-22;106227,65215799995;0,0
2019-01-23;106227,65215799995;0,0
2019-01-24;106227,65215799995;0,0
2019-01-25;106227,65215799995;0,0
2019-01-28;106227,65215799995;0,1246984666412249
2019-01-29;106090,35614099997;0,2482249055983967
2019-01-30;107889,90000299996;0,2607640983930629
2019-01-31;108092,49818399995;0,2621496510587115
2019-02-01;108106,11818399996;0,0
2019-02-04;108106,11818399996;0,0
2019-02-05;108106,11818399996;0,0
2019-02-06;108106,11818399996;0,0
2019-02-07;108106,11818399996;0,12491670723959702
2019-02-08;108064,24818399997;0,24954953730009663
2019-02-11;107909,16128499998;0,24847099092157499
2019-02-12;108140,20755099997;0,2500766653998338
2019-02-13;108027,84878499998;0,24929667707813744
2019-02-14;108125,96568399997;0,0
2019-02-15;108125,96568399997;0,1249078786447179
2019-02-19;108166,38254999997;0,12523486083800817
2019-02-20;108253,55818399996;0,0
2019-02-21;108253,55818399996;0,12483413857889569
2019-02-22;108404,44849999997;0,1260522994127866
2019-02-25;108503,98818399996;0,0
2019-02-26;108503,98818399996;0,0
2019-02-27;108503,98818399996;0,0
2019-02-28;108503,98818399996;0,12487086512454977
2019-03-01;108646,40380999996;0,12601799985891318
2019-03-04;108715,26443599997;0,0
2019-03-05;108715,26443599997;0,12472666621698289
2019-03-06;108637,24224499996;0,24899933080955033
2019-03-07;108324,14162499996;0,2468286348629537
2019-03-08;108387,69224499995;0,24727023949747726
2019-03-11;109316,14038499996;0,0
2019-03-12;109316,14038499996;0,0
2019-03-13;109316,14038499996;0,0
2019-03-14;109316,14038499996;0,0
2019-03-15;109316,14038499996;0,0
2019-03-18;109316,14038499996;0,0
2019-03-19;109316,14038499996;0,12498906796269255
2019-03-20;109435,53817799996;0,12594373384066535
2019-03-21;109943,16009199998;0,0
2019-03-22;109943,16009199998;0,12468113319218166
2019-03-25;109777,41759199998;0,24800861756638803
2019-03-26;109496,12836099998;0,2460767951280093
2019-03-27;109738,46951499998;0,24774172284482135
2019-03-28;109774,53201499998;0,0
2019-03-29;109774,53201499998;0,0
2019-04-01;109774,53201499998;0,0
2019-04-02;109774,53201499998;0,0
2019-04-03;109774,53201499998;0,0
2019-04-04;109774,53201499998;0,0
2019-04-05;109774,53201499998;0,0
2019-04-08;109774,53201499998;0,0
2019-04-09;109774,53201499998;0,12494359801165765
2019-04-10;109851,53173999998;0,1255569631713904
2019-04-11;109736,71923999998;0,24928414699706677
2019-04-12;109725,71923999998;0,24920888775574915
2019-04-15;109775,21923999998;0,24954743556565914
2019-04-16;109777,96978999997;0,2495662385851088
2019-04-17;110311,47033999997;0,0
2019-04-18;110311,47033999997;0,0
2019-04-22;110311,47033999997;0,0
2019-04-23;110311,47033999997;0,0
2019-04-24;110311,47033999997;0,12488402360642492
2019-04-25;110186,45007399998;0,24871370283365324
2019-04-26;110055,62060799997;0,24782060546590062
2019-04-29;110097,00507399997;0,24810334288058392
2019-04-30;109571,01507399997;0,24449390180338715
2019-05-01;110885,99060799998;0,253453302621011
2019-05-02;110703,09400599997;0,25221990571001285
2019-05-03;111050,19507399997;0,25455718453409987
2019-05-06;110613,64953999997;0,25161523538679914
2019-05-07;109863,38007399997;0,24650443106482506
2019-05-08;109868,71900599997;0,0
2019-05-09;109868,71900599997;0,12468644509500365
2019-05-10;109627,11345999996;0,2473133520011228
2019-05-13;108051,36455999997;0,23633667287764612
2019-05-14;108455,61510999997;0,23918310290979275
2019-05-15;108766,36455999997;0,24135678439007308
2019-05-16;108650,86455999997;0,2405503178077979
2019-05-17;108502,36455999997;0,2395109093279654
2019-05-20;107689,73900999998;0,23377226726923617
2019-05-21;108172,36565999998;0,23719090308743837
2019-05-22;107647,11455999997;0,23346886818774762
2019-05-23;107218,11510999997;0,23040183577799145
2019-05-24;107123,23955999997;0,2297202278523027
2019-05-28;107021,48900999998;0,2289878852994666
2019-05-29;106904,61510999997;0,22814497320722835
2019-05-30;107031,11510999997;0,0
2019-05-31;107031,11510999997;0,12472156434398196
2019-06-03;106896,15230499998;0,24844884535435013
2019-06-04;107867,75669199998;0,2552183418313524
2019-06-05;108312,18046599998;0,2582743109190876
2019-06-06;108722,89169199998;0,2610762513603068
2019-06-07;109478,41296599997;0,0
2019-06-10;109478,41296599997;0,0
2019-06-11;109478,41296599997;0,0
2019-06-12;109478,41296599997;0,1246076501422857
2019-06-13;109475,60212299996;0,24917034797718723
2019-06-14;109277,49880899997;0,24780920918890692
2019-06-17;109439,07324699996;0,2489197339830979
2019-06-18;110079,75268499997;0,2532911253696828
2019-06-19;109998,26268499997;0,25273794112196535
2019-06-20;110221,65937099996;0,2542524879767264
2019-06-21;110126,11824699996;0,25360550652806496
2019-06-24;110098,01824699997;0,25341500641189113
2019-06-25;109675,11437099997;0,2505361975830823
2019-06-26;110269,42880899996;0,0
2019-06-27;110269,42880899996;0,12498532390035502
2019-06-28;110143,84853299995;0,2488738169684272
2019-07-01;110646,60408699996;0,2522867808220401
2019-07-02;110810,03297899995;0,25338955048701406
2019-07-03;111042,71408699996;0,2549540128478759
2019-07-05;111017,78297899995;0,2547866989142679
2019-07-08;110434,69908699996;0,2508520490663526
2019-07-09;110603,66908699996;0,0
2019-07-10;110603,66908699996;0,0
2019-07-11;110603,66908699996;0,12494951672108995
2019-07-12;110709,84436099995;0,1257887259654189
2019-07-15;110840,67963499995;0,1268206365595153
2019-07-16;110792,04408699996;0,2510288552683485
2019-07-17;110635,64517499995;0,2499700801152761
2019-07-18;110949,80463099995;0,25209382420295945
2019-07-19;110532,28354299997;0,24926870750192595
2019-07-22;111161,96408699996;0,0
2019-07-23;111161,96408699996;0,0
2019-07-24;111161,96408699996;0,12483186235482158
2019-07-25;111052,23935299997;0,2488663956262077
2019-07-26;111148,35935299996;0,24951596852564303
2019-07-29;111407,34775099996;0,2512606169798055
2019-07-30;111287,19881899997;0,2504522559268642
2019-07-31;111855,90775099996;0,25426318112147944
2019-08-01;111240,47275099996;0,2501374117160058
2019-08-02;110651,73935299997;0,24614769449859142
2019-08-05;109225,95828499997;0,2363072832801561
2019-08-06;109714,56881899996;0,0
2019-08-07;109714,56881899996;0,0
2019-08-08;109714,56881899996;0,0
2019-08-09;109714,56881899996;0,12457160812022573
2019-08-12;109679,88827499998;0,24904656527833252
2019-08-13;110836,65131999998;0,25688400146443546
2019-08-14;109989,17631999997;0,25115823596704984
2019-08-15;109851,56436499997;0,25022015575189854
2019-08-16;110500,11381999997;0,25462077845305886
2019-08-19;111024,67740999997;0,25814250722081883
2019-08-20;111026,03881999997;0,0
2019-08-21;111026,03881999997;0,0
2019-08-22;111026,03881999997;0,12486274093301028
2019-08-23;110385,28329799997;0,24461394846544038
2019-08-26;110898,29633099996;0,24810834740757554
2019-08-27;110587,82383099996;0,2459974307349928
2019-08-28;110770,37579799996;0,24724004322186735
2019-08-29;111234,08526499997;0,2503781273577232
2019-08-30;111198,10883099996;0,25013559875620656
2019-09-03;110793,02776499996;0,24739394725395164
2019-09-04;111258,07133099997;0,0
2019-09-05;111258,07133099997;0,0
2019-09-06;111258,07133099996;0,12459230664497098
2019-09-09;111317,22159099996;0,12505746910526125
2019-09-10;111481,67133099996;0,12634812137125911
2019-09-11;111929,52133099997;0,12984375852927774
2019-09-12;111897,02133099997;0,2541977807064278
2019-09-13;111343,67184099996;0,2504913349707753
2019-09-16;111490,29582099996;0,0
2019-09-17;111490,29582099996;0,0
2019-09-18;111490,29582099996;0,0
2019-09-19;111490,29582099998;0,12485822556565483
2019-09-20;111286,80506499996;0,24798337032751627
2019-09-23;111412,28807199997;0,24883036224948743
2019-09-24;111280,46705799998;0,24794053903116217
2019-09-25;111705,08057199998;0,25079926854304946
2019-09-26;111560,58557199997;0,24982889214051612
2019-09-27;111424,96408599996;0,24891581739791496
2019-09-30;112077,72557199997;0,2532902711499361
2019-10-01;112156,31006499997;0,0
2019-10-02;112156,31006499997;0,12494562725787374
2019-10-03;112275,35006499996;0,12587340412493245
2019-10-04;112671,50929699997;0,12894688137799576
2019-10-07;112674,70929699996;0,1289716195823096
2019-10-08;112504,46904099996;0,2523153011606595
2019-10-09;112837,16505299996;0,0
2019-10-10;112837,16505299996;0,0
2019-10-11;112837,16505299996;0,0
2019-10-14;112837,16505299996;0,12489885096262712
2019-10-15;112804,30326999997;0,24928783868016358
2019-10-16;112690,77683599996;0,2485315596214159
2019-10-17;112799,52231399997;0,24925602008963846
2019-10-18;112934,55779199996;0,2501536821885111
2019-10-21;113424,50683599997;0,25339272194109175
2019-10-22;113358,78326999996;0,25295985126887655
2019-10-23;113743,57135799996;0,0
2019-10-24;113743,57135799996;0,0
2019-10-25;113743,57135799996;0,0
2019-10-28;113743,57135799996;0,0
2019-10-29;113743,57135799996;0,12459290546975833
2019-10-30;113741,82409099994;0,24915891546918179
2019-10-31;114382,57409099994;0,2533649881925528
2019-11-01;115205,06548899994;0,25869549056283175
2019-11-04;115400,78455699995;0,2599527387544121
2019-11-05;115357,68002299995;0,25967621280202113
2019-11-06;115370,49362499994;0,0
2019-11-07;115370,49362499994;0,0
2019-11-08;115370,49362499994;0,0
2019-11-11;115370,49362499994;0,0
2019-11-12;115370,49362499994;0,12488288042548458
2019-11-13;115508,54406499995;0,12592877970840527
2019-11-14;115407,89494499995;0,24976403711147346
2019-11-15;115750,31406699994;0,2519834275448888
2019-11-18;115897,37906699994;0,25293260394657874
2019-11-19;115808,48156699995;0,252359136244196
2019-11-20;115468,25612799995;0,2501562239493772
2019-11-21;115338,75156699994;0,2493142849850942
2019-11-22;115313,50818899994;0,24914995173775017
2019-11-25;115817,26024999995;0,0
2019-11-26;115817,26024999995;0,12493714586898118
2019-11-27;116011,62209299994;0,12640319578709544
2019-11-29;115979,31981199994;0,25059154983070453
2019-12-02;115643,28274699995;0,2484139134812416
2019-12-03;115131,07111699994;0,24507014945015848
2019-12-04;115380,10644199995;0,24669958286360733
2019-12-05;115797,70600699994;0,2494161990847565
2019-12-06;116355,59394199995;0,0
2019-12-09;116355,59394199995;0,12444963031358924
2019-12-10;116440,22394199995;0,12508598968561752
2019-12-11;116564,45513999995;0,12601844903197484
2019-12-12;116601,88785699995;0,1262990234262825
2019-12-13;116802,07035699995;0,0
2019-12-16;116802,07035699995;0,0
2019-12-17;116802,07035699995;0,0
2019-12-18;116802,07035699995;0,12453956971429855
2019-12-19;116816,63014899995;0,12464868535778983
2019-12-20;116786,47098099993;0,24884526582473815
2019-12-23;117260,71056499994;0,2518831743188833
2019-12-24;117288,78931699994;0,2520622723122862
2019-12-26;117875,35098099994;0,0
2019-12-27;117875,35098099994;0,12477035502842866
2019-12-30;117962,64098099995;0,12541800749766996
2019-12-31;118070,73868399994;0,12621871650930483
2020-01-02;118410,76449599995;0,12872784810467902
2020-01-03;118262,57368399994;0,2521284271867159
2020-01-06;118500,16578299995;0,0
2020-01-07;118500,16578299995;0,12464375635598438
2020-01-08;118737,76518899994;0,1263953820767241
2020-01-09;119056,54518899994;0,12873450320323998
2020-01-10;119091,19439699994;0,12898799515597914
2020-01-13;119419,37959499995;0,0
2020-01-14;119419,37959499995;0,1243709326775121
2020-01-15;119355,72978499994;0,24846008375483047
2020-01-16;119727,20440399993;0,2507918679590989
2020-01-17;120059,62880899994;0,25286629605774874
2020-01-21;119853,88842799995;0,25158377135268367
2020-01-22;119961,52130899995;0,25225527163041833
2020-01-23;120107,25380899994;0,0
2020-01-24;120107,25380899994;0,12456008556977735
2020-01-27;119667,33456099995;0,24591078886276568
2020-01-28;120499,81879899994;0,25112048451687075
2020-01-29;121133,23053699995;0,25503641306390873
2020-01-30;121088,46303699995;0,25476099328780694
2020-01-31;119720,67417999994;0,24624676117071978
2020-02-03;119639,71129899994;0,24573667941679286
2020-02-04;120610,30917999995;0,25180652855034835
2020-02-05;120857,95956099995;0,0
2020-02-06;120857,95956099995;0,0
2020-02-07;120857,95956099995;0,12445527009256045
2020-02-10;120929,39899699995;0,12497250099105282
2020-02-11;120838,21880899995;0,2492857085192027
2020-02-12;121553,57894799995;0,2537037691353589
2020-02-13;121333,97493999996;0,2523530374583145
2020-02-14;121341,51644799995;0,25239950453499393
2020-02-18;120780,72781699995;0,24892837245983404
2020-02-19;121216,16243999996;0,0
2020-02-20;121216,16243999996;0,12485277646445186
2020-02-21;120873,59993999996;0,24733501665243784
2020-02-24;119453,51532199996;0,23838720157577056
2020-02-25;118488,96493999996;0,23218735067802518
2020-02-26;118925,40032199996;0,23500508857088875
2020-02-27;117098,48493999997;0,2230699984494608
2020-02-28;117083,20455799995;0,22296860229058585
2020-03-02;119513,68070399995;0,2387706114472042
2020-03-03;118607,38684999995;0,23295396263086973
2020-03-04;119888,99532199996;0,24115365349712484
2020-03-05;118951,18723199995;0,2351709284871647
2020-03-06;118579,69108599995;0,23277480947375193
2020-03-09;116396,56223199995;0,21838476720072492
2020-03-10;118227,29570399996;0,0
2020-03-11;118227,29570399996;0,12463707711705241
2020-03-12;116772,09591799995;0,23861708426100883
2020-03-13;120110,41136699996;0,25977874977599746
2020-03-16;116096,35226499995;0,23418542329341124
2020-03-17;117291,81386699996;0,2419907584700223
2020-03-18;116596,98636699995;0,23747361199239914
2020-03-19;116384,83386699995;0,2360836381087173
2020-03-20;114640,46931599996;0,2244599189320368
2020-03-23;114093,81091799996;0,2207440688356095
2020-03-24;116620,55931599996;0,2376277442977241
2020-03-25;116467,89931599997;0,2366284668209342
2020-03-26;117918,16931599996;0,0
2020-03-27;117918,16931599996;0,12448120015893349
2020-03-30;118337,06634199995;0,12758041693688352
2020-03-31;118306,25610499996;0,2520196525831901
2020-04-01;116737,45251199996;0,24196774352341116
2020-04-02;117208,79610499996;0,24501609534725804
2020-04-03;116796,07751199996;0,24234823268009004
2020-04-06;119265,36204299996;0,25803474682703365
2020-04-07;118908,92110499996;0,2558106345539869
2020-04-08;119687,46298099996;0,0
2020-04-09;119687,46298099996;0,0
2020-04-13;119687,46298099996;0,0
2020-04-14;119687,46298099996;0,0
2020-04-15;119687,46298099996;0,12476306380034562
2020-04-16;119806,11361099996;0,12562985941493787
2020-04-17;119601,88777099997;0,24886479044536525
2020-04-20;118984,07069199996;0,24496456953006002
2020-04-21;118083,13111299997;0,23920387114371122
2020-04-22;118896,71487599997;0,24440982976112355
2020-04-23;118784,09653399997;0,2436934601907287
2020-04-24;119619,78153399997;0,24897715175591412
2020-04-27;119640,83279699997;0,0
2020-04-28;119640,83279699997;0,12457309941404658
2020-04-29;120130,35908099997;0,12814042811293544
2020-04-30;120455,10279699997;0,1304909380592175
2020-05-01;120202,04886699998;0,2531123107199607
2020-05-04;120632,52094599998;0,25577754803625463
2020-05-05;121095,62010399997;0,0
2020-05-06;121095,62010399997;0,0
2020-05-07;121095,62010399997;0,0
2020-05-08;121095,62010399997;0,0
2020-05-11;121095,62010399997;0,0
2020-05-12;121095,62010399997;0,12472280319493663
2020-05-13;120913,25952199996;0,24807762472520478
2020-05-14;121097,53608199996;0,24922184015010693
2020-05-15;120919,10952199997;0,24811400231608138
2020-05-18;121625,98452199997;0,25248386963268826
2020-05-19;121448,53686199996;0,251391678721433
2020-05-20;122042,31147199997;0,25503389598730236
2020-05-21;121810,26108199997;0,25361472428996434
2020-05-22;122009,16186199996;0,0
2020-05-26;122009,16186199996;0,1246057291434851
2020-05-27;122075,40051799997;0,12508072197353595
2020-05-28;122082,12128599997;0,12512888733488783
2020-05-29;122067,24147799997;0,24939332628800873
2020-06-01;122441,62436099997;0,25168841418781324
2020-06-02;122584,29071199997;0,0
2020-06-03;122584,29071199997;0,0
2020-06-04;122584,29071199997;0,1248952887117473
2020-06-05;123020,34033199998;0,12799712598343457
2020-06-08;123113,43995199999;0,12865654331627413
2020-06-09;123613,61495199997;0,1321822408182525
2020-06-10;124033,99014199998;0,0
2020-06-11;124033,99014199998;0,1245739140884729
2020-06-12;124167,38995799999;0,12551443219730726
2020-06-15;124360,13014199998;0,1268697581289477
2020-06-16;124778,26995799998;0,12979567238311143
2020-06-17;124755,73032599998;0,2543450072881104
2020-06-18;124768,36676999998;0,0
2020-06-19;124768,36677;0,124731455599545
2020-06-22;125175,54159199998;0,12757855583363126
2020-06-23;125516,41176999998;0,12994782729997095
2020-06-24;125228,496592;0,2523009179926417
2020-06-25;125647,94159199999;0,25479692896965356
2020-06-26;124664,26479399999;0,24891682393729164
2020-06-29;125379,42694299998;0,0
2020-06-30;125379,42694299998;0,0
2020-07-01;125379,42694299998;0,12487478762459063
2020-07-02;125379,42694299998;0,12487478762459063
2020-07-06;125798,24797499999;0,127788348429103
2020-07-07;125748,367803;0,2519209663987721
2020-07-08;126486,16712299999;0,2562845439729153
2020-07-09;126625,568143;0,2571032940459089
2020-07-10;126682,516783;0,0
2020-07-13;126682,516783;0,12435644684882088
2020-07-14;126943,217113;0,12615473563069157
2020-07-15;127053,35378800001;0,1269122316669058
2020-07-16;126854,94145299999;0,25033240177534294
2020-07-17;126790,78645300001;0,24995307669889558
2020-07-20;127458,656124;0,253883242033546
2020-07-21;127012,039282;0,2512596457816474
2020-07-22;127101,69145299999;0,0
2020-07-23;127101,69145299999;0,12491175364783286
2020-07-24;127062,36094;0,24928176276337968
2020-07-27;127813,05093999999;0,2536909891245884
2020-07-28;127280,387308;0,2505677139937133
2020-07-29;127891,711966;0,25415001365093226
2020-07-30;128285,012308;0,2564366646745725
2020-07-31;131728,952308;0,0
2020-08-03;131728,952308;0,0
2020-08-04;131728,952308;0,0
2020-08-05;131728,952308;0,0
2020-08-06;131728,952308;0,0
2020-08-07;131728,952308;0,12483702448001101
2020-08-10;131967,972012;0,1264221151059511
2020-08-11;131471,801864;0,24791437812433995
2020-08-12;132555,03246000002;0,25406037002904747
2020-08-13;133151,03246000002;0,25739928532883116
2020-08-14;133120,487162;0,2572288911197336
2020-08-17;133031,086268;0,25672972657831594
2020-08-18;133315,676864;0,0
2020-08-19;133315,676864;0,0
2020-08-20;133315,676864;0,0
2020-08-21;133315,676864;0,0
2020-08-24;133315,676864;0,0
2020-08-25;133315,676864;0,12452942513231957
2020-08-26;133541,44463;0,12600951272935168
2020-08-27;133340,28252900002;0,24938195645991615
2020-08-28;133286,41779500002;0,24907861091338737
2020-08-31;134412,26013500002;0,2553683577935917
2020-09-01;135779,500135;0,26286647176129696
2020-09-02;135040,02040100002;0,25882992538218813
2020-09-03;132241,701199;0,24314629130196902
2020-09-04;132262,981731;0,0
2020-09-08;132262,981731;0,12453764299296248
2020-09-09;132919,981731;0,12886489884316005
2020-09-10;132360,801439;0,24951185743023946
2020-09-11;131927,212021;0,24704531764691612
2020-09-14;132904,972312;0,0
2020-09-15;132904,972312;0,0
2020-09-16;132904,972312;0,12486545286689485
2020-09-17;132640,052164;0,24789886818910914
2020-09-18;131597,052164;0,24193793314095047
2020-09-21;132562,573952;0,24745929124669863
2020-09-22;133078,11276;0,0
2020-09-23;133078,11276;0,12476582452701143
2020-09-24;133248,61245;0,12588573979555914
2020-09-25;133877,91214;0,0
2020-09-28;133877,91214;0,0
2020-09-29;133877,91214;0,12442037039374461
2020-09-30;134129,032432;0,126059656149179
2020-10-01;134272,11287;0,0
2020-10-02;134272,11287;0,12457508263234646
2020-10-05;134787,153314;0,1279202028982173
2020-10-06;134292,833906;0,24942031685358212
2020-10-07;134861,153314;0,0
2020-10-08;134861,153314;0,12446593947567464
2020-10-09;135153,153314;0,12635754125783313
2020-10-12;136237,93346;0,0
2020-10-13;136237,93346;0,12444404645184787
2020-10-14;136250,53402000002;0,12452501857724461
2020-10-15;136183,3336;0,24907239984761248
2020-10-16;135708,443038;0,24644464565579832
2020-10-19;134854,204724;0,24167122493289145
2020-10-20;135284,13444300002;0,0
2020-10-21;135284,13444300002;0,12439951293099169
2020-10-22;135122,85401100002;0,2475654488268637
2020-10-23;134917,6643;0,24642110772888617
2020-10-26;134920,55487800002;0,24643725262666863
2020-10-27;135368,503433;0,0
2020-10-28;135368,503433;0,12486212904293326
2020-10-29;135994,743889;0,12889204022698858
2020-10-30;135012,82404099999;0,24753219217791625
2020-11-02;134985,192813;0,24737816336092297
2020-11-03;135497,884348;0,0
2020-11-04;135497,884348;0,0
2020-11-05;135497,884348;0,0
2020-11-06;135497,884348;0,1243855604469353
2020-11-09;135161,344064;0,24699251277193926
2020-11-10;135060,894351;0,24643247364038776
2020-11-11;136071,13348999998;0,25202721948752105
2020-11-12;135990,773777;0,2515852271647745
2020-11-13;136005,12463799998;0,0
2020-11-16;136005,12463799998;0,0
2020-11-17;136005,12463799998;0,12465250778692502
2020-11-18;135812,00463799998;0,2476846564827745
2020-11-19;135985,854638;0,24864644786040443
2020-11-20;135615,35378299997;0,2465937515711595
2020-11-23;134620,70435299998;0,2410271851268688
2020-11-24;134996,904353;0,0
2020-11-25;134996,904353;0,0
2020-11-27;134996,904353;0,0
2020-11-30;134996,904353;0,0
2020-12-01;134996,904353;0,0
2020-12-02;134996,904353;0,0
2020-12-03;134996,904353;0,12476419629562942
2020-12-04;134902,37407899997;0,24830178289067148
2020-12-07;135313,37407899997;0,2505849863754324
2020-12-08;135485,993257;0,0
2020-12-09;135485,993257;0,12493852282494473
2020-12-10;135688,933118;0,12624728729426166
2020-12-11;135573,563952;0,250104593547493
2020-12-14;135399,05256699998;0,2491380780253817
2020-12-15;137088,752013;0,0
2020-12-16;137088,752013;0,1249303059551954
2020-12-17;137208,011879;0,1256909080003914
2020-12-18;136934,652817;0,24881606207840862
2020-12-21;137356,98066499998;0,0
2020-12-22;137356,98066499998;0,0
2020-12-23;137356,98066499998;0,12489908291476787
2020-12-24;137489,289879;0,12574121334261518
2020-12-28;138107,61000999997;0,0
2020-12-29;138107,61000999997;0,12499933464021286
2020-12-30;137960,41077799996;0,2481314752757963
2020-12-31;137696,73103399997;0,24669169890178794
2021-01-04;136857,05154599997;0,24206981408528147
2021-01-05;137266,64924199996;0,24433144471146667
2021-01-06;136137,69000999996;0,23806485540939737
2021-01-07;137243,61000999997;0,0
2021-01-08;137243,61000999997;0,0
2021-01-11;137243,61000999997;0,12499189919844052
2021-01-12;137219,670941;0,24967849407488404
2021-01-13;137775,60987699998;0,2527061195017235
2021-01-14;137248,931207;0,249838456026178
2021-01-15;136778,10987699998;0,24725622955612211
2021-01-19;136961,65067499998;0,0
2021-01-20;136961,65067499998;0,0
2021-01-21;136961,65067499998;0,0
2021-01-22;136961,65067499998;0,0
2021-01-25;136961,65067499998;0,0
2021-01-26;136961,65067499998;0,0
2021-01-27;136961,65067499998;0,1244669560857715
2021-01-28;136365,250435;0,24529679604808335
2021-01-29;135113,53311899997;0,23830508287901628
2021-02-01;135645,451167;0,24129198196041413
2021-02-02;135852,852631;0,0
2021-02-03;135852,852631;0,12422588061392684
2021-02-04;136287,55225299997;0,1270192294734602
2021-02-05;136208,17174899997;0,2510128306619094
2021-02-08;136245,673999;0,0
2021-02-09;136245,673999;0,12478377386958198
2021-02-10;136168,174499;0,24857129703423153
2021-02-11;136103,175999;0,24821243885042193
2021-02-12;136163,173499;0,24854369856654776
2021-02-16;135618,175249;0,24552387936841466
2021-02-17;135030,673749;0,24224124853885093
2021-02-18;134748,176499;0,24065262026191983
2021-02-19;134788,173499;0,0
2021-02-22;134788,173499;0,12432841520865574
2021-02-23;134769,553632;0,2484148634744066
2021-02-24;134633,892834;0,24765754570516024
2021-02-25;133474,132834;0,24112042374552073
2021-02-26;133545,953898;0,24152854946572108
2021-03-01;135282,933632;0,0
2021-03-02;135282,933632;0,1248583243393277
2021-03-03;134869,832957;0,24707066601486813
2021-03-04;134342,942684;0,24411769256939075
2021-03-05;134695,112957;0,24609400241998416
2021-03-08;133313,733776;0,23828212872932653
2021-03-09;134605,02241099998;0,0
2021-03-10;134605,02241099998;0,12478880891020398
2021-03-11;134882,22185099998;0,1265874748034736
2021-03-12;134752,02185099997;0,250588965250093
2021-03-15;135577,86157199997;0,0
2021-03-16;135577,86157199997;0,0
2021-03-17;135577,86157199997;0,12422824843756346
2021-03-18;135006,81116699998;0,24551168521415973
2021-03-19;134858,31089199998;0,24468087455452073
2021-03-22;135793,31116699998;0,24988159897853718
2021-03-23;135559,56171699998;0,24858814714487237
2021-03-24;134885,81034199998;0,24483486303167457
2021-03-25;135023,31034199998;0,0
2021-03-26;135023,31034199998;0,0
2021-03-29;135023,31034199998;0,0
2021-03-30;135023,31034199998;0,12431927670476164
2021-03-31;135338,31034199998;0,12635742412318998
2021-04-01;135457,31006199998;0,0
2021-04-05;135457,31006199998;0,0
2021-04-06;135457,31006199998;0,0
2021-04-07;135457,31006199998;0,0
2021-04-08;135457,31006199998;0,0
2021-04-09;135457,31006199998;0,0
2021-04-12;135457,31006199998;0,12498373574117935
2021-04-13;135868,81851399998;0,12763391399633853
2021-04-14;135559,21928799996;0,25030912630819285
2021-04-15;136194,00954499998;0,2538033803063772
2021-04-16;136106,63057299997;0,25332433021701556
2021-04-19;136281,38851699998;0,2542818160946256
2021-04-20;135836,77980199998;0,25184099848998576
2021-04-21;135937,00954499998;0,0
2021-04-22;135937,00954499998;0,12423636736255673
2021-04-23;136241,65018499998;0,1261946025510848
2021-04-26;136292,84941699996;0,12652285282582929
2021-04-27;136250,60916099997;0,2505314284919229
2021-04-28;136044,869923;0,24939801498728806
2021-04-29;136019,46839899998;0,24925784068311554
2021-04-30;135506,39119299996;0,24641525380483242
2021-05-03;135780,70763699998;0,24793771374355625
2021-05-04;134589,44890699998;0,24128116844017358
2021-05-05;134652,95093899997;0,0
2021-05-06;134652,95093899997;0,0
2021-05-07;134652,95093899997;0,0
2021-05-10;134652,95093899997;0,12435078191183051
2021-05-11;134528,87173099996;0,24802223218461233
2021-05-12;133696,76987599998;0,24334207352335005
2021-05-13;134279,770936;0,24662724723282514
2021-05-14;134936,96987599996;0,250296484618239
2021-05-17;134624,26987599998;0,24855510255187152
2021-05-18;134247,97014099997;0,2464487875328821
2021-05-19;134205,57120099998;0,2462107216138714
2021-05-20;134899,87014099996;0,2500903035320736
2021-05-21;134401,67067099997;0,24731054185602483
2021-05-24;134844,22014099997;0,0
2021-05-25;134844,22014099997;0,12422334636578797
2021-05-26;134837,61961299996;0,24836095125466984
2021-05-27;134423,13987699998;0,246043350618527
2021-05-28;134246,26040499995;0,24504995643643834
2021-06-01;134159,13987699998;0,2445597054817201
2021-06-02;134365,05961299996;0,24571744743084745
2021-06-03;133963,78040499997;0,24345804638686291
2021-06-04;134584,179877;0,24694551593191938
2021-06-07;134586,82066899998;0,2469602919720042
2021-06-08;134808,57961299998;0,0
2021-06-09;134808,57961299998;0,0
2021-06-10;134808,57961299998;0,12441812072458455
2021-06-11;134973,49921399998;0,12548796491632463
2021-06-14;135389,78894799997;0,1281768706698051
2021-06-15;135278,06934699998;0,2520387813160058
2021-06-16;135412,198032;0,25277965293725646
2021-06-17;135843,51776899997;0,0
2021-06-18;135843,51776899997;0,12484806922358935
2021-06-21;136082,71724899998;0,1263863680685461
2021-06-22;136301,11633899997;0,12778618361921915
2021-06-23;136264,71646899998;0,25216284977789577
2021-06-24;136190,18826799997;0,2517536062181663
2021-06-25;136113,08749699997;0,2513297647278334
2021-06-28;136542,276983;0,25368303875079373
2021-06-29;136940,627754;0,0
2021-06-30;136940,627754;0,0
2021-07-01;136940,627754;0,0
2021-07-02;136940,627754;0,0
2021-07-06;136940,627754;0,0
2021-07-07;136940,627754;0,0
2021-07-08;136940,627754;0,12447409417182334
2021-07-09;137163,15727799997;0,12589452198159398
2021-07-12;137090,56715899997;0,24980931007660306
2021-07-13;137360,746922;0,0
2021-07-14;137360,746922;0,0
2021-07-15;137360,746922;0,12430916344460559
2021-07-16;137120,397267;0,2476836447743691
2021-07-19;136206,316803;0,24263485042179847
2021-07-20;137064,716107;0,24737802383459906
2021-07-21;136890,716107;0,24642137587791502
2021-07-22;137215,51819499998;0,0
2021-07-23;137215,51819499998;0,0
2021-07-26;137215,51819499998;0,0
2021-07-27;137215,51819499998;0,12407722310099754
2021-07-28;137007,87726699997;0,24761582867156304
2021-07-29;137162,31796899997;0,24846299093386828
2021-07-30;137213,798437;0,2487449558483795
2021-08-02;137134,23913899998;0,2483091104730237
2021-08-03;137564,798437;0,2506618017529514
2021-08-04;137468,857501;0,2501388308821135
2021-08-05;137494,597735;0,0
2021-08-06;137494,597735;0,12435673957135782
2021-08-09;137488,747384;0,2486389592925932
2021-08-10;137374,089724;0,24801184468229254
2021-08-11;137434,92855399998;0,24834473007048855
2021-08-12;138143,948086;0,25220257744704516
2021-08-13;138193,089724;0,25246849515906555
2021-08-16;138665,76714999997;0,0
2021-08-17;138665,76714999997;0,12455742022698646
2021-08-18;138225,317035;0,24671225911795217
2021-08-19;138304,536103;0,24714373269394577
2021-08-20;138651,707268;0,24902881577404798
2021-08-23;139005,868433;0,25094215103453077
2021-08-24;138984,89563699998;0,25082911833852056
2021-08-25;138691,317035;0,24924329058232603
2021-08-26;138500,25517099997;0,2482076175712204
2021-08-27;138747,2382;0,0
2021-08-30;138747,2382;0,0
2021-08-31;138747,2382;0,1247492955719244
2021-09-01;138824,757402;0,12523803214475868
2021-09-02;138954,71728799999;0,0
2021-09-03;138954,71728799999;0,0
2021-09-07;138954,71728799999;0,0
2021-09-08;138954,71728799999;0,1239051861428735
2021-09-09;138839,277954;0,2474631967791082
2021-09-10;137701,976616;0,24124788212473658
2021-09-13;137831,317062;0,24195989256925182
2021-09-14;137512,42527799998;0,2402019949704461
2021-09-15;137715,35616999998;0,0
2021-09-16;137715,35616999998;0,12424793916139501
2021-09-17;137401,406745;0,24661988795273454
2021-09-20;136677,56767299998;0,24263001623894873
2021-09-21;136791,24558499997;0,24325941498444031
2021-09-22;137352,688601;0,0
2021-09-23;137352,688601;0,0
2021-09-24;137352,688601;0,0
2021-09-27;137352,688601;0,12488768574330705
2021-09-28;136944,409663;0,2466298626947552
2021-09-29;137163,369187;0,24783249841038335
2021-09-30;136846,828711;0,24609265934193314
2021-10-01;137120,527283;0,0
2021-10-04;137120,527283;0,1248115086494551
2021-10-05;137362,837529;0,12635535516901136
2021-10-06;137472,307406;0,0
2021-10-07;137472,307406;0,0
2021-10-08;137472,307406;0,12473784432348571
2021-10-11;137461,507886;0,24933816053017946
2021-10-12;137149,507166;0,24763048370923668
2021-10-13;137005,509326;0,24683971561705778
2021-10-14;137689,507166;0,25058117724543477
2021-10-15;137948,707406;0,0
2021-10-18;137948,707406;0,0
2021-10-19;137948,707406;0,0
2021-10-20;137948,707406;0,0
2021-10-21;137948,707406;0,0
2021-10-22;137948,707406;0,12395440705127095
2021-10-25;137942,957061;0,24891332258316232
2021-10-26;138100,038909;0,24976764590000483
2021-10-27;137991,468678;0,24917737100280535
2021-10-28;138850,788909;0,0
2021-10-29;138850,788909;0,1240684369196507
2021-11-01;138754,18936899997;0,24799079417697004
2021-11-02;138999,04867599998;0,2493155259269309
2021-11-03;139338,618907;0,0
2021-11-04;139338,618907;0,12459145168208538
2021-11-05;139375,417987;0,12482258447198125
2021-11-08;139278,818332;0,2484311747786433
2021-11-09;139363,917412;0,0
2021-11-10;139363,917412;0,12418307469670627
2021-11-11;139358,06706099998;0,24829261455566942
2021-11-12;139854,149401;0,2509590263880225
2021-11-15;139856,488231;0,0
2021-11-16;139856,488231;0,0
2021-11-17;139856,488231;0,0
2021-11-18;139856,488231;0,0
2021-11-19;139856,488231;0,0
2021-11-22;139856,488231;0,0
2021-11-23;139856,488231;0,0
2021-11-24;139856,488231;0,0
2021-11-26;139856,488231;0,12445550433992579
2021-11-29;140237,219008;0,12683252478063858
2021-11-30;140798,878786;0,0
2021-12-01;140798,878786;0,12404658740604016
2021-12-02;140691,81783199997;0,2479240049101593
2021-12-03;140282,858045;0,24573151437321075
2021-12-06;141024,100388;0,24969605474608902
2021-12-07;142272,27740599998;0,0
2021-12-08;142272,27740599998;0,0
2021-12-09;142272,27740599998;0,12392125942911544
2021-12-10;142766,16730499998;0,1269519945736138
2021-12-13;142391,45811299997;0,24930906306070746
2021-12-14;142106,63750699998;0,247804472906942
2021-12-15;143110,57770899998;0,0
2021-12-16;143110,57770899998;0,12397951129145772
2021-12-17;142995,21812099998;0,24774240886169474
2021-12-20;142707,48832799998;0,24622569152950108
2021-12-21;143378,16936299996;0,24975162672317408
2021-12-22;143926,71812099998;0,0
2021-12-23;143926,71812099998;0,0
2021-12-27;143926,71812099998;0,0
2021-12-28;143926,71812099998;0,12457033366749175
2021-12-29;143935,71932099998;0,12462507975518818
2021-12-30;143817,718521;0,24781368920684077
2021-12-31;143691,72052099998;0,24715412461645464
2022-01-03;144579,71812099998;0,0
2022-01-04;144579,71812099998;0,12429129018608791
2022-01-05;144101,718221;0,24520068207521753
2022-01-06;143511,87862499998;0,24209842650577318
2022-01-07;143546,218221;0,24227973420000642
2022-01-10;143550,25902899998;0,0
2022-01-11;143550,25902899998;0,0
2022-01-12;143550,25902899998;0,0
2022-01-13;143550,25902899998;0,12474906230843011
2022-01-14;143641,779549;0,12530672332599424
2022-01-18;143301,699133;0,24764675395832525
2022-01-19;142555,56767;0,243708960174912
2022-01-20;142196,087461;0,24179701121825933
2022-01-21;141757,189342;0,23944951923467006
2022-01-24;141592,07746099998;0,238562634016751
2022-01-25;141207,51829699997;0,23648896456605648
2022-01-26;141188,70892399998;0,2363872484730024
2022-01-27;141090,47871499998;0,23585560494283142
2022-01-28;143412,468924;0,0
2022-01-31;143412,468924;0,0
2022-02-01;143412,468924;0,12418878383188807
2022-02-02;143537,928414;0,12495428762402733
2022-02-03;143238,04821;0,24745170164588629
2022-02-04;143133,499235;0,24690201793346803
2022-02-07;142983,85026;0,24611381464417417
2022-02-08;143633,69985;0,0
2022-02-09;143633,69985;0,0
2022-02-10;143633,69985;0,12462590254720085
2022-02-11;143271,78026600002;0,24718335825973
2022-02-14;143322,18152600003;0,247448096815121
2022-02-15;144143,27900600003;0,0
2022-02-16;144143,27900600003;0,12449557437397428
2022-02-17;143761,59921400002;0,24669175387516357
2022-02-18;143429,79879400003;0,24494910350156393
2022-02-22;142803,999634;0,24164030110109205
2022-02-23;141911,499634;0,2368708776716104
2022-02-24;142472,19921400002;0,23987417361801877
2022-02-25;142915,29942400003;0,0
2022-02-28;142915,29942400003;0,0
2022-03-01;142915,29942400003;0,12447092609885192
2022-03-02;143281,53953300003;0,12670885475667718
2022-03-03;143245,56931500003;0,25065821796583915
2022-03-04;142584,60974700004;0,24718459888860161
2022-03-07;141748,690827;0,24274510365668847
2022-03-08;141346,93061100002;0,2405927053739183
2022-03-09;142537,089531;0,0
2022-03-10;142537,089531;0,12455874121197542
2022-03-11;142112,608635;0,2460652818344488
2022-03-14;141183,74840900002;0,24110507939899722
2022-03-15;142193,96863500003;0,2464966653119534
2022-03-16;143210,96863500003;0,0
2022-03-17;143210,96863500003;0,0
2022-03-18;143210,96863500003;0,0
2022-03-21;143210,96863500003;0,0
2022-03-22;143210,96863500003;0,0
2022-03-23;143210,96863500003;0,0
2022-03-24;143210,96863500003;0,0
2022-03-25;143210,96863500003;0,0
2022-03-28;143210,96863500003;0,0
2022-03-29;143210,96863500003;0,0
2022-03-30;143210,96863500003;0,12413155618902359
2022-03-31;142894,968335;0,2468331853316968
2022-04-01;142834,36772900002;0,24651363782983374
2022-04-04;143668,628537;0,25088901293936344
2022-04-05;142985,86772900002;0,2473119907417812
2022-04-06;142333,408537;0,24386165385041783
2022-04-07;142396,02793100002;0,0
2022-04-08;142396,02793100002;0,12422649592846528
2022-04-11;141944,66834700003;0,24638649980500765
2022-04-12;142347,679191;0,24852010967128346
2022-04-13;142925,81708100002;0,0
2022-04-14;142925,81708100002;0,12489919322191571
2022-04-18;142902,058593;0,2495074029237711
2022-04-19;143405,335785;0,2521412366288125
2022-04-20;143368,616217;0,2519496950526949
2022-04-21;143193,656649;0,25103569815326054
2022-04-22;142193,575569;0,24576805490795192
2022-04-25;142429,018161;0,0
2022-04-26;142429,018161;0,12440161820796473
2022-04-27;142403,028613;0,24848363076717397
2022-04-28;144000,846805;0,2568223770522708
2022-04-29;142647,105675;0,24976951670631925
2022-05-02;142717,16861300002;0,0
2022-05-03;142717,16861300002;0,0
2022-05-04;142717,16861300002;0,0
2022-05-05;142717,16861300002;0,12412669494612122
2022-05-06;142774,79804800003;0,12448023131522797
2022-05-09;142184,93793500002;0,24490455914478645
2022-05-10;142745,98724800002;0,0
2022-05-11;142745,98724800002;0,1241821247780705
2022-05-12;142269,24700600002;0,24550069846455988
2022-05-13;143383,99774100003;0,2513666156114851
2022-05-16;142999,345781;0,24935287703769135
2022-05-17;143905,84872100002;0,0
2022-05-18;143905,84872100002;0,12427667845295985
2022-05-19;143465,158594;0,24604546419451193
2022-05-20;143526,83602400002;0,2463694592005577
2022-05-23;144945,477309;0,0
2022-05-24;144945,477309;0,1249189727417299
2022-05-25;144966,11769600003;0,1250435674494177
2022-05-26;145386,65705100002;0,0
2022-05-27;145386,65705100002;0,0
2022-05-31;145386,65705100002;0,12489784056063831
2022-06-01;145370,798393;0,2496047494346514
2022-06-02;145980,798393;0,25274037485856893
2022-06-03;144558,27790500002;0,24538699363388763
2022-06-06;144743,716441;0,0
2022-06-07;144743,716441;0,0
2022-06-08;144743,716441;0,12471091179531749
2022-06-09;144094,675465;0,24549636992376148
2022-06-10;142728,196953;0,2382727587541712
2022-06-13;141426,196953;0,23126013386946428
2022-06-14;141644,434473;0,23244456361803612
2022-06-15;142306,593977;0,0
2022-06-16;142306,593977;0,12429613578453583
2022-06-17;142510,593977;0,1255496818074286
2022-06-21;143096,75356900002;0,0
2022-06-22;143096,75356900002;0,1248539910682535
2022-06-23;143482,19330500002;0,12720491726246821
2022-06-24;143929,673305;0,0
2022-06-27;143929,673305;0,0
2022-06-28;143929,673305;0,1241384062766389
2022-06-29;144162,372525;0,12555217539071226
2022-06-30;143836,073175;0,24808741975029241
2022-07-01;144412,88108700002;0,0
2022-07-05;144412,88108700002;0,0
2022-07-06;144412,88108700002;0,0
2022-07-07;144412,88108700002;0,0
2022-07-08;144412,88108700002;0,0
2022-07-11;144412,88108700002;0,1243925004804651
2022-07-12;144535,64183100002;0,12513619405480633
2022-07-13;144489,76232700003;0,24971680110001565
2022-07-14;145228,80133500003;0,0
2022-07-15;145228,80133500003;0,0
2022-07-18;145228,80133500003;0,12455938969896613
2022-07-19;145712,19047400003;0,1274635975176974
2022-07-20;145963,10961300004;0,0
2022-07-21;145963,10961300004;0,0
2022-07-22;145963,10961300004;0,12456996549476491
2022-07-25;145828,58973100001;0,24857368061959811
2022-07-26;145508,641864;0,2469214265334241
2022-07-27;146738,66878300003;0,2532340564977578
2022-07-28;146871,391864;0,0
2022-07-29;146871,391864;0,0
2022-08-01;146871,391864;0,12426265730428782
2022-08-02;146701,891864;0,24759236846565386
2022-08-03;148091,13413400002;0,2546507011073114
2022-08-04;148018,49254500002;0,2542849133162005
2022-08-05;147914,074361;0,25375848460771344
2022-08-08;147805,111864;0,2532083524921407
2022-08-09;147816,46254500002;0,0
2022-08-10;147816,46254500002;0,0
2022-08-11;147816,46254500002;0,12424468985928401
2022-08-12;148209,95265400002;0,12656977698247526
2022-08-15;148328,76221800002;0,0
2022-08-16;148328,76221800002;0,12481874463288185
2022-08-17;148491,40264600003;0,12577731766414227
2022-08-18;148448,60168300004;0,24987738719971994
2022-08-19;147888,41381300002;0,24703599092080145
2022-08-22;147047,06445200002;0,24272780707329883
2022-08-23;146974,64210900004;0,2423546581701035
2022-08-24;147038,54274800004;0,0
2022-08-25;147038,54274800004;0,0
2022-08-26;147038,54274800004;0,12463017585400583
2022-08-29;146787,66386800003;0,247367525091567
2022-08-30;146231,91364300004;0,24450716679595022
2022-08-31;145851,66296800005;0,24253751726342115
2022-09-01;146018,16431800002;0,243401235325753
2022-09-02;145534,41229300003;0,24088632370617816
2022-09-06;145246,41251800006;0,23938112599298197
2022-09-07;145568,16431800002;0,0
2022-09-08;145568,16431800002;0,12414679338485933
2022-09-09;145908,63291400002;0,12619054162375973
2022-09-12;146617,65268000003;0,0
2022-09-13;146617,65268000003;0,1248619057076013
2022-09-14;146792,58291800003;0,1259047929712102
2022-09-15;146442,72256100003;0,24867353029325784
2022-09-16;146043,59303900003;0,2466201942414674
2022-09-19;146947,01280000003;0,0
2022-09-20;146947,01280000003;0,0
2022-09-21;146947,01280000003;0,1244848722709115
2022-09-22;146830,39327600002;0,2486192427911099
2022-09-23;146278,300408;0,24578333373248387
2022-09-26;146359,563037;0,24620209440561477
2022-09-27;146596,17088600004;0,0
2022-09-28;146596,17088600004;0,12469957026514525
2022-09-29;145698,25088600002;0,2434999650871512
2022-09-30;144632,53113500003;0,23792572101832346
2022-10-03;145690,78113500003;0,24346117837155895
2022-10-04;146599,63337600004;0,0
2022-10-05;146599,63337600004;0,0
2022-10-06;146599,63337600004;0,12499471312456821
2022-10-07;145926,79375400004;0,2457604806726383
2022-10-10;146011,27426600002;0,24619687533519927
2022-10-11;145642,63375400004;0,2442889012574097
2022-10-12;145478,79375400004;0,24343781015867985
2022-10-13;146669,19605800003;0,0
2022-10-14;146669,19605800003;0,12453985670431224
2022-10-17;147201,15592600004;0,1277036203265283
2022-10-18;147378,03539800004;0,0
2022-10-19;147378,03539800004;0,0
2022-10-20;147378,03539800004;0,12453633149902246
2022-10-21;147874,67603800003;0,12747659719069063
2022-10-24;148153,71514200003;0,0
2022-10-25;148153,71514200003;0,0
2022-10-26;148153,71514200003;0,12399318316380366
2022-10-27;147594,06477300002;0,24526732023862663
2022-10-28;150329,06527300004;0,2589984922695648
2022-10-31;149729,06302300002;0,2560291116903024
2022-11-01;149056,56252300003;0,2526725282168541
2022-11-02;147651,56377300003;0,24556123093787477
2022-11-03;146114,06527300004;0,2376225805854421
2022-11-04;145989,06527300004;0,23696981130269745
2022-11-07;146124,06352300002;0,0
2022-11-08;146124,06352300002;0,0
2022-11-09;146124,06352300002;0,12460267587709217
2022-11-10;147744,06352300002;0,13420132661989065
2022-11-11;148126,11379300003;0,0
2022-11-14;148126,11379300003;0,12412882107806232
2022-11-15;148344,35304900003;0,12541737349351306
2022-11-16;148189,35304900003;0,24900519170090943
2022-11-17;148667,995033;0,0
2022-11-18;148667,995033;0,0
2022-11-21;148667,995033;0,12444675379454236
2022-11-22;148939,244783;0,12604132075700372
2022-11-23;149050,49653300003;0,0
2022-11-25;149050,49653300003;0,12421126098631297
2022-11-28;148564,24653300003;0,24560189348717312
2022-11-29;147792,59577400002;0,2416630502154238
2022-11-30;149528,176027;0,2504651012411028
2022-12-01;149599,01577400003;0,0
2022-12-02;149599,01577400003;0,12449319704172024
2022-12-05;149450,33665600003;0,24822554498749363
2022-12-06;148509,17640300002;0,24346125867592924
2022-12-07;148010,76589700003;0,2409136949592849
2022-12-08;148443,39387300002;0,24312599934812185
2022-12-09;148319,42640300002;0,24249339337569412
2022-12-12;148908,91665600002;0,0
2022-12-13;148908,91665600002;0,0
2022-12-14;148908,91665600002;0,12406302670025919
2022-12-15;148043,325753;0,24341522872921376
2022-12-16;147517,96443300002;0,24072077469675426
2022-12-19;146953,004433;0,2378017299805035
2022-12-20;146934,52654500003;0,23770587902839319
2022-12-21;147766,124961;0,2419959190067266
2022-12-22;146916,044697;0,2376099834160103
2022-12-23;146818,36601700002;0,23710276315137066
2022-12-27;146335,24548900002;0,23458408547638937
2022-12-28;145281,886017;0,2290344734381161
2022-12-29;146224,36601700002;0,0
2022-12-30;146224,36601700002;0,0
2023-01-03;146224,36601700002;0,12487809314814924
2023-01-04;146412,70616300002;0,12600381913207295
2023-01-05;146217,06557900002;0,24966879877832152
2023-01-06;147560,26499500003;0,0
2023-01-09;147560,26499500003;0,0
2023-01-10;147560,26499500003;0,0
2023-01-11;147560,26499500003;0,0
2023-01-12;147560,26499500003;0,12476651863307393
2023-01-13;147746,56375300002;0,12587013083492027
2023-01-17;147909,40471900004;0,0
2023-01-18;147909,40471900004;0,12432313541478174
2023-01-19;147917,56431100005;0,12437144046883084
2023-01-20;148271,16308700005;0,0
2023-01-23;148271,16308700005;0,0
2023-01-24;148271,16308700005;0,0
2023-01-25;148271,16308700005;0,12437887277635393
2023-01-26;148544,16386700005;0,12598812651270777
2023-01-27;148800,26204700005;0,0
2023-01-30;148800,26204700005;0,12493257568409498
2023-01-31;148967,96113700006;0,12591767348382565
2023-02-01;149116,16113700005;0,0
2023-02-02;149116,16113700005;0,0
2023-02-03;149116,16113700005;0,0
2023-02-06;149116,16113700005;0,12413851973424274
2023-02-07;149472,40089300004;0,12622597319157383
2023-02-08;149139,34138100003;0,2485493040853835
2023-02-09;148883,14064900004;0,24725619448602926
2023-02-10;148917,30064900004;0,0
2023-02-13;148917,30064900004;0,0
2023-02-14;148917,30064900004;0,12447982575706507
2023-02-15;149175,03125400003;0,12599246726483276
2023-02-16;148979,01185900002;0,2496849806548964
2023-02-17;148698,29089100004;0,24826849390663985
2023-02-21;147713,34919700003;0,24325600378932957
2023-02-22;147817,41113300005;0,0
2023-02-23;147817,41113300005;0,0
2023-02-24;147817,41113300005;0,12406353713298052
2023-02-27;147968,66000800004;0,12495889162610734
2023-02-28;147904,91075800004;0,2491634713893817
2023-03-01;147379,90925800006;0,24648881711825374
2023-03-02;147529,91075800004;0,0
2023-03-03;147529,91075800004;0,0
2023-03-06;147529,91075800004;0,0
2023-03-07;147529,91075800004;0,1243381808594044
2023-03-08;147683,57942700005;0,12524933013384332
2023-03-09;147407,69954800003;0,24824598131717118
2023-03-10;146899,83052000002;0,2456469818396901
2023-03-13;147378,54076300003;0,0
2023-03-14;147378,54076300003;0,0
2023-03-15;147378,54076300003;0,0
2023-03-16;147378,54076300003;0,0
2023-03-17;147378,54076300003;0,12410219225478841
2023-03-20;147661,74005500003;0,12578206978383147
2023-03-21;147883,58064500004;0,0
2023-03-22;147883,58064500004;0,12486923939398367
2023-03-23;148012,27959200004;0,12563017901120846
2023-03-24;148166,72041100005;0,0
2023-03-27;148166,72041100005;0,1249859606234839
2023-03-28;148093,00982600005;0,24910087680264947
2023-03-29;148823,09216600005;0,2527845671560012
2023-03-30;149195,15146400005;0,0
2023-03-31;149195,15146400005;0,0
