SAAB B;ABB Ltd;Addtech B;AFRY;Alfa Laval;Alimak Group;Alligo B;AQ Group;Arla Plast;ASSA ABLOY B;Atlas Copco A;Atlas Copco B;Balco Group;Beijer Ref B;Bergman & Beving B;Bong;Bravida Holding;BTS Group B;Bufab;Cavotec;Christian Berner Tech Trade B;Concejo B;Concentric;Concordia Maritime B;Coor Service Management Hold.;CTT Systems;Elanders B;Electrolux Professional B;Infrea;Instalco;Inwido;INVISIO;ITAB Shop Concept;Lifco B;Lindab International;Loomis;Malmbergs Elektriska B;Mildef Group;Momentum Group B;Munters Group;NCC A;NCC B;Nederman Holding;Netel Holding;NGS Group;NIBE Industrier B;Nolato B;Nordic Waterproofing Holding;Norva24 Group;NOTE;OEM International B;Peab B;PION Group B;PowerCell Sweden;Profoto Holding;Projektengagemang Sweden B;Railcare Group;Rejlers B;Sandvik;Sdiptech B;Sdiptech Pref;Securitas B;SinterCast;Skanska B;Studsvik;SWECO A;SWECO B;Svedbergs B;Systemair;Transtema Group;Trelleborg B;Wall to Wall Group A;Wise Group;Volati;Volati Pref;Volvo A;Volvo B;Wästbygg Gruppen B;XANO Industri B;Eltel;engcon B;Ependion;Epiroc A;Epiroc B;Ework Group;Fagerhult Group;Fasadgruppen Group;Ferronordic;FM Mattsson Mora Group B;Green Landscaping Group;HAKI Safety A;HAKI Safety B;HANZA;Image Systems;Indutrade;
percent/trade;0,09
hitrate;0,43
Number of trades;343
Return;2,50
2016-01-04;998503,7092377013;0,999022002259036
2016-01-05;989412,5236679381;0,9990130159578349
2016-01-07;966369,8433471983;0,9989894817406593
2016-01-08;946869,7377029723;0,9989686708391932
2016-01-11;936725,9684234923;0,9989575026156026
2016-01-12;949455,015428192;0,9989714790526034
2016-01-13;953289,7640014952;0,9989756164296997
2016-01-14;930160,4923645323;0,9989501442170521
2016-01-15;905165,0882202452;0,9989211532960262
2016-01-18;904299,3410278624;0,9989201204427854
2016-01-19;920916,8444687193;0,9989396063522522
2016-01-20;899458,0198456114;0,998914308005007
2016-01-21;905770,5322662657;0,9989218744293488
2016-01-22;930877,875131256;0,9989509532903649
2016-01-25;932208,4710632628;0,9989524506563807
2016-01-26;939732,4423499526;0,8009797946343405
2016-01-27;938442,070973915;0,8007061389829156
2016-01-28;938059,0986730116;0,6216174049776081
2016-01-29;949287,4442998427;0,6260929835619453
2016-02-01;947637,9314844054;0,9999596213668744
2016-02-02;937681,0041315001;0,9999591925993994
2016-02-03;934274,3317071837;0,9999590438021546
2016-02-04;926799,4075999297;0,6038687188172113
2016-02-05;924645,8584437408;0,6029461080916659
2016-02-08;893321,5578455962;0,5890234221847066
2016-02-09;885323,48346249;0,41119356693942766
2016-02-10;887178,9062224998;0,4124249813130994
2016-02-11;877837,2012511863;0,4061721676190983
2016-02-12;882867,3083678855;0,4095554819376171
2016-02-15;894659,5826446189;0,4173379769080544
2016-02-16;889774,8040570869;0,2039423926335585
2016-02-17;895244,4340772285;0,20880602587301184
2016-02-18;894343,5495862617;0,20800904536035858
2016-02-19;892348,7511396065;0,2062385914609582
2016-02-22;894279,1963910713;0,20795205292589442
2016-02-23;891190,4689283028;0,20520693801359158
2016-02-24;889066,9640912666;0,20330860304025694
2016-02-25;894343,5495862617;0,20800904536035858
2016-02-26;894472,2409162178;0,2081229922942079
2016-02-29;894536,5941114082;0,2081799601320573
2016-03-01;896383,5723604679;0,9990434094686871
2016-03-02;887101,0881533145;0,9990333998580371
2016-03-03;847481,346996645;0,8263609065421043
2016-03-04;857352,2505305805;0,8283600553635859
2016-03-07;850631,7893298664;0,8270040049515381
2016-03-08;843129,024238924;0,8254645628552421
2016-03-09;848197,9510768452;0,8265076063575143
2016-03-10;838181,0620502033;0,8244342428173832
2016-03-11;853749,7482036152;0,8276357994545752
2016-03-14;844907,8823970356;0,8258320275134764
2016-03-15;844859,7876513996;0,825822112774419
2016-03-16;838515,2253535786;0,8245042089093585
2016-03-17;843352,4694484272;0,8255108058067141
2016-03-18;848092,8814815083;0,8264861125141015
2016-03-21;848879,9088862934;0,8266469835432455
2016-03-22;856569,2124637165;0,8282031496419127
2016-03-23;853178,2446445026;0,8275203408681736
2016-03-24;850857,3759716512;0,627312632768479
2016-03-29;851649,8415516377;0,6276594207278224
2016-03-30;866139,2948826314;0,6338882241991283
2016-03-31;859316,6770657063;0,6309814486282241
2016-04-01;857684,5333006516;0,9991375134198001
2016-04-04;872501,340490593;0,9991521601564521
2016-04-05;865730,7131236497;0,7879377467011552
2016-04-06;869734,9832742844;0,5971729426059804
2016-04-07;868788,8343055344;0,3945675781555494
2016-04-08;876190,7171027756;0,39968214937922153
2016-04-11;876112,4280250168;0,3996285052013925
2016-04-12;872822,0217444992;0,39736519597234626
2016-04-13;875506,4241340256;0,3992129429029798
2016-04-14;874657,7425504304;0,20388055174619005
2016-04-15;872188,133129654;0,2016263315673211
2016-04-18;870541,7425504304;0,20011642707663366
2016-04-19;875686,7425504304;0,20481605398968325
2016-04-20;878053,4456906891;0,2069593908803273
2016-04-21;878053,4456906891;0,2069593908803273
2016-04-22;874966,4456906891;0,20416143631600123
2016-04-25;875172,2425504304;0,2043485778514661
2016-04-26;874554,8362699128;0,20378687472575652
2016-04-27;873937,4456906891;0,20322439226774713
2016-04-28;874349,0394101716;0,203599468834653
2016-04-29;865911,2425504304;0,19583901306187576
2016-05-02;861694,0049198801;0,9991757687914404
2016-05-03;857906,9256556588;0,795592205463242
2016-05-04;852143,1756404;0,7942096262646292
2016-05-06;854286,7912971689;0,5984800336481596
2016-05-09;856030,7548439219;0,5992980371844213
2016-05-10;860285,6241523935;0,601279860936397
2016-05-11;861378,2187111094;0,6017856079415199
2016-05-12;856543,3672706797;0,5995378438461902
2016-05-13;860372,2827675059;0,6013200209180243
2016-05-16;864318,8696205332;0,6031404430091224
2016-05-17;863886,7363807871;0,6029419260058343
2016-05-18;860995,0674354746;0,6016083986193483
2016-05-19;855310,345542164;0,5989605346360779
2016-05-20;861177,8373329355;0,601692950251981
2016-05-23;863065,2245704844;0,6025639848168302
2016-05-24;862728,6943428232;0,6024089543494916
2016-05-25;864258,3278419687;0,6031126427755041
2016-05-26;867483,660575123;0,6045882830011454
2016-05-27;869552,070151539;0,6055288516112863
2016-05-30;867797,1699440195;0,6047311335221475
2016-05-31;863180,2696135447;0,4015725408668556
2016-06-01;859778,0891427394;0,9999806947984561
2016-06-02;866582,7468010875;0,7978690128206845
2016-06-03;862442,4874894115;0,7968986586069402
2016-06-07;874614,5894600841;0,7997252410440601
2016-06-08;868310,8977925273;0,7982713029068537
2016-06-09;862459,4545895549;0,7969026542043915
2016-06-10;847124,7742827045;0,6029653517986521
2016-06-13;837195,1239321338;0,598256276075439
2016-06-14;827499,2399847613;0,593549008279242
2016-06-15;833752,1795294391;0,596597292339547
2016-06-16;825476,9001200305;0,5925532420215831
2016-06-17;833149,4035055743;0,5963054341456664
2016-06-20;845557,7351667987;0,6022295429966917
2016-06-21;844703,7898271151;0,40774399019722746
2016-06-22;844583,6749938175;0,21328473238830312
2016-06-23;843669,2656920596;0,21243205256720177
2016-06-27;831274,0687926456;0,20068856128486756
2016-06-28;831274,0687926456;0,20068856128486756
2016-06-29;831782,0687926456;0,20117673027299768
2016-06-30;833001,2656920596;0,20234590359090593
2016-07-01;833730,6310319472;0,9992537210790393
2016-07-04;826256,5071038771;0,9992469704137287
2016-07-05;815515,2619329483;0,790022158733336
2016-07-06;806113,2142110855;0,7875730961831643
2016-07-07;818539,4988409072;0,7907979584819266
2016-07-08;824841,7221876174;0,7923963717953777
2016-07-11;841577,3959432632;0,7965247937431021
2016-07-12;842603,0392080337;0,7967724702469056
2016-07-13;850108,0138479263;0,7985666157343962
2016-07-14;852856,1645017654;0,7992156926945164
2016-07-15;857780,5473257095;0,8003683637329251
2016-07-18;866014,5160680801;0,8022664389066236
2016-07-19;882026,9142156631;0,8058561122559704
2016-07-20;887649,3814435989;0,8070858406477929
2016-07-21;880699,2414518386;0,8055634362323192
2016-07-22;882546,1949239761;0,805970344435682
2016-07-25;889616,1794706375;0,8075123427694466
2016-07-26;886981,0421262771;0,8069404800240144
2016-07-27;889571,8219877273;0,8075027445922619
2016-07-28;889689,2807584793;0,8075281585108988
2016-07-29;889897,3372694046;0,8075731581059244
2016-08-01;881791,3723246775;0,9999273549654131
2016-08-02;869306,7517308055;0,6036922409002137
2016-08-03;866783,493773347;0,6025385656007477
2016-08-04;874663,4158238231;0,6061193317154326
2016-08-05;880915,8529882175;0,4007600172809073
2016-08-08;883111,4412603122;0,4022498454234922
2016-08-09;886861,1724080783;0,40477718842026755
2016-08-10;887653,8000402194;0,4053086907331258
2016-08-11;888421,2907399875;0,4058224335416925
2016-08-12;887125,3197202426;0,40495441986922137
2016-08-15;888509,3197202426;0,40588130163019187
2016-08-16;883426,0178518039;0,40246269653087474
2016-08-17;879355,6848439914;0,39969683528538663
2016-08-18;885036,6455564243;0,40355012058313694
2016-08-19;882167,8926000339;0,4016105041345347
2016-08-22;880922,2149762851;0,4007643449701799
2016-08-23;883665,2442083103;0,40262446216884956
2016-08-24;881381,5771436435;0,40107665713597873
2016-08-25;878613,5167722446;0,3991897569924684
2016-08-26;879469,9334288914;0,20980287350952084
2016-08-29;879167,9403487522;0,20953144179187733
2016-08-30;879922,9079085666;0,2102096581596258
2016-08-31;878261,9762488682;0,2087160402884645
2016-09-01;876522,4567205708;0,9992430351227516
2016-09-02;881099,6406423848;0,9992469674447112
2016-09-05;882371,7863790791;0,9992480531176323
2016-09-06;882425,0551321309;0,9992480985098983
2016-09-07;884798,6231024067;0,9992501155669405
2016-09-08;883807,3609845135;0,6066311174242484
2016-09-09;877949,11153383;0,6040063035142037
2016-09-12;874350,9493939374;0,602376695257566
2016-09-13;868655,9495770428;0,5997698350284918
2016-09-14;873190,0303723309;0,6018480492104821
2016-09-15;869378,4058300946;0,6001024275835916
2016-09-16;871857,6992244504;0,40928535883263667
2016-09-19;876429,5737666867;0,41236680805630044
2016-09-20;870667,5744991086;0,40847790473572815
2016-09-21;873003,7670660032;0,20490428921150872
2016-09-22;873529,8919744504;0,20538317340527096
2016-09-23;873260,7794625333;0,0
2016-09-26;873260,7794625333;0,0
2016-09-27;873260,7794625333;0,0
2016-09-28;873260,7794625333;0,0
2016-09-29;873260,7794625333;0,0
2016-09-30;873260,7794625333;0,0
2016-10-03;871953,9046089947;0,9991926152904819
2016-10-04;869836,4931290448;0,9991906499031175
2016-10-05;869125,4798653424;0,9991899877908366
2016-10-06;863775,7492543805;0,808068231374759
2016-10-07;852383,1730626919;0,6052044032199998
2016-10-10;853002,1821174977;0,20387110800619923
2016-10-11;850120,1861153004;0,20117214811625178
2016-10-12;850513,1901131031;0,20154126942206566
2016-10-13;850447,6861153004;0,20147976976748697
2016-10-14;852216,1741218922;0,20313682990442017
2016-10-17;849989,1781196949;0,20104902556551457
2016-10-18;851888,6741218922;0,20283048390389927
2016-10-19;852281,6781196949;0,20319807458993092
2016-10-20;856604,6821174977;0,20721927361080222
2016-10-21;854639,6821174977;0,20539650062243
2016-10-24;859224,6821174977;0,20963666867215086
2016-10-25;858373,1901131031;0,2088526413225739
2016-10-26;851233,6741218922;0,20221708472936403
2016-10-27;849530,6901131031;0,2006178352107738
2016-10-28;850513,1901131031;0,20154126942206566
2016-10-31;847434,6821174977;0,1986406782164955
2016-11-01;846959,2508144029;0,9991514103189942
2016-11-02;833411,2287841905;0,7990952568220909
2016-11-03;834336,6715751756;0,7993180995336521
2016-11-04;827566,2409518922;0,5940512020700963
2016-11-07;844426,1687167848;0,6021564309970301
2016-11-08;846962,733154651;0,6033479307047066
2016-11-09;873084,5756648744;0,6152153753650312
2016-11-10;879233,0982364381;0,6179061941643965
2016-11-11;870549,9299625123;0,6140950574354117
2016-11-14;868896,7740329469;0,6133608378329056
2016-11-15;874720,1302531923;0,6159348469269281
2016-11-16;872757,4611362184;0,6150711558690928
2016-11-17;875045,2390445436;0,6160775400725443
2016-11-18;879219,34323537;0,6179002164743607
2016-11-21;880909,7842067445;0,6186334551564655
2016-11-22;882416,1358875001;0,6192844769504304
2016-11-23;883044,9109462465;0,6195555667018164
2016-11-24;886318,0050281251;0,6209605143797917
2016-11-25;890521,4841083253;0,6227496734026869
2016-11-28;885644,1533473695;0,6206721181955088
2016-11-29;871576,4859279359;0,6145495821125596
2016-11-30;877764,11018407;0,617266738496132
2016-12-01;878785,1955619347;0,9999310443853983
2016-12-02;871335,7721479028;0,8019509293144484
2016-12-05;876662,0980374902;0,80315421378969
2016-12-06;879956,9797589867;0,8038912766210066
2016-12-07;882273,2412183373;0,8044061274139174
2016-12-08;891504,3064344018;0,8064314006298439
2016-12-09;886993,0349118798;0,805446905289269
2016-12-12;885860,8207700341;0,8051982479832829
2016-12-13;889036,8073041528;0,8058941558873706
2016-12-14;883187,9756162255;0,8046087076666045
2016-12-15;894189,1595838158;0,8070126012159575
2016-12-16;893990,8538587182;0,8069697926056845
2016-12-19;887444,6234891503;0,8055459063456939
2016-12-20;883758,537815139;0,5992347584704552
2016-12-21;886640,5686302636;0,6005374484404205
2016-12-22;883267,4930763695;0,5990119565844156
2016-12-23;886347,9774742577;0,6004055823870055
2016-12-27;889245,520313308;0,601707632177339
2016-12-28;888204,8978157494;0,6012409921041065
2016-12-29;883755,8680000756;0,5992335477638363
2016-12-30;882575,5977669213;0,5986976019307337
2017-01-02;886403,6305925935;0,9998909814163766
2017-01-03;891958,1217882722;0,9998916603078493
2017-01-04;889639,0196764558;0,9998913778890217
2017-01-05;886252,924965152;0,9998909628779734
2017-01-09;892296,0348284333;0,9998917013361552
2017-01-10;898713,7296297639;0,9998924746945107
2017-01-11;897867,3226931184;0,9998923733319127
2017-01-12;892091,727234134;0,9998916765335046
2017-01-13;894984,511719455;0,803892797601082
2017-01-16;893199,2009742158;0,8035008219977902
2017-01-17;892697,1271216767;0,8033903062401799
2017-01-18;898121,9205787079;0,8045778587938577
2017-01-19;903692,3212516205;0,8057824497827122
2017-01-20;909380,8989188569;0,8069973660186535
2017-01-23;901809,2197348969;0,8053768968615567
2017-01-24;912522,8966834443;0,8076619124609761
2017-01-25;922118,3171393769;0,8096633528242391
2017-01-26;923809,1991965668;0,8100117330112031
2017-01-27;912550,2041251557;0,807667668046905
2017-01-30;904033,6082084076;0,8058557699735397
2017-01-31;916587,4049689667;0,8085148150278081
2017-02-01;932430,5025519936;0,9999435940633072
2017-02-02;945168,737091369;0,8152206857437482
2017-02-03;942278,7324526971;0,8146539605732233
2017-02-06;940986,3287432855;0,8143993958664227
2017-02-07;945169,3468936151;0,815220804959253
2017-02-08;935987,9356997674;0,8134082455180152
2017-02-09;934508,6242297357;0,8131128739018934
2017-02-10;939493,4369662469;0,8141044692550999
2017-02-13;944482,3320925897;0,8150863968950669
2017-02-14;943705,7380603021;0,8149342278503441
2017-02-15;946971,2408984369;0,815572402251103
2017-02-16;948038,0333941644;0,8157799318758155
2017-02-17;943408,1222003167;0,8148758453670517
2017-02-20;945938,2264102167;0,8153709975766928
2017-02-21;954929,3433840936;0,8171093680321188
2017-02-22;949598,8242572015;0,8160827218454022
2017-02-23;948152,730728454;0,8158022168411505
2017-02-24;940881,7168429559;0,8143787598698323
2017-02-27;940855,9299395746;0,8143736723778663
2017-02-28;943921,6290057367;0,8149765555429079
2017-03-01;956336,1270119316;0,9999659146263884
2017-03-02;955254,4015400689;0,8020882181585616
2017-03-03;950776,8049824517;0,8011561706912262
2017-03-06;947716,3019993585;0,8005140353481015
2017-03-07;955694,7932789605;0,8021794174769687
2017-03-08;956187,0616511528;0,6065597678962086
2017-03-09;956152,8603724663;0,6065456946663075
2017-03-10;954594,06055252;0,605903205334291
2017-03-13;964253,7618312065;0,609851188180766
2017-03-14;959284,2577494804;0,6078300499236191
2017-03-15;965758,6759928886;0,6104591459311498
2017-03-16;969482,0539302055;0,611955210572928
2017-03-17;974047,4580287163;0,6137739938954998
2017-03-20;973372,8476695244;0,6135063142850287
2017-03-21;969276,8650111381;0,6118730642907186
2017-03-22;965523,5539302055;0,6103642858433402
2017-03-23;970856,634415725;0,430106553241525
2017-03-24;970856,634415725;0,430106553241525
2017-03-27;965813,1242533715;0,4271305495840815
2017-03-28;971475,448578933;0,43046956615851584
2017-03-29;972617,3438578637;0,4311382197844437
2017-03-30;977470,7188120873;0,43396275402713547
2017-03-31;980896,428254226;0,4359395979448797
2017-04-03;970859,139844825;0,9999996314747479
2017-04-04;951819,5687083504;0,9999996241030118
2017-04-05;938669,7445658944;0,999999618837071
2017-04-06;961409,0687541268;0,9999996278523671
2017-04-07;967899,1644648812;0,9999996303477445
2017-04-10;956813,7566203377;0,9999996260650448
2017-04-11;959764,6706980965;0,9999996272147537
2017-04-12;957468,2874404213;0,8193889231505228
2017-04-13;948113,0894118568;0,8176068019996301
2017-04-18;937509,4466808998;0,6121671640418181
2017-04-19;946536,0170467293;0,38419562853470035
2017-04-20;947513,3139369881;0,38483078973865237
2017-04-21;949467,9036891854;0,3860971868749559
2017-04-24;961278,4295986092;0,39363976232139447
2017-04-25;990529,3248775399;0,411545925590046
2017-04-26;1001155,025683204;0,41779144878290736
2017-04-27;994362,9997737801;0,413814656036743
2017-04-28;992819,7115199959;0,41290346043357157
2017-05-02;995369,1435044166;0,9999657790934222
2017-05-03;988197,8233292457;0,9999655307533916
2017-05-04;964289,1105341789;0,8411161601380096
2017-05-05;956655,9566187736;0,8398484266378455
2017-05-08;950305,947982299;0,8387782829897352
2017-05-09;957631,8849822991;0,6397740102135906
2017-05-10;955374,8936187737;0,6389230071641115
2017-05-11;953805,184176635;0,6383287705480851
2017-05-12;948593,2310668938;0,6363416032066888
2017-05-15;947250,7397033684;0,6358262082468269
2017-05-16;951876,9920074455;0,6375961426578158
2017-05-17;941347,5069763176;0,6335424579528288
2017-05-18;926204,434176635;0,6275510234137076
2017-05-19;941399,9405090325;0,6335628686865592
2017-05-22;937770,3849822991;0,6321446068855276
2017-05-23;944371,3061706536;0,6347158248405774
2017-05-24;947566,1349822991;0,6359474226828318
2017-05-26;943916,8936187737;0,6345399727975451
2017-05-29;939616,0944244377;0,6328671936701111
2017-05-30;952182,3936187737;0,6377123795497449
2017-05-31;944466,1991455071;0,634752525891477
2017-06-01;954117,3174673492;0,999932257627063
2017-06-02;959591,0516516144;0,9999326440455709
2017-06-05;953315,4711920196;0,9999322006480553
2017-06-06;953315,4711920196;0,9999322006480553
2017-06-07;957019,6579415924;0,8008650813043947
2017-06-08;959533,7463204986;0,801386837612442
2017-06-09;965421,176671756;0,802598040752227
2017-06-12;949522,1548045685;0,5966035027870082
2017-06-13;952249,6936381867;0,5977589556255282
2017-06-14;952041,3082469513;0,5976709120115833
2017-06-15;946103,0202144196;0,5951456626916947
2017-06-16;947751,4549598419;0,39828383152051317
2017-06-19;949380,6790122711;0,39931643148393586
2017-06-20;948213,9251212799;0,3985773051409738
2017-06-21;947806,3860053741;0,39831870456920354
2017-06-22;946110,7401847565;0,39724035472007085
2017-06-23;946110,7401847565;0,39724035472007085
2017-06-26;945674,0218009674;0,3969619964147442
2017-06-27;939293,7133979523;0,3928657607147376
2017-06-28;936607,6244468414;0,39112456565138504
2017-06-29;927239,4569422638;0,19507776114960834
2017-06-30;926534,2542521392;0,1944651196573232
2017-07-03;925953,0600204268;0,9944066797013777
2017-07-04;921772,0509719648;0,9943813093044832
2017-07-05;930012,3597640791;0,9944310933163325
2017-07-06;930103,9504540816;0,7989031769461152
2017-07-07;926958,4598611251;0,7982207858869903
2017-07-10;939351,3494180099;0,8008828649023947
2017-07-11;952733,7679284469;0,8036797310618353
2017-07-12;962884,8377145187;0,8057494082156909
2017-07-13;980038,7640679732;0,8091494373448977
2017-07-14;972499,4511941329;0,8076698662230442
2017-07-17;973492,5623849288;0,8078660723529741
2017-07-18;957976,0458138839;0,8047540433150642
2017-07-19;933850,2377084151;0,7997099085125625
2017-07-20;926749,9470742599;0,7981753868595622
2017-07-21;911325,4283493033;0,6105772617056092
2017-07-24;921604,040058898;0,614920477385913
2017-07-25;925001,0358016959;0,616334652557971
2017-07-26;930295,3100899496;0,3890162534566948
2017-07-27;924604,9100960532;0,38525600746444755
2017-07-28;919926,3139504233;0,382129519146405
2017-07-31;915247,6178139487;0,3789709987904426
2017-08-01;918149,4349874546;0,9990973528422932
2017-08-02;916027,0423699275;0,7980243274635205
2017-08-03;913406,6115603782;0,5992962145163545
2017-08-04;919711,7182135917;0,6020432493249662
2017-08-07;924417,1306624748;0,6040689048289933
2017-08-08;926725,656245742;0,6050551913920696
2017-08-09;924549,3231978752;0,604125515259612
2017-08-10;917861,7414050438;0,6012411560179427
2017-08-11;908314,281781707;0,5970497279640986
2017-08-14;913918,0273146965;0,599520442754103
2017-08-15;903696,4263873436;0,5949906669420031
2017-08-16;907944,8428359367;0,5968857691896494
2017-08-17;902709,4909015037;0,5945478688027123
2017-08-18;888426,403284835;0,402085314932692
2017-08-21;886384,3911998741;0,40070786624924865
2017-08-22;892331,2611644737;0,4047018005036334
2017-08-23;886880,1190441124;0,40104284477808677
2017-08-24;885260,5953166954;0,39994709361767167
2017-08-25;885836,4683025352;0,4003371817109316
2017-08-28;882174,927012252;0,3978482307079266
2017-08-29;878782,4489467613;0,39552366599698124
2017-08-30;880104,9950511925;0,3964320210514938
2017-08-31;883514,1250865929;0,39876095011670554
2017-09-01;885679,5493714667;0,9999172736665454
2017-09-04;884290,6589486457;0,9999171437343662
2017-09-05;887109,1254861213;0,9999174069800092
2017-09-06;885183,2259232856;0,9999172272817768
2017-09-07;899477,5841996528;0,9999185426929783
2017-09-08;898545,294996009;0,9999184581766292
2017-09-11;909133,157899604;0,999919407821507
2017-09-12;914759,9091775275;0,9999199035495542
2017-09-13;914696,8277375556;0,9999198980257573
2017-09-14;923127,2205979682;0,9999206295512684
2017-09-15;914594,5498826362;0,9999198890680633
2017-09-18;924402,6501330024;0,8013622513438403
2017-09-19;925563,695413459;0,8016114264376135
2017-09-20;923462,6196745979;0,6049195560262447
2017-09-21;930297,1282500373;0,6078220487893969
2017-09-22;930681,1282500373;0,6079838618193313
2017-09-25;930517,7699278938;0,6079150408890321
2017-09-26;932324,9186514961;0,6086750289781909
2017-09-27;936625,1588248359;0,6104716830028707
2017-09-28;946208,5657614814;0,6144169108418577
2017-09-29;948289,2217673408;0,6152629246441864
2017-10-02;946640,0476262427;0,9999861172052509
2017-10-03;949996,122119651;0,9999861662493388
2017-10-04;944214,8485365212;0,8069622632317324
2017-10-05;939093,5348997414;0,8059095387085783
2017-10-06;935923,9301435158;0,6113601954307125
2017-10-09;938713,4528791115;0,6125150947958792
2017-10-10;935457,4642755958;0,4084299286058599
2017-10-11;937813,2479441139;0,40991595060014235
2017-10-12;936016,7580530617;0,40878340674289027
2017-10-13;934467,9042322609;0,40780348215132345
2017-10-16;932943,9115221474;0,4068361108388471
2017-10-17;929832,8138468239;0,4048514628793709
2017-10-18;940037,0928842995;0,411311911927068
2017-10-19;946943,8084604713;0,4156056209635212
2017-10-20;950932,582569358;0,41805691689259894
2017-10-23;951523,437069175;0,4184182781327912
2017-10-24;949362,7135736916;0,41709461408635756
2017-10-25;954759,7738611671;0,4203896581338748
2017-10-26;959011,4435121986;0,4229592955627162
2017-10-27;957441,5745165321;0,4220131508210999
2017-10-30;957053,4053308937;0,42177872640621794
2017-10-31;960132,9422838661;0,4236333172660953
2017-11-01;960188,0639893867;0,9999385349384321
2017-11-02;958028,1361672736;0,9999383963620254
2017-11-03;972580,3684098579;0,9999393181063624
2017-11-06;962666,9417016364;0,9999386932116257
2017-11-07;964770,0670754767;0,9999388268557617
2017-11-08;957162,9308526374;0,9999383406768403
2017-11-09;940284,8100373603;0,9999372338914339
2017-11-10;940892,6227662421;0,9999372744380794
2017-11-13;935052,4516084052;0,9999368826653859
2017-11-14;939588,3442933417;0,9999371873663309
2017-11-15;939286,868345008;0,9999371672058252
2017-11-16;950518,195977912;0,9999379096384271
2017-11-17;950748,9420335151;0,9999379247077113
2017-11-20;968710,7725808478;0,9999390757074863
2017-11-21;976666,5616090156;0,9999395719882406
2017-11-22;966229,8117120124;0,9999389192739092
2017-11-23;956018,5391612006;0,8079866310128979
2017-11-24;958441,7233538581;0,8084720895954817
2017-11-27;956832,4885249091;0,8081499711600866
2017-11-28;963768,9100527717;0,8095307509884101
2017-11-29;957119,1356481239;0,619059260795169
2017-11-30;955022,4363988563;0,6182229263474487
2017-12-01;945101,9845364582;0,9998957089130817
2017-12-04;960723,8543484699;0,9998974047404259
2017-12-05;954696,7767270099;0,9998967570482914
2017-12-06;950573,5942776691;0,9998963092244416
2017-12-07;951189,5474598896;0,9998963763705361
2017-12-08;954081,2348225605;0,9998966904393269
2017-12-11;953161,7970898639;0,9998965907849885
2017-12-12;955081,6593564044;0,9998967986535493
2017-12-13;949283,5769436847;0,9998961683151274
2017-12-14;949021,0110791217;0,999896139587991
2017-12-15;940086,5125831119;0,8239636336345427
2017-12-18;951791,2092154971;0,8261284490316858
2017-12-19;952901,95713783;0,6332744891638579
2017-12-20;951663,769271619;0,63279735102704
2017-12-21;949735,4570081303;0,6320517946029062
2017-12-22;948866,9548337528;0,6317150099622169
2017-12-27;951782,95713783;0,6328433343049186
2017-12-28;953699,8630750248;0,6335813073503191
2017-12-29;953401,769271619;0,6334667416496341
2018-01-02;949506,4443836415;0,9998672410494783
2018-01-03;956579,7140293324;0,9998682227134642
2018-01-04;970771,6603756153;0,9998701491975763
2018-01-05;976774,4984264576;0,9998709472050376
2018-01-08;990988,2967777455;0,9998727982162051
2018-01-09;993197,5753460133;0,9998730811651186
2018-01-10;990187,5039882099;0,8089597448209013
2018-01-11;993995,9949092304;0,8096917146488738
2018-01-12;989740,9757441913;0,8088735557352995
2018-01-15;990471,8640651142;0,8090145916304124
2018-01-16;992525,0546130573;0,809409674286953
2018-01-17;991980,1620102436;0,6100716685164265
2018-01-18;988889,2565002949;0,6088528954128203
2018-01-19;997244,8177719624;0,612130178523617
2018-01-22;992242,2166710407;0,610174649960801
2018-01-23;989714,1431885273;0,6091789006961995
2018-01-24;975283,5163460285;0,6033961786961823
2018-01-25;970618,7909203083;0,6014901287139648
2018-01-26;969756,5562899868;0,39816632709738675
2018-01-29;965462,8529208462;0,39548979193998895
2018-01-30;968104,4464534085;0,39713927331757093
2018-01-31;970150,7433551113;0,3984108613111051
2018-02-01;963829,6168991901;0,9999233031170774
2018-02-02;936478,1571328022;0,999921063052329
2018-02-05;910737,7485939838;0,9999188320376544
2018-02-06;890350,2452090809;0,8018536325315441
2018-02-07;920100,1608127186;0,8082603673202295
2018-02-08;900642,8723987171;0,8041180669170643
2018-02-09;890061,87425266;0,8017894351322945
2018-02-12;910705,0656894275;0,8062823261784823
2018-02-13;898232,7447491505;0,6329496988164438
2018-02-14;903560,852839906;0,44881204206939224
2018-02-15;914498,2675394604;0,45540425934007994
2018-02-16;923811,260550935;0,46089435947570717
2018-02-19;927826,7490191052;0,4632275240292614
2018-02-20;934089,4536318372;0,4668263736342741
2018-02-21;935384,2490191052;0,46756441337864146
2018-02-22;938123,1767649243;0,46911890284993624
2018-02-23;931842,2490191052;0,4655405870820789
2018-02-26;935081,9536318372;0,4673922864102748
2018-02-27;944101,7705683301;0,4724807463891725
2018-02-28;942184,1767649243;0,4714071052934637
2018-03-01;933456,7172433331;0,9997952106165622
2018-03-02;914995,770584245;0,9997910787877542
2018-03-05;932682,4654694989;0,9997950406138557
2018-03-06;942137,1563874676;0,9997970974562523
2018-03-07;938558,6386071637;0,999796323833454
2018-03-08;950625,8538819745;0,9997989092924313
2018-03-09;958449,41706862;0,9998005507414519
2018-03-12;956670,2062150433;0,9998001798066374
2018-03-13;952772,599037309;0,9997993623811355
2018-03-14;952901,150245805;0,99979938944817
2018-03-15;959532,3480760052;0,999800775840467
2018-03-16;952886,2506829693;0,9997993863113743
2018-03-19;938466,764938493;0,9997963038940407
2018-03-20;943478,5491639569;0,9997973859334062
2018-03-21;938343,6680947735;0,9997962771721172
2018-03-22;917808,3384552167;0,797532030937571
2018-03-23;916132,7459831403;0,797161720186989
2018-03-26;909888,3001060651;0,7957696672724239
2018-03-27;922305,393505113;0,798519241474478
2018-03-28;918010,2902439816;0,5980197691088107
2018-03-29;924403,5026463254;0,6007998808135734
2018-04-03;919634,8339432081;0,999936258162767
2018-04-04;917381,763060243;0,7997723776182296
2018-04-05;928297,9172254347;0,605894288632778
2018-04-06;926471,5122876905;0,605117366074785
2018-04-09;928748,5068403028;0,6060854921064789
2018-04-10;933890,0175901197;0,6082541796807069
2018-04-11;930024,5110288404;0,6066259472837751
2018-04-12;934963,2093816542;0,6087038427204031
2018-04-13;936343,923786714;0,609280840367609
2018-04-16;944818,3239789747;0,6127853347634886
2018-04-17;945038,4214139723;0,6128755162340838
2018-04-18;944875,5688981795;0,4814591674499162
2018-04-19;942629,1603288435;0,48022341682940206
2018-04-20;941125,564152696;0,47939299195022034
2018-04-23;937695,5617799544;0,477488660367924
2018-04-24;946223,6555833601;0,4821979335840732
2018-04-25;942629,1603288435;0,48022341682940206
2018-04-26;951104,564152696;0,4848552066520885
2018-04-27;956720,564152696;0,48787913366676916
2018-04-30;953290,5617799544;0,4860364889820534
2018-05-02;951078,5191429104;0,9999830853734387
2018-05-03;942812,4054477657;0,9999829370743439
2018-05-04;942758,0163257564;0,9999829360899581
2018-05-07;962967,9972446407;0,9999832942132784
2018-05-08;977050,8431594814;0,9999835350042483
2018-05-09;980254,3510654415;0,9999835888124706
2018-05-11;978210,3063910336;0,8108574797983975
2018-05-14;979414,3932593197;0,8110900106110717
2018-05-15;977014,5531695217;0,8106259911505342
2018-05-16;978304,4531042904;0,8108756818484419
2018-05-17;990142,300501141;0,8131367960500859
2018-05-18;993308,7903921932;0,813732482358352
2018-05-21;998310,7333758206;0,8146657584133883
2018-05-22;996059,4937098355;0,814246876008512
2018-05-23;992529,6532481045;0,8135862621005926
2018-05-24;994760,2992308468;0,8140042754208817
2018-05-25;995429,4691540494;0,6210475115363662
2018-05-28;988424,2473713651;0,6183617758982051
2018-05-29;982372,2488075986;0,6160106569746545
2018-05-30;985005,3393913999;0,6170371272717848
2018-05-31;986831,3551480069;0,6177457551808487
2018-06-01;988547,1885825399;0,9111583292310976
2018-06-04;1003446,8537627462;0,9124774934135783
2018-06-05;1014440,6107856039;0,9134259976051617
2018-06-06;1014440,6107856039;0,9134259976051617
2018-06-07;1007835,595892568;0,7180765635507245
2018-06-08;1010687,0275522665;0,7188719486604447
2018-06-11;1010208,9372316793;0,718738902321972
2018-06-12;1001014,62232842;0,7161555203768882
2018-06-13;1000429,1782938436;0,7159894166076777
2018-06-14;999203,7444101766;0,7156411030688664
2018-06-15;996512,4086023764;0,7148731193739611
2018-06-18;994187,9699770407;0,714206484940169
2018-06-19;990435,2857309774;0,7131236349679969
2018-06-20;981478,5757929281;0,7105056782921747
2018-06-21;970045,6314798788;0,7070937022452538
2018-06-22;970045,6314798788;0,7070937022452538
2018-06-25;972872,1379724935;0,7079446892557945
2018-06-26;969209,2915560202;0,706840950612664
2018-06-27;967572,2901407675;0,706344965161622
2018-06-28;961397,7926508383;0,7044589900851501
2018-06-29;981133,3832766012;0,7104038253993101
2018-07-02;964110,0163965811;0,9999435982065881
2018-07-03;956169,188172399;0,9999431297989478
2018-07-04;938438,8861170401;0,9999420553274425
2018-07-05;942076,3856745352;0,9999422790605963
2018-07-06;944013,7890177359;0,9999423975215153
2018-07-09;963141,6396113028;0,9999435414982233
2018-07-10;970523,9285288443;0,9999439709497389
2018-07-11;952804,5561457266;0,9999429289736069
2018-07-12;964968,1399985441;0,894972065990057
2018-07-13;977036,9619666227;0,896269420631267
2018-07-16;989294,1094199308;0,8975546208509319
2018-07-17;988706,6241217741;0,8974937482395365
2018-07-18;987465,7536688932;0,8973649367049871
2018-07-19;977475,7374561629;0,6088355271619099
2018-07-20;967893,1200240798;0,41429859941311714
2018-07-23;965180,6287368484;0,41265257596557825
2018-07-24;969657,4554885573;0,4153643095221875
2018-07-25;974154,2788604446;0,41806306422052486
2018-07-26;975373,6852401443;0,4187905983162368
2018-07-27;977377,3080581374;0,4199820771951146
2018-07-30;978067,394239778;0,4203913152046719
2018-07-31;977686,3732742019;0,4201654318674648
2018-08-01;975733,5652666125;0,9999601830997112
2018-08-02;976040,6265840563;0,9999601956260648
2018-08-03;977920,8105049434;0,8003961304822059
2018-08-06;977292,6955871882;0,8002678432570461
2018-08-07;979809,2027626338;0,8007808282384014
2018-08-08;986897,8451042476;0,8022117701167488
2018-08-09;994930,6891823115;0,8038086672960228
2018-08-10;988188,6550102534;0,8024701286853584
2018-08-13;982777,5890388789;0,8013825508071877
2018-08-14;977640,3878822627;0,8003388768731272
2018-08-15;961742,141998321;0,7970383439232666
2018-08-16;965556,8890571895;0,7978402100684481
2018-08-17;965238,8769302669;0,7977736055560203
2018-08-20;978861,4094620051;0,8005879320893375
2018-08-21;971320,6888656917;0,799039822690573
2018-08-22;972575,4969826045;0,7992990996952338
2018-08-23;971527,4453926387;0,7990825902196965
2018-08-24;974766,0478554072;0,7997501264142113
2018-08-27;977960,2004700007;0,8004041700623871
2018-08-28;988629,1695938411;0,8025581442848212
2018-08-29;991328,9356079402;0,8030958536088143
2018-08-30;990116,0716057124;0,8028546516347266
2018-08-31;986960,7692909541;0,8022243802061189
2018-09-03;985251,777780722;0,9999192020814283
2018-09-04;968682,7394506439;0,99991782005638
2018-09-05;951925,0141927704;0,9999163733574317
2018-09-06;963229,4106485351;0,9999173547941604
2018-09-07;958269,8681585296;0,9999169270624498
2018-09-10;970002,6846734985;0,9999179318839302
2018-09-11;968097,8790666565;0,999917770408721
2018-09-12;971169,2839052185;0,9999180304667445
2018-09-13;979846,5041124328;0,9999187563637981
2018-09-14;986712,1438558669;0,8055168469738888
2018-09-17;993982,880080995;0,8069394426083014
2018-09-18;988700,1934087843;0,805907908033653
2018-09-19;980070,9656065077;0,804198985991297
2018-09-20;984689,0151136488;0,8051172645161532
2018-09-21;982822,7602537245;0,8047472070989662
2018-09-24;976685,6328428359;0,8035203115380296
2018-09-25;977961,6679418654;0,8037766763700495
2018-09-26;972133,2542383742;0,6153272879126428
2018-09-27;976659,149955995;0,617109883796171
2018-09-28;972592,517925508;0,6155089325426774
2018-10-01;968412,2307890524;0,9954565360019877
2018-10-02;965267,5370838447;0,7995976723606545
2018-10-03;973999,1977665229;0,8013942294101657
2018-10-04;964658,3198635383;0,7994711109176301
2018-10-05;953315,6100551886;0,7970851843964853
2018-10-08;943300,2372829719;0,7949307616168108
2018-10-09;934184,1968128486;0,7929296364825424
2018-10-10;908021,0989748968;0,5918292166947247
2018-10-11;908335,78794737;0,591970625682564
2018-10-12;904079,0833117499;0,5900494878516079
2018-10-15;891595,1994959845;0,5843094675298666
2018-10-16;904394,0085780157;0,5901922395427621
2018-10-17;902948,4553508277;0,4046230284441509
2018-10-18;904771,5893611426;0,40582272571423006
2018-10-19;894847,0920466895;0,3992328727489924
2018-10-22;891984,6096248145;0,3973049411200827
2018-10-23;859936,292745542;0,37484355369929284
2018-10-24;851817,6489852881;0,19683274658239627
2018-10-25;847674,7378295874;0,19290736055214017
2018-10-26;854010,9341110205;0,19889545411930842
2018-10-29;861565,6489852881;0,2059200104438742
2018-10-30;868145,5415481543;0,21193854163195544
2018-10-31;873750,6489852881;0,216993953203148
2018-11-01;871263,9257835669;0,9998599946797421
2018-11-02;878635,6280235571;0,9998611693163036
2018-11-05;863780,0888008398;0,999858781666144
2018-11-06;857514,281427793;0,9998577497919272
2018-11-07;867291,4591011328;0,9998593534114991
2018-11-08;871614,7422661108;0,999860051030526
2018-11-09;875677,786089353;0,9998607003775861
2018-11-12;844680,036624082;0,8076879663994568
2018-11-13;840773,2648192724;0,806794361355108
2018-11-14;830415,987652944;0,38417583628756297
2018-11-15;827512,340993093;0,38201497935838014
2018-11-16;835082,4312869773;0,38761706393261225
2018-11-19;833611,9378101096;0,3865368189505193
2018-11-20;828210,2311298117;0,38253572352976933
2018-11-21;828799,987652944;0,38297509803540936
2018-11-22;826881,3843127951;0,381543422271118
2018-11-23;826694,0244495139;0,3814032568212397
2018-11-26;832281,7846271262;0,3855563817740867
2018-11-27;830618,5755649505;0,1911789053019834
2018-11-28;830827,1723819671;0,19138197702556
2018-11-29;830566,4223819671;0,1911281175583233
2018-11-30;831713,7287479339;0,19224391477063327
2018-12-03;828930,1835878768;0,9988078247291334
2018-12-04;813741,7349184433;0,9987855728374957
2018-12-05;802788,2457836929;0,8004830093560511
2018-12-06;778679,1484936539;0,7943056581996011
2018-12-07;776586,648927156;0,5883891113324096
2018-12-10;770253,3889628005;0,3972078220032132
2018-12-11;774375,3923502517;0,40041648723738427
2018-12-12;779334,8501139235;0,4042320603596507
2018-12-13;781744,1790934157;0,40606821213463734
2018-12-14;778135,9178934646;0,403314116126097
2018-12-17;771432,7956400466;0,39812940211199155
2018-12-18;771863,9890604567;0,3984656305737747
2018-12-19;772548,8535013747;0,39899889070061706
2018-12-20;767760,8435831618;0,3952508495023286
2018-12-21;766371,9311991286;0,39415484957048674
2018-12-27;761577,8634195876;0,39034110595401145
2018-12-28;768407,6501627517;0,39575989665908246
2019-01-02;773736,9696333556;0,9999516569975181
2019-01-03;762671,7754347472;0,999950955614921
2019-01-04;782136,8196623473;0,9999521761828583
2019-01-07;786379,5260985045;0,9999524342038394
2019-01-08;780739,6321847243;0,6087588875717165
2019-01-09;788301,014785112;0,4161335913128786
2019-01-10;786182,7468102585;0,41456043860743874
2019-01-11;786912,0857079636;0,4151030454019383
2019-01-14;784692,4113000046;0,41344853621755157
2019-01-15;783145,1435692917;0,41228968059574855
2019-01-16;786411,1435692917;0,4147304673507053
2019-01-17;789030,3369897018;0,4166732749174333
2019-01-18;790779,3902306687;0,213788396425402
2019-01-21;790050,0680260789;0,21306261763846288
2019-01-22;787716,2035851609;0,2107310607077261
2019-01-23;784798,8646874558;0,2077971051670733
2019-01-24;784361,2713647019;0,20735513702088723
2019-01-25;784653,0002465378;0,20764983722530528
2019-01-28;784069,5257897507;0,20706020063619734
2019-01-29;786549,2713647019;0,2095600935612311
2019-01-30;785965,7969079148;0,2089732976766689
2019-01-31;787424,4580102097;0,2104386317411852
2019-02-01;785852,5789715667;0,9990649116510543
2019-02-04;790222,4401623626;0,999070082608089
2019-02-05;801357,080329599;0,9990830035590588
2019-02-06;808344,3936077972;0,9990909300585292
2019-02-07;792673,2410199066;0,9990729577427897
2019-02-08;794788,5534058472;0,8009999634758982
2019-02-11;800449,9016419312;0,8024074325797677
2019-02-12;804671,2525177856;0,803444014357645
2019-02-13;802093,4145902344;0,40504234430479985
2019-02-14;805667,3229001709;0,4076815528829699
2019-02-15;802235,1222013184;0,4051474382177332
2019-02-18;810787,7138913819;0,4114222386242346
2019-02-19;810503,6129850098;0,4112159280380776
2019-02-20;814926,6175931641;0,4144115466462742
2019-02-21;814503,3182920166;0,4141072149419118
2019-02-22;818079,7092832276;0,41666855664800684
2019-02-25;819736,4122861573;0,4178474806770241
2019-02-26;818996,8205960938;0,417321770253231
2019-02-27;815967,5189908692;0,4151585614788373
2019-02-28;817004,1222013184;0,41590059997815515
2019-03-01;817415,1147167602;0,9999659122439657
2019-03-04;828787,1383134248;0,8012001032141517
2019-03-05;828876,2978593232;0,8012214874768793
2019-03-06;821487,7970213715;0,5995770537995705
2019-03-07;813705,5616469209;0,5957474306981189
2019-03-08;806764,9019560639;0,592269615158702
2019-03-11;809417,136720163;0,5936056341926423
2019-03-12;813173,3344054047;0,595482844759633
2019-03-13;816185,6204008881;0,596975791132622
2019-03-14;821733,166886789;0,5996966202578546
2019-03-15;827476,2233366792;0,6024749054122857
2019-03-18;821910,2282500092;0,5997828562720598
2019-03-19;825167,1810135208;0,4060454023297822
2019-03-20;824214,9157776199;0,4053591707362527
2019-03-21;820907,5429977737;0,40296340898541033
2019-03-22;814102,8410095535;0,3979730614847442
2019-03-25;812473,5079178177;0,39676575761147315
2019-03-26;815081,9157776199;0,3986962150399721
2019-03-27;816436,0383896194;0,39969352409249914
2019-03-28;820910,0033096634;0,40296519833651767
2019-03-29;821316,7403778397;0,4032608652490368
2019-04-01;826602,7858437897;0,9998768622538537
2019-04-02;821374,0704888703;0,9998760783817459
2019-04-03;820191,9798974396;0,9998758997813906
2019-04-04;795718,6974199463;0,6604861747633117
2019-04-05;801097,6903474976;0,6627658498725507
2019-04-08;802362,4984529663;0,6632974505983379
2019-04-09;799028,9964693238;0,6618927473631768
2019-04-10;806276,493844812;0,6649319422855462
2019-04-11;821640,5037019898;0,6711974427305163
2019-04-12;828518,501077478;0,6739270174147416
2019-04-15;820558,1596860443;0,46864807260844826
2019-04-16;825347,0648908173;0,4717311319890352
2019-04-17;825503,4654874359;0,47183121826315305
2019-04-18;828226,858492807;0,4735679539788422
2019-04-23;831939,8538846527;0,475917450462115
2019-04-24;831867,0579785858;0,4758715884897222
2019-04-25;834970,6596860443;0,4778197836915781
2019-04-26;830338,15507789;0,4749065100529497
2019-04-29;834906,3244835602;0,24590543151891364
2019-04-30;833005,3244835602;0,244184513617733
2019-05-02;830921,8283896194;0,9999324897609901
2019-05-03;829569,3697714553;0,9999323796980973
2019-05-06;815885,1755575881;0,999931245556466
2019-05-07;821520,1770045982;0,8047608906043385
2019-05-08;829892,1498668418;0,8067304676460919
2019-05-09;820676,9405544029;0,804560284585806
2019-05-10;831556,8086803184;0,8071173658436066
2019-05-13;818550,4226024376;0,8040525503621354
2019-05-14;831467,8741176353;0,8070967349410163
2019-05-15;831602,9331157432;0,8071280639812026
2019-05-16;842298,8420436607;0,8095772430129615
2019-05-17;843120,7313258873;0,8097628705479571
2019-05-20;829806,4592464195;0,8067105095149499
2019-05-21;832179,921740316;0,8072617909676089
2019-05-22;836795,6831004844;0,8083249340930413
2019-05-23;826319,570391439;0,8058948699073367
2019-05-24;812958,6773784385;0,8027047718757792
2019-05-27;821155,1656215416;0,8046741049390578
2019-05-28;825088,789469503;0,8056053242317476
2019-05-29;816825,3736446128;0,8036387300344465
2019-05-31;812858,2442424522;0,8026803949581357
2019-06-03;800937,1916587006;0,9664385481427377
2019-06-04;820637,8472220551;0,9672442416718434
2019-06-05;833836,2548300873;0,9677627173886534
2019-06-07;843372,3428351532;0,9681272272835268
2019-06-11;838263,4258505951;0,9679329740871513
2019-06-12;835159,594551767;0,9678137984956381
2019-06-13;834601,504631723;0,967792275895302
2019-06-14;824109,7143714081;0,9673822374256957
2019-06-18;851120,3874289643;0,968417376207208
2019-06-19;847576,7883383881;0,9682853337085342
2019-06-20;852518,0602347504;0,9684691547870053
2019-06-24;857858,1787345062;0,9686654325098374
2019-06-25;860552,3716208588;0,9687635338824128
2019-06-26;844416,650070871;0,9681666449894276
2019-06-27;850946,6186835419;0,9684109268333071
2019-06-28;859869,6443640839;0,9687387324640075
2019-07-01;873256,505334993;0,9726032210387963
2019-07-02;876813,6520558792;0,9727143670756038
2019-07-03;894208,120897432;0,9732451373522695
2019-07-04;885094,741624971;0,9729696558707687
2019-07-05;870395,9211904007;0,9725131806449924
2019-07-08;869705,4772206742;0,9724913593397715
2019-07-09;859365,5926228958;0,9721603754461758
2019-07-10;857806,3990117508;0,9721097726938637
2019-07-11;856870,1240331131;0,9720792979214998
2019-07-12;855921,0464574295;0,9720483383927563
2019-07-15;860195,8260213333;0,9721872453581254
2019-07-16;862550,9931462989;0,8353160999971986
2019-07-17;859890,2324041114;0,834806518146533
2019-07-18;837138,0274175392;0,8303167974093563
2019-07-19;844885,8240941749;0,831872831272893
2019-07-22;838354,6526159034;0,8305630426700783
2019-07-23;838531,2088140235;0,83059871831899
2019-07-24;844391,3952611671;0,8317743853148963
2019-07-25;842309,4674962745;0,8313585837698655
2019-07-26;844305,9952062354;0,8317573695921411
2019-07-29;842033,5424321876;0,8313033218459205
2019-07-30;834839,8362249122;0,8298496845275681
2019-07-31;834858,5629307228;0,6342285647994703
2019-08-01;839571,8623665711;0,9999003584300193
2019-08-02;820051,994423761;0,9998979866410341
2019-08-06;798161,6564949891;0,9998951888282316
2019-08-07;802989,1836480042;0,9998958189472767
2019-08-08;814095,6502541443;0,999897240258621
2019-08-09;808099,9156807801;0,9998964778279833
2019-08-12;807553,9990471741;0,9998964078456963
2019-08-13;805569,6642006775;0,9998961526703456
2019-08-14;793887,845269098;0,9998946245883769
2019-08-15;784762,1860360047;0,9998933992233999
2019-08-16;787659,4652642151;0,9998937913372884
2019-08-19;796676,3855141541;0,9998949934251863
2019-08-20;799721,9211281678;0,9998953933157668
2019-08-21;805755,4199085023;0,8187296607858423
2019-08-22;797316,5012912537;0,8168110680590244
2019-08-23;785163,6337421203;0,6228377174334049
2019-08-26;778030,965941217;0,619380048797654
2019-08-27;777966,436140802;0,6193484776033915
2019-08-28;777104,2269580627;0,6189261388402647
2019-08-29;788308,0306690002;0,6243421394056521
2019-08-30;799749,1790454651;0,6297162709889756
2019-09-02;800400,1129154412;0,999980441557526
2019-09-03;799568,9550098625;0,9999804212263788
2019-09-04;806053,2367631585;0,8055535088365166
2019-09-05;805267,6273423821;0,8053638091762941
2019-09-06;806540,5961076409;0,8056710048620455
2019-09-09;803085,8425370842;0,8048350309794844
2019-09-10;792077,538144262;0,6061096011060708
2019-09-11;790181,9929639642;0,40906909343369524
2019-09-12;792200,2698406732;0,2343111130831102
2019-09-13;797835,2120251214;0,23971901253906372
2019-09-16;797835,2120251214;0,23971901253906372
2019-09-17;798829,6158184564;0,2406654300015122
2019-09-18;798332,4044384515;0,24019250695926148
2019-09-19;798332,4044384515;0,24019250695926148
2019-09-20;797006,5390362298;0,23892852427150374
2019-09-23;791371,6158184564;0,23350935173202336
2019-09-24;788719,8660473382;0,2309323386648936
2019-09-25;790045,7504162347;0,23222301681897617
2019-09-26;790542,9428295648;0,23270589114557597
2019-09-27;790542,9428295648;0,23270589114557597
2019-09-30;792034,5390362298;0,23415089502578093
2019-10-01;787597,5284579331;0,9989108367630032
2019-10-02;761391,6520629135;0,8006451898148684
2019-10-03;762858,6595244614;0,801028557022392
2019-10-04;771719,6281981674;0,8033131687631911
2019-10-07;782922,9259658066;0,8061276745903146
2019-10-08;783211,6912551132;0,8061991541133613
2019-10-09;785149,8218245712;0,8066775485972661
2019-10-10;786383,1451277939;0,8069807456912379
2019-10-11;795467,293412706;0,8091850041723898
2019-10-14;798294,0857915895;0,3986974352121953
2019-10-15;804955,8881902711;0,40367380587698126
2019-10-16;815218,8881902711;0,411181109521369
2019-10-17;838717,2726354615;0,42767807829557847
2019-10-18;826013,4788427369;0,41887597050603587
2019-10-21;841791,6807470338;0,429768323660034
2019-10-22;853843,8774328248;0,4378172708989375
2019-10-23;850339,8903417604;0,4355006901434495
2019-10-24;856904,4702367799;0,4398252104942568
2019-10-25;854722,2855443971;0,4383950326793194
2019-10-28;867523,2898473756;0,4466819659379192
2019-10-29;876296,0993512513;0,2687105422177796
2019-10-30;847250,0907452942;0,2436399755501466
2019-10-31;857966,0993512513;0,25308692285649725
2019-11-01;865466,4125461059;0,9999130999021569
2019-11-04;851619,2317702271;0,8021367063709127
2019-11-05;825226,3749052979;0,7958085305559125
2019-11-06;816579,8468138672;0,7936464060760253
2019-11-07;828149,6773692871;0,5983701204265272
2019-11-08;831412,9586116577;0,5999465106412962
2019-11-11;837083,3278133179;0,6026564570823537
2019-11-12;841912,8066722656;0,6049357456560067
2019-11-13;843035,9280177857;0,6054620637904532
2019-11-14;843804,0821162964;0,6058212300224501
2019-11-15;857906,0990535523;0,612300628754622
2019-11-18;857856,5512401367;0,612278236134224
2019-11-19;851529,8193904663;0,6093975247646376
2019-11-20;844240,1490108276;0,6060248312280024
2019-11-21;844954,5071727539;0,6063579135123378
2019-11-22;841817,5879146362;0,6048910595767153
2019-11-25;847331,0048381592;0,6074619560815364
2019-11-26;849238,0920345093;0,6083434571407315
2019-11-27;847083,1945812012;0,6073471208986978
2019-11-28;846150,6244060303;0,6069143653659558
2019-11-29;839502,6287090088;0,603801532221375
2019-12-02;821904,6917591644;0,9842087670750275
2019-12-03;819299,0915394379;0,9841585465384689
2019-12-04;839869,2841816498;0,984546537569423
2019-12-05;845338,2918761993;0,7888884254912686
2019-12-06;848897,0933593536;0,7897734611338099
2019-12-09;849560,3083404327;0,789937575898386
2019-12-10;846551,8893798614;0,7891910702352378
2019-12-11;854085,6816772247;0,7910505917391674
2019-12-12;853000,9876704956;0,3941139526331854
2019-12-13;855487,4038387085;0,3958749193727395
2019-12-16;854567,3882137085;0,3952245265291824
2019-12-17;852661,7957759644;0,3938729290089366
2019-12-18;848423,4011226441;0,39084495296122046
2019-12-19;850890,2065120484;0,39261094690675874
2019-12-20;856922,5930171753;0,3968867187875546
2019-12-23;857138,9978633667;0,39703898888281586
2019-12-27;861371,8059688355;0,40000195822712564
2019-12-30;862830,5941463257;0,40101637525845674
2020-01-02;884499,4403693634;0,9999049939052647
2020-01-03;873766,6076514679;0,999903826906534
2020-01-07;891262,040385057;0,6190094138617062
2020-01-08;884809,4928234115;0,6162310080042464
2020-01-09;911687,684664537;0,6275452077713878
2020-01-10;917636,0630291;0,6299595658346021
2020-01-13;933238,4522502914;0,6361461035490583
2020-01-14;929594,3183903213;0,4932360702281054
2020-01-15;938140,9170689102;0,49785276251147464
2020-01-16;958866,8226932999;0,5087066746580043
2020-01-17;950190,3226932999;0,5042205139010233
2020-01-20;947603,7809515815;0,3139603344567084
2020-01-21;925325,776648603;0,297443346595047
2020-01-22;925043,7809515815;0,2972291751609445
2020-01-23;889793,7809515815;0,2693882617876415
2020-01-24;905585,776648603;0,2821289846695116
2020-01-27;897407,7723456245;0,27558708428345696
2020-01-28;903893,7809515815;0,2807852043553281
2020-01-29;921377,7723456245;0,2944329671676513
2020-01-30;925043,7809515815;0,2972291751609445
2020-01-31;923351,7852545601;0,29594138297750044
2020-02-03;931256,7290447975;0,9020440640298405
2020-02-04;954941,4165447975;0,9044735907966422
2020-02-05;954632,0654057289;0,9044426352017392
2020-02-06;959758,3321827675;0,9049530267534881
2020-02-07;943409,2178698707;0,7055718158162981
2020-02-10;964142,4089709449;0,7119032827774273
2020-02-11;994537,266026609;0,7207080393585164
2020-02-12;986961,3080493141;0,7185641821070116
2020-02-13;1011456,8669482399;0,7253800215943299
2020-02-14;1024596,4648028541;0,7289017945098627
2020-02-17;1064321,1633344246;0,5560135609311899
2020-02-18;1095499,5593457771;0,568649608935832
2020-02-19;1117203,9553571297;0,5770296362911019
2020-02-20;1067299,5593457771;0,5572525452703455
2020-02-21;1063220,1633344246;0,5555537981404978
2020-02-24;991381,5593457771;0,5233478382972331
2020-02-25;1012658,3713117195;0,5333627048159121
2020-02-26;979238,1633344246;0,5174369412591575
2020-02-27;907478,7673230721;0,47927799486883876
2020-02-28;910008,9696317269;0,48072581798214653
2020-03-02;935097,8533491301;0,9999652875118107
2020-03-03;964892,2657865691;0,9999663593808955
2020-03-04;955783,3727354216;0,999966038776028
2020-03-05;929444,3223680663;0,9999650763661587
2020-03-06;880933,5168165374;0,9999631532089873
2020-03-09;843886,2504648375;0,9999615356060461
2020-03-10;831512,4018682647;0,9999609632121935
2020-03-11;816194,8512872863;0,9999602306077537
2020-03-12;700085,4433569121;0,9999536348405781
2020-03-13;734052,210589807;0,9999557802936604
2020-03-16;684181,9093817039;0,6894329703319448
2020-03-17;681894,2945159202;0,504467644117522
2020-03-18;667346,7945159202;0,4936655289257806
2020-03-19;674909,0879129157;0,33343158750737356
2020-03-20;686471,0836099372;0,3446583693792074
2020-03-23;684215,0750039802;0,34249756291274097
2020-03-24;718337,0707010017;0,37372983010894556
2020-03-25;751613,0793069587;0,4014565583108612
2020-03-26;745268,0793069587;0,3963607300539349
2020-03-27;729617,0707010017;0,3834120700126581
2020-03-30;731873,0793069587;0,3853127105959924
2020-03-31;736103,0793069587;0,38884499745536405
2020-04-01;737513,0793069587;0,39001342223014596
2020-04-02;738641,0836099372;0,3909449537950039
2020-04-03;738359,0879129157;0,3907123421767674
2020-04-06;751895,0750039802;0,40168103999806454
2020-04-07;768533,0793069587;0,41463407181816886
2020-04-08;781787,0707010017;0,4245580463442905
2020-04-09;796733,0793069587;0,4353528289571176
2020-04-14;854261,0620950446;0,47337751974360026
2020-04-15;789119,0879129157;0,4299047048820025
2020-04-16;817319,0879129157;0,4495747304082392
2020-04-17;827471,0620950446;0,45632771958460877
2020-04-20;820985,0965188728;0,4520325871754518
2020-04-21;802373,0793069587;0,4393218181054481
2020-04-22;829163,0793069587;0,4574371549647662
2020-04-23;828317,0707010017;0,4568830038402652
2020-04-24;814217,0707010017;0,447477711417129
2020-04-27;823241,0620950446;0,4535342076328306
2020-04-28;808013,0793069587;0,44323539949029095
2020-04-29;799271,0836099372;0,43714580880983406
2020-04-30;805757,0707010017;0,4416765354406719
2020-05-04;790419,2830692152;0,9999977338099726
2020-05-05;821636,4644847731;0,9999978199113913
2020-05-06;807376,1622615675;0,9999977814055201
2020-05-07;810918,1374560447;0,8102513949110992
2020-05-08;814321,5234385581;0,811044432702897
2020-05-11;800248,4947825522;0,8077214934776172
2020-05-12;805445,9340722861;0,6414677731406101
2020-05-13;796565,6687867942;0,6374707878164011
2020-05-14;777255,46464327;0,628464079708573
2020-05-15;784310,229928762;0,6318059954617607
2020-05-18;811886,9383752646;0,6443121440829228
2020-05-19;812892,3176782432;0,644752056234733
2020-05-20;810453,7618577781;0,6436831588074556
2020-05-22;800300,417428762;0,6391625968588435
2020-05-25;817591,6258752646;0,646793930834811
2020-05-26;847643,0137842002;0,6593161039945791
2020-05-27;821788,9187867942;0,6485979334156743
2020-05-28;859320,7937867942;0,6639458436875358
2020-05-29;859397,065751821;0,6639756686798227
2020-06-01;857463,3810781912;0,9999107617970578
2020-06-02;870033,8092092947;0,999912051129041
2020-06-03;884332,1450323538;0,9999134731315084
2020-06-04;888286,1875090079;0,9999138582899384
2020-06-05;910472,5787057242;0,8703340613958527
2020-06-08;865786,1564912162;0,8636415232490335
2020-06-09;865812,0534486136;0,8636456018127924
2020-06-10;892767,5148324332;0,8677625702886661
2020-06-11;872426,2203568778;0,8646793519766941
2020-06-12;884288,7109460196;0,8664946413655813
2020-06-15;888390,9656113944;0,8671111187967016
2020-06-16;914956,8759202323;0,8709695674208927
2020-06-17;923840,0347909293;0,8722102560559272
2020-06-18;902495,8120545706;0,869188000748221
2020-06-22;882414,3201073966;0,8662110543754008
2020-06-23;927004,6564988456;0,8726465065050477
2020-06-24;901630,2176179251;0,8690624169594501
2020-06-25;908195,5228776297;0,8700089589550606
2020-06-26;899230,0834512076;0,8687129315801834
2020-06-29;916578,4842690787;0,8711978477376541
2020-06-30;923526,9064835868;0,8721669280424865
2020-07-01;926469,7322847589;0,9999329523289507
2020-07-02;956311,3022386774;0,9999350445428158
2020-07-03;974107,2262193903;0,9999362312113335
2020-07-06;1032929,2322847589;0,999939862639273
2020-07-07;1000774,2191469416;0,9999379304176118
2020-07-08;992900,4085542902;0,9999374381989249
2020-07-09;976996,6019594416;0,99993641980154
2020-07-10;986723,5169298395;0,9999370465618975
2020-07-13;989156,4108202204;0,9999372013999325
2020-07-14;943237,0583946833;0,5461807253773818
2020-07-15;950531,5228248744;0,3422751246391272
2020-07-16;950426,2243095546;0,3422022547507624
2020-07-17;958968,7243095546;0,34806192159530663
2020-07-20;977393,5182243495;0,36035157209517493
2020-07-21;975986,5243583827;0,35942944725843184
2020-07-22;978881,8334861903;0,3613241088048131
2020-07-23;974475,8242851405;0,3584363903176367
2020-07-24;964652,4134617762;0,21042730340222013
2020-07-27;968429,4889885325;0,0
2020-07-28;968429,4889885325;0,0
2020-07-29;968429,4889885325;0,0
2020-07-30;968429,4889885325;0,0
2020-07-31;968429,4889885325;0,0
2020-08-03;966980,1116470655;0,9992465711958762
2020-08-04;954988,6819633802;0,9992371106769226
2020-08-05;961663,7211067862;0,8015064003315844
2020-08-06;967848,4500343985;0,8027748108020165
2020-08-07;965745,4916756338;0,8023453432417142
2020-08-10;964760,4048989004;0,8021435242328249
2020-08-11;965894,8857414908;0,8023759143040986
2020-08-12;964979,1222527212;0,802188369394568
2020-08-13;970536,8228371328;0,8033211216911841
2020-08-14;955276,7524330801;0,8001792745538615
2020-08-17;965352,9788997358;0,6060810267404774
2020-08-18;961374,2442805952;0,6044507572950786
2020-08-19;967400,9186591352;0,4063492154358726
2020-08-20;961824,7157324995;0,40290751011458126
2020-08-21;961531,7157324995;0,40272556281458693
2020-08-24;968045,7043494429;0,4067446280999721
2020-08-25;965045,8200415815;0,4049004695701308
2020-08-26;972023,4186591352;0,4091723477791583
2020-08-27;967792,7100409712;0,4065895429965158
2020-08-28;968160,4129676069;0,40681491759230987
2020-08-31;969607,1057318891;0,4076999735717126
2020-09-01;967181,3001353199;0,9999550339597847
2020-09-02;965215,3300654347;0,9999549423720462
2020-09-03;929104,5589839527;0,7943122063438953
2020-09-04;934266,0791255543;0,7954485653679019
2020-09-07;946095,7677819112;0,3966352707360389
2020-09-08;946471,313298879;0,3968746767444279
2020-09-09;954844,3588158467;0,40216349239006627
2020-09-10;952053,3202721456;0,40041087549346843
2020-09-11;953163,2257515767;0,40110906362821563
2020-09-14;953097,9043328145;0,40106801810133974
2020-09-15;953726,774932897;0,20245053937338087
2020-09-16;952584,274932897;0,20149398331556634
2020-09-17;954869,274932897;0,20340480639472777
2020-09-18;958753,7679596303;0,20663229668274438
2020-09-21;953498,2784195303;0,2022594144651191
2020-09-22;955097,7714462637;0,20359538293018326
2020-09-23;956583,024932897;0,20483193292473995
2020-09-24;955440,524932897;0,2038810840828434
2020-09-25;954869,274932897;0,20340480639472777
2020-09-28;954526,5214462637;0,2031187632372995
2020-09-29;956697,2819061636;0,2049268986974045
2020-09-30;960124,7819061636;0,2077651892051283
2020-10-01;959528,3715246479;0,9990851851316103
2020-10-02;956839,4879186909;0,9990826143444164
2020-10-05;969776,2606606343;0,7985195496275526
2020-10-06;967588,5571999409;0,7980640053000986
2020-10-07;972377,846323476;0,7990586082383732
2020-10-08;964144,6489357807;0,7973426933665146
2020-10-09;995126,1132508138;0,6167268568554952
2020-10-12;988414,7181702474;0,6141244092794665
2020-10-13;985148,6163636068;0,6128451008146758
2020-10-14;991050,1120606282;0,6151505270931436
2020-10-15;976528,1972657064;0,6094274447796245
2020-10-16;983411,7150574544;0,6121613080147914
2020-10-19;979890,9188233236;0,6107677845317577
2020-10-20;977127,1132508138;0,6096668405997727
2020-10-21;983322,9163056234;0,6121262843301106
2020-10-22;977368,0114441732;0,6097630485294439
2020-10-23;954092,1009814504;0,4089336722034081
2020-10-26;928358,2107989553;0,3925494405639875
2020-10-27;922152,2703495459;0,20125243938295992
2020-10-28;917147,2703495459;0,1968935630387446
2020-10-29;921451,5734043554;0,20064504992066307
2020-10-30;925455,5734043554;0,2041034733308155
2020-11-02;923651,9368337034;0,9998150242685173
2020-11-03;941422,6492207884;0,9998185159526461
2020-11-04;969261,8412640928;0,99982372854746
2020-11-05;996906,9398549437;0,9998286167085204
2020-11-06;1017628,3434689878;0,999832106491778
2020-11-09;1037105,8624242186;0,9998352596404654
2020-11-10;1000199,5506299376;0,999829180894409
2020-11-11;1002889,2563481688;0,8164358108062731
2020-11-12;991590,6532597899;0,8143442028346553
2020-11-13;993478,1624913573;0,8146969302968924
2020-11-16;1007334,0594029784;0,8172457771339932
2020-11-17;1004831,1374790282;0,6059752624844245
2020-11-18;1007045,4190494628;0,6068416402049046
2020-11-19;1002271,4344913573;0,6049689619323723
2020-11-20;1006463,5129062743;0,6066143281743374
2020-11-23;1006357,9250919432;0,6065730538600584
2020-11-24;1015943,322171411;0,6102850261898274
2020-11-25;1009543,5343906493;0,6078145105137742
2020-11-26;1007114,7251255126;0,6068686959737299
2020-11-27;1008815,3220035643;0,6075314117887155
2020-11-30;1003586,8164705215;0,20040299747182266
2020-12-01;1003007,496193147;0,9992567728882974
2020-12-02;998552,3061372999;0,9992534568696804
2020-12-03;997151,6660082105;0,9992524082445794
2020-12-04;993888,9797899488;0,999249954089873
2020-12-07;993613,1796029982;0,6095231107497671
2020-12-08;1004548,6082147536;0,6137738081396372
2020-12-09;1004480,610364656;0,4085258581808491
2020-12-10;996976,9502007766;0,40407417957881187
2020-12-11;997561,5221001906;0,4044233926158385
2020-12-14;1000218,9861504836;0,40600576952053036
2020-12-15;1006784,146314363;0,4098791591381499
2020-12-16;1008791,305967073;0,4110533036167898
2020-12-17;1008414,6283395095;0,4108333117224633
2020-12-18;1016966,7366998;0,41578786645723664
2020-12-21;1010873,6452920241;0,4122664986307171
2020-12-22;1021255,4671532912;0,4182412470745351
2020-12-23;1023931,3434502883;0,41976157797121244
2020-12-28;1026849,9137399001;0,42141076408572126
2020-12-29;1031764,8793999953;0,42416696007823573
2020-12-30;1026372,7350899978;0,4211417678224706
2021-01-04;1026755,8456751839;0,9990982817047748
2021-01-05;1038368,5441865136;0,8107025243715327
2021-01-07;1094848,543614309;0,8204678214781846
2021-01-08;1098062,9405183007;0,8209933721160516
2021-01-11;1061249,8540467431;0,8147839140453196
2021-01-12;1034066,2511285301;0,6438312878555253
2021-01-13;1054312,6314080711;0,6506709357691813
2021-01-14;1047948,0437921043;0,6485493273084647
2021-01-15;1030932,854796743;0,6427487559224918
2021-01-18;1055676,4418405052;0,6511222280432798
2021-01-19;1076234,4418405052;0,6577864165853421
2021-01-20;1078145,044364309;0,658392860161343
2021-01-21;1082337,2511285301;0,6597160039049818
2021-01-22;1090956,838744497;0,6624045683050435
2021-01-25;1095905,458464956;0,6639289985356973
2021-01-26;1107602,0460809227;0,6674780023748665
2021-01-27;1072418,2511285301;0,6565686526232271
2021-01-28;1063485,2511285301;0,6536839184693108
2021-01-29;1054819,838744497;0,6508389097280476
2021-02-01;1085144,0088029762;0,9999981394775295
2021-02-02;1106975,8287950417;0,9999981761708254
2021-02-03;1114664,1274348123;0,8035873569030632
2021-02-04;1113188,920670591;0,8033270693145912
2021-02-05;1114056,5589566706;0,6657082148419478
2021-02-08;1111037,1626248835;0,6647997309281711
2021-02-09;1097591,1454282282;0,6606933670958491
2021-02-10;1106322,9570050715;0,6633713930434555
2021-02-11;1111539,7496686457;0,6649512930404134
2021-02-12;1090855,163197088;0,6585981636928128
2021-02-15;1091597,1460004328;0,6588302220968663
2021-02-16;1103119,9558606623;0,662393963700804
2021-02-17;1089927,3521924494;0,6583075421389152
2021-02-18;1082932,9564328669;0,6561006351793032
2021-02-19;1103500,352764654;0,6625103427220298
2021-02-22;1127786,4579566703;0,4920555652897624
2021-02-23;1118827,6486686454;0,4879882924395628
2021-02-24;1112590,854860662;0,48511813452537805
2021-02-25;1112590,854860662;0,48511813452537805
2021-02-26;1110824,0610526786;0,48429920187559244
2021-03-01;1117389,0806969886;0,9999928666641058
2021-03-02;1135193,187508512;0,9999929785416924
2021-03-03;1143960,1232995277;0,9999930323518498
2021-03-04;1136846,310379911;0,9999929887518091
2021-03-05;1123797,9984139686;0,9999929073448713
2021-03-08;1130011,8393334632;0,9999929463467907
2021-03-09;1149718,632152105;0,8082662801466194
2021-03-10;1141846,1011004692;0,8069443597391873
2021-03-11;1155221,2894244439;0,8091795639975683
2021-03-12;1149837,8431201226;0,808286158395089
2021-03-15;1135488,0132937676;0,8058633578281266
2021-03-16;1150267,656421209;0,8083577949039173
2021-03-17;1126601,7719378716;0,8043320757892255
2021-03-18;1130303,572146917;0,8049728979370059
2021-03-19;1117421,1613879448;0,802724489436502
2021-03-22;1113632,167697454;0,8020532842697558
2021-03-23;1113509,3595538384;0,8020314528693413
2021-03-24;1132460,5424380547;0,8053443613561294
2021-03-25;1126421,6269946343;0,8043007832551907
2021-03-26;1118611,1976046807;0,8029343612871936
2021-03-29;1110990,3670071885;0,5780142583964762
2021-03-30;1115562,4639920518;0,5797437534262181
2021-03-31;1107997,423911058;0,37869510246157445
2021-04-01;1118161,9808033884;0,9999555242358281
2021-04-06;1163330,3195485056;0,9999572510853293
2021-04-07;1170150,4471424997;0,9999575002439339
2021-04-08;1183765,0730775583;0,8090708378302052
2021-04-09;1187133,7191041696;0,8096126241118659
2021-04-12;1177249,9913209665;0,8080142066045315
2021-04-13;1194062,2197145212;0,8107173396185331
2021-04-14;1184157,6851388682;0,6230196453017529
2021-04-15;1188618,374068922;0,50780305822124
2021-04-16;1182396,9390103281;0,5052132584608666
2021-04-19;1180152,1987759531;0,5042721360299461
2021-04-20;1179134,5884243906;0,5038443156514362
2021-04-21;1173594,3286587656;0,5015020826426725
2021-04-22;1169069,5206587657;0,30836403963115927
2021-04-23;1174014,0206587657;0,31127694692687014
2021-04-26;1175362,5206587657;0,3120671227413487
2021-04-27;1170867,5206587657;0,3094261251658605
2021-04-28;1156933,0206587657;0,30110861543362294
2021-04-29;1162327,0206587657;0,3043519540649613
2021-04-30;1150190,5206587657;0,2970116636019039
2021-05-03;1167121,2707142066;0,9074463722105707
2021-05-04;1149018,3995212745;0,905988182852586
2021-05-05;1164813,9873699378;0,9072630404115318
2021-05-06;1124230,3005567207;0,7216782921309775
2021-05-07;1145991,947289051;0,7269634415588703
2021-05-10;1137194,9038243904;0,7248513018860927
2021-05-11;1101341,3440213813;0,715893987828921
2021-05-12;1093546,947289051;0,7138689856299836
2021-05-14;1094612,8005567207;0,7141475989227323
2021-05-17;1094033,7407537117;0,713996300449119
2021-05-18;1094512,4430567208;0,5185243501505433
2021-05-19;1083402,1332537117;0,5135868080613772
2021-05-20;1093850,9430567208;0,5182331805497882
2021-05-21;1088906,4430567208;0,5160455765972534
2021-05-24;1085929,5463243905;0,514718895371477
2021-05-25;1098986,2365213814;0,5204843588786853
2021-05-26;1089888,089789051;0,5164814674770427
2021-05-27;1105603,6930567208;0,5233544414707239
2021-05-28;1114551,2963243905;0,527180945796798
2021-05-31;1118620,1332537117;0,5289007643227107
2021-06-01;1117479,6560379541;0,9073811053952013
2021-06-02;1122053,6292206324;0,9077586598445603
2021-06-03;1106191,7615554102;0,7035192822043469
2021-06-04;1093050,889128042;0,49475469431149854
2021-06-07;1095238,06468041;0,49576366233058683
2021-06-08;1081608,4024565942;0,48940963350851147
2021-06-09;1089273,9343169457;0,4930028037833362
2021-06-10;1083248,389128042;0,49018264310078946
2021-06-11;1080311,3796629542;0,19880580691409067
2021-06-14;1083274,7626280421;0,20099753638608367
2021-06-15;1083080,4381804103;0,2008541807248374
2021-06-16;1083857,7174391383;0,20142728128963241
2021-06-17;1081380,14559313;0,1995976552391357
2021-06-18;1081477,307816946;0,19966956508985778
2021-06-21;1083274,7626280421;0,20099753638608367
2021-06-22;1083663,4115233058;0,2012840934678255
2021-06-23;1079971,3211454982;0,19855352900248258
2021-06-24;1084246,366334402;0,2017135302590099
2021-06-28;1083614,8211454982;0,2012482782437237
2021-06-29;1085072,2174391383;0,20232110803340686
2021-06-30;1084197,7759565944;0,20167775353817202
2021-07-01;1082586,9157197054;0,9991125819354412
2021-07-02;1101577,5803620394;0,999127880593622
2021-07-05;1106145,7164246615;0,9991314822530164
2021-07-06;1117922,3970353182;0,9991406315966006
2021-07-07;1137479,3259980257;0,999155406904102
2021-07-08;1127673,710724077;0,8075220913418832
2021-07-09;1126735,262375078;0,8073617781062628
2021-07-12;1155044,792602739;0,8120832379151199
2021-07-13;1176590,0732271287;0,8155242999003198
2021-07-14;1164525,1872408006;0,8136130674827333
2021-07-15;1152149,823562822;0,8116110656357935
2021-07-16;1165733,313173723;0,6332128346535558
2021-07-19;1165407,1240257737;0,6331101735401333
2021-07-20;1164563,3564629075;0,6328443488145016
2021-07-21;1180903,5194954393;0,6379246818812112
2021-07-22;1197922,861307573;0,643068822459741
2021-07-23;1206293,9197105882;0,6455457409654425
2021-07-26;1200986,043703508;0,6439791954864167
2021-07-27;1194764,1955894944;0,6421251833061977
2021-07-28;1207350,9184822557;0,6458560548192497
2021-07-29;1218120,1275963304;0,6489869859283683
2021-07-30;1230580,2746834275;0,6525411415367401
2021-08-02;1238988,7113111743;0,999803562674577
2021-08-03;1243015,6919706592;0,9998041990698497
2021-08-04;1251226,5896757373;0,9998054839701398
2021-08-05;1253408,2617719898;0,9998058225431392
2021-08-06;1236887,0607908496;0,9998032288990689
2021-08-09;1211461,4926867313;0,8069989857404605
2021-08-10;1208966,0964388675;0,8066006172434151
2021-08-11;1223058,1250948734;0,8088289574898349
2021-08-12;1204813,402568323;0,8059340173951496
2021-08-13;1207434,6250948734;0,8063553156705746
2021-08-16;1208258,7427325076;0,8064873949960915
2021-08-17;1217959,503009302;0,8080286772694698
2021-08-18;1202982,66772793;0,805638682004856
2021-08-19;1201033,3119387454;0,8053232208459846
2021-08-20;1211163,495563013;0,8069514993793419
2021-08-23;1225744,08418606;0,8092478684242024
2021-08-24;1202862,6132006473;0,8056192833171772
2021-08-25;1206345,9554476566;0,8061805605854165
2021-08-26;1211083,248228815;0,6544163965890546
2021-08-27;1207604,235121515;0,6534207973265084
2021-08-30;1212103,4860272768;0,45192693477774826
2021-08-31;1219197,1127591494;0,4551157757828598
2021-09-01;1214142,4070999927;0,99998477919888
2021-09-02;1243477,8255417652;0,9999851382793241
2021-09-03;1240352,9336197681;0,9999851008373432
2021-09-06;1221973,4911835499;0,999984876742218
2021-09-07;1208740,918141054;0,6397732676281713
2021-09-08;1199764,6320988787;0,43888695897930596
2021-09-09;1202583,3691136492;0,4402021527021006
2021-09-10;1201626,7841832293;0,43975651168289626
2021-09-13;1196339,1888081683;0,43728034028815593
2021-09-14;1200018,8669542903;0,21291331914511658
2021-09-15;1187018,8669542903;0,20429329874277238
2021-09-16;1193518,8669542903;0,20862678160707807
2021-09-17;1192918,8608507747;0,20822874216216905
2021-09-20;1184218,8639025325;0,20241190564919997
2021-09-21;1186018,8669542903;0,20362239314132893
2021-09-22;1185218,8639025325;0,20308485148109856
2021-09-23;1188918,8608507747;0,20556490602024344
2021-09-24;1185118,873057806;0,2030176141594363
2021-09-27;1177418,8608507747;0,19780555725784485
2021-09-28;1167318,8700060481;0,19086473180254804
2021-09-29;1167318,8700060481;0,19086473180254804
2021-09-30;1165818,8700060481;0,18982365849903401
2021-10-01;1162426,012783903;0,9874791787674859
2021-10-04;1147784,2332123697;0,987319456147819
2021-10-05;1171092,2123230875;0,987571834097317
2021-10-06;1160610,8332032145;0,9874595963731255
2021-10-07;1175712,2352265299;0,9876206712271841
2021-10-08;1148568,4115406168;0,7846451214252775
2021-10-11;1142020,6047168863;0,7834103782537174
2021-10-12;1151429,7039600504;0,7851802763543493
2021-10-13;1193221,4145923746;0,7927041806515093
2021-10-14;1209397,6237293375;0,7954768506660733
2021-10-15;1219654,020686735;0,797196740545471
2021-10-18;1230126,6293093928;0,5983862009251133
2021-10-19;1227979,6323611506;0,5976840202225493
2021-10-20;1229112,32894013;0,5980547771690324
2021-10-21;1236762,5255191096;0,600541074987078
2021-10-22;1244656,8350436457;0,6030746668234815
2021-10-25;1246695,6354129084;0,6037237839719362
2021-10-26;1217122,4595463313;0,41757210716137844
2021-10-27;1212153,072491888;0,41518436447730556
2021-10-28;1222579,0694401301;0,4201715969464792
2021-10-29;1218447,5056042613;0,20985721237242272
2021-11-01;1218733,715706678;0,999127271485186
2021-11-02;1178895,4190453012;0,9990977794565324
2021-11-03;1202430,5811656625;0,8324580359804513
2021-11-04;1228613,672779432;0,8360285371805158
2021-11-05;1240506,5811656625;0,837600554302292
2021-11-08;1228440,172779432;0,836005378503822
2021-11-09;1225923,672779432;0,8356687405269572
2021-11-10;1225741,489551893;0,8356443158016039
2021-11-11;1251065,291051893;0,6188505219701731
2021-11-12;1259907,3826656626;0,6215254476430029
2021-11-15;1281665,4676656625;0,4272557963173957
2021-11-16;1271560,4676656625;0,42270423913597627
2021-11-17;1280241,4676656625;0,4266187385695857
2021-11-18;1301243,9676656625;0,4358732982389731
2021-11-19;1302867,9676656625;0,4365764713819136
2021-11-22;1284518,9676656625;0,4285281213093562
2021-11-23;1270442,376051893;0,4221961723703724
2021-11-24;1267519,559279432;0,42086379473073415
2021-11-25;1279891,4676656625;0,42646194133593696
2021-11-26;1255422,4676656625;0,41528331173601774
2021-11-29;1271197,876051893;0,4225395735040574
2021-11-30;1280678,059279432;0,4268142080307975
2021-12-01;1282295,8569156625;0,9998230853555059
2021-12-02;1235714,1534854867;0,9998164163491835
2021-12-03;1199880,5603458383;0,9998109337519419
2021-12-06;1156218,263776014;0,99980379403892
2021-12-07;1222369,2909854867;0,7926800875279258
2021-12-08;1202794,3833621957;0,7893060543671079
2021-12-09;1211610,2909854867;0,7908391037108663
2021-12-10;1200157,4928897836;0,7888431344077478
2021-12-13;1248733,1978458383;0,7970571336993089
2021-12-14;1194998,901276014;0,7879316088533134
2021-12-15;1211934,9556657234;0,6338368213647572
2021-12-16;1214525,7904157236;0,4533843614893657
2021-12-17;1214944,2904157236;0,45357264884255655
2021-12-20;1205963,2904157236;0,4495033176450428
2021-12-21;1205057,7904157236;0,44908966549504886
2021-12-22;1225973,2904157236;0,45848837360020755
2021-12-23;1237002,2904157236;0,46331644204748273
2021-12-27;1257262,2904157236;0,4719647638551166
2021-12-28;1274992,7904157236;0,4793078083215988
2021-12-29;1278277,7904157236;0,4806459164092839
2021-12-30;1266011,7904157236;0,4756140539593838
2022-01-03;1261182,469803293;0,9999967795966548
2022-01-04;1256612,9635700777;0,9999967678860855
2022-01-05;1252377,253559549;0,9999967569546372
2022-01-07;1204842,154713205;0,7806513075323525
2022-01-10;1122270,1240994355;0,5655492365017776
2022-01-11;1121197,1122662446;0,5651334569701748
2022-01-12;1138334,3105427644;0,5716802105053235
2022-01-13;1128080,5088192842;0,567786954517488
2022-01-14;1106098,2233269745;0,3433959905642559
2022-01-17;1105988,7324593598;0,34333098796471534
2022-01-18;1090380,9216034943;0,3339313684999117
2022-01-19;1096792,2383759553;0,33782488346047507
2022-01-20;1105311,03418284;0,3429283651337316
2022-01-21;1103045,131713205;0,3415785924024399
2022-01-24;1069381,8240731293;0,32085199886791893
2022-01-25;1065022,2265427643;0,318071951771532
2022-01-26;1088042,7265427643;0,3324999923725887
2022-01-27;1097062,2233269745;0,33798784351196876
2022-01-28;1094863,8359063203;0,3366585830601987
2022-01-31;1104477,2975162445;0,24134131194858674
2022-02-01;1119710,3306288354;0,9999805851369764
2022-02-02;1132343,3402685754;0,9999808017392586
2022-02-03;1102923,8437208764;0,9999802896430076
2022-02-04;1084921,8963619133;0,8005192845959735
2022-02-07;1082086,3450795496;0,6025628171709653
2022-02-08;1058687,1009200588;0,4459901321076481
2022-02-09;1071721,8938277736;0,4527282643958812
2022-02-10;1073275,6983321682;0,45352056155608983
2022-02-11;1067212,8909286037;0,4504160267313553
2022-02-14;1044668,5093062894;0,43855577564069703
2022-02-15;1051922,2993148342;0,4424273529498438
2022-02-16;1049703,5122054592;0,4412487963503563
2022-02-17;1040336,098020889;0,4362176780793758
2022-02-18;1031230,0951217191;0,43123934833299266
2022-02-21;1017432,1009200589;0,42352605113435193
2022-02-22;1030646,1009200589;0,43091707192559203
2022-02-23;1029424,5035079495;0,43024175262840963
2022-02-24;1014704,4363631741;0,2380488303163997
2022-02-25;1024047,6405562893;0,24500071915593613
2022-02-28;1022398,8237838284;0,24378313610664767
2022-03-01;1012447,3086721417;0,9999522838766247
2022-03-02;1032130,3655263898;0,9999531938383899
2022-03-03;1011147,4618093488;0,9999522225367553
2022-03-04;983580,9145833966;0,9999508834911544
2022-03-07;1000409,97351284;0,9999517097370372
2022-03-08;1021576,6109029767;0,9999527102909601
2022-03-09;1039197,9968587873;0,9999535121691558
2022-03-10;1044987,9524709699;0,9999537697438737
2022-03-11;1096280,9906954267;0,7739443592129263
2022-03-14;1079358,7548403242;0,7704002485522025
2022-03-15;1067719,6663393476;0,767897408236387
2022-03-16;1066095,3580355146;0,7675437755483716
2022-03-17;1075444,9971651533;0,7695646895121633
2022-03-18;1072385,9560579755;0,7689073598601426
2022-03-21;1083721,2404665449;0,7713244951001834
2022-03-22;1084334,6112246015;0,7714538489604562
2022-03-23;1072716,6679567792;0,7689786042885206
2022-03-24;1060820,7541689374;0,7663879587004414
2022-03-25;1067774,2019228437;0,7679092626623977
2022-03-28;1058440,3917726972;0,7658625806794014
2022-03-29;1056268,4898730696;0,3911559404019675
2022-03-30;1057506,7054645002;0,39186882496662195
2022-03-31;1058252,431111473;0,39229736073050364
2022-04-01;1058337,158239906;0,9923273362848101
2022-04-04;1077417,0521760632;0,9924632108837854
2022-04-05;1078267,1592012097;0,9924691528966901
2022-04-06;1082157,7491975476;0,992496227912718
2022-04-07;1074783,6601625134;0,9924447445439981
2022-04-08;1094908,2662721325;0,9925836114653588
2022-04-11;1089384,5571351696;0,9925460067711819
2022-04-12;1110610,2583680798;0,9926884655969265
2022-04-13;1134900,3662324597;0,9928449533068515
2022-04-14;1132712,1277289197;0,7765370314168287
2022-04-19;1135945,8221411512;0,7771731629459593
2022-04-20;1133538,2146124647;0,7766998841772605
2022-04-21;1122948,3725409315;0,7745940768053978
2022-04-22;1106364,5031706542;0,6175203441012409
2022-04-25;1094734,4183623046;0,6134570107840831
2022-04-26;1090299,1882213133;0,4316384026367565
2022-04-27;1098633,5956309813;0,4359500831891015
2022-04-28;1100792,1877025145;0,4370561536100028
2022-04-29;1104947,7797740477;0,4391733260480116
2022-05-02;1097189,6860486867;0,9999760738855483
2022-05-03;1097874,2481138112;0,9999760888042972
2022-05-04;1086477,7664360465;0,8325098475033831
2022-05-05;1078752,6748108328;0,8313104282068475
2022-05-06;1075322,5589336527;0,6348573848015251
2022-05-09;1042005,1909450663;0,6231822117941348
2022-05-10;1030385,5015758646;0,6189328258691142
2022-05-11;1051077,5827602518;0,6264347201470934
2022-05-12;1041980,5880779398;0,6231733145094059
2022-05-13;1056177,3461193216;0,6282384840068413
2022-05-16;1068975,6502040995;0,6326893963618515
2022-05-17;1080871,961550436;0,4411786118206963
2022-05-18;1079695,5742213344;0,44056974538095084
2022-05-19;1080583,961550436;0,4410296733156636
2022-05-20;1081628,7588221645;0,4415696096547574
2022-05-23;1085428,776949606;0,44352463945615045
2022-05-24;1085278,3699977016;0,44344751844728947
2022-05-25;1096449,1839015102;0,44911777137867076
2022-05-27;1097499,572725973;0,4496450066969514
2022-05-30;1093767,5742213344;0,4477671634874472
2022-05-31;1078576,7754542446;0,43998945300549436
2022-06-01;1083441,2474528234;0,9999147544118188
2022-06-02;1113175,4492693823;0,9999170314199262
2022-06-03;1105125,7047091406;0,9999164270761187
2022-06-07;1109947,6205645483;0,9999167901397438
2022-06-08;1108563,367361065;0,6762619417206998
2022-06-09;1091833,554647442;0,6713014080750439
2022-06-10;1082031,867361065;0,6683238610113161
2022-06-13;1056768,0578365289;0,6603945876602665
2022-06-14;1050329,7406673394;0,6583128724880127
2022-06-15;1061156,8451442681;0,6617991452712703
2022-06-16;1031569,3506984672;0,652098861035338
2022-06-17;1035732,6435604057;0,6534973052550092
2022-06-20;1044370,1602230034;0,6563630734600829
2022-06-21;1054656,0663051568;0,6597145140535385
2022-06-22;1049254,3530635796;0,6579626751309869
2022-06-23;1027579,238302227;0,6507479533919114
2022-06-27;1046111,243581768;0,6569350016731926
2022-06-28;1049933,8618068658;0,6581840389342066
2022-06-29;1040179,157857891;0,6549785204616989
2022-06-30;1038153,6238227806;0,4649978511330992
2022-07-01;1035927,2647025259;0,4775728633245941
2022-07-04;1030459,7266013296;0,47480090610867004
2022-07-05;1018412,9766013296;0,46858835547380895
2022-07-06;1022877,4766013296;0,47090778017643325
2022-07-07;1039866,4193122061;0,4795518879622183
2022-07-08;1043772,8562552603;0,4814997233745142
2022-07-11;1032893,3917456969;0,2673150997058359
2022-07-12;1043757,8001929625;0,27494157015565507
2022-07-13;1039259,8001929625;0,2718034589568631
2022-07-14;1035730,5959693297;0,26932216283769317
2022-07-15;1041820,1875220641;0,273593081791123
2022-07-18;1043134,9832984313;0,27450866487794934
2022-07-19;1044518,9832984313;0,27546994947292935
2022-07-20;1044103,8001929625;0,27518184340883145
2022-07-21;1030125,3917456969;0,26534633763059245
2022-07-22;1040297,8001929625;0,27253004706409795
2022-07-25;1015205,179745697;0,0
2022-07-26;1015205,179745697;0,0
2022-07-27;1015205,179745697;0,0
2022-07-28;1015205,179745697;0,0
2022-07-29;1015205,179745697;0,0
2022-08-01;1013686,088516199;0,9990543401994768
2022-08-02;996087,2318038577;0,9990376322939876
2022-08-03;995318,6487744959;0,80083619053509
2022-08-04;1005593,8463300379;0,8028712541898995
2022-08-05;989627,757493368;0,7996908916303069
2022-08-08;998275,5926526698;0,8014261240278905
2022-08-09;981077,9652112635;0,7979452594486631
2022-08-10;1003810,8051313075;0,8025210998844898
2022-08-11;1012832,4850476893;0,804280118728556
2022-08-12;1007905,6104444178;0,8033233949020397
2022-08-15;1017341,562394491;0,8051475914786937
2022-08-16;1023530,8435803584;0,6030197390598894
2022-08-17;1010516,1568738155;0,5979069324118484
2022-08-18;1021107,4398022823;0,6020775821166687
2022-08-19;998797,7435284785;0,593189367920116
2022-08-22;988219,0426007442;0,5888345358176401
2022-08-23;988451,4197674922;0,5889311975894992
2022-08-24;1001443,8543835811;0,5942642819303281
2022-08-25;1010632,059355749;0,41083300254956123
2022-08-26;997947,4171743526;0,40334425873487495
2022-08-29;989378,09437467;0,3981764309082276
2022-08-30;998494,6460104121;0,4036712582116627
2022-08-31;993977,5559377803;0,40096126680042227
2022-09-01;984970,0027580871;0,8027856148329201
2022-09-02;1010902,602897705;0,8078447390033977
2022-09-05;1002194,2472305908;0,8061750463657782
2022-09-06;1014334,6005859985;0,808494895678673
2022-09-07;1016147,2800560608;0,8088365167978048
2022-09-08;1036172,1306648864;0,812530903164412
2022-09-09;1059037,0979042663;0,816578424035989
2022-09-12;1065231,7115479126;0,8176450706488229
2022-09-13;1041125,556728424;0,813422836230863
2022-09-14;1031358,2948486976;0,6235395725905409
2022-09-15;1030217,9875824623;0,6231228835344389
2022-09-16;1020132,0855744056;0,6193967526544262
2022-09-19;1005682,2902405433;0,6139281876007138
2022-09-20;993036,4734833412;0,6090117585217327
2022-09-21;1000875,7864411048;0,6120741557035574
2022-09-22;983377,1122467689;0,6051712210344793
2022-09-23;977127,8250458412;0,6026460668307994
2022-09-26;977361,7640259437;0,602741176520258
2022-09-27;980942,9446442298;0,6041914704510685
2022-09-28;983003,5915405921;0,6050211943961157
2022-09-29;971359,1853821449;0,6002862892182534
2022-09-30;981342,0937073402;0,6043524607976087
2022-10-03;991968,7596281013;0,9999895401400529
2022-10-04;1033769,9903867682;0,9999899630919895
2022-10-05;1016891,2533338508;0,9999897964956789
2022-10-06;1007345,4787748298;0,9999896998055621
2022-10-07;963884,547912403;0,9999892353764567
2022-10-10;971066,4338843154;0,8084884250561081
2022-10-11;967564,2754065322;0,8077952371172483
2022-10-12;960644,2697518462;0,6084198278155968
2022-10-13;968954,3493111724;0,6117781515457296
2022-10-14;974295,4402077788;0,6139063850312528
2022-10-17;989586,0611336821;0,6198721229698365
2022-10-18;996997,1576607818;0,6226977723387092
2022-10-19;985505,2446511382;0,6182980754297767
2022-10-20;987880,344062149;0,61921577768155
2022-10-21;980533,4480202788;0,6163626551272848
2022-10-24;1000760,9448159331;0,6241167778319169
2022-10-25;991309,2924336089;0,43039323005053304
2022-10-26;994548,4678181304;0,4322483997961814
2022-10-27;987343,9678181304;0,4281056020104133
2022-10-28;1003152,6920002593;0,4371181091503729
2022-10-31;999211,9922169341;0,43489821130828693
2022-11-01;998028,9916582564;0,9998448896907841
2022-11-02;998862,8912859419;0,9998450191844617
2022-11-03;980743,3079618758;0,8359435934539102
2022-11-04;984153,1095365828;0,8365120007352174
2022-11-07;994032,9281858748;0,8381369285804342
2022-11-08;1012275,3258604354;0,8410538924164851
2022-11-09;1003015,6967731551;0,6395377522390665
2022-11-10;1027369,7617236555;0,4402726354315552
2022-11-11;1023546,4682208479;0,438181863724807
2022-11-14;1016171,5726520002;0,4341044518041991
2022-11-15;1011065,1761371077;0,4312463897095865
2022-11-16;1001454,3652087629;0,425788144578092
2022-11-17;996504,5726520002;0,42293594535495327
2022-11-18;1003904,7800952375;0,42718972897774254
2022-11-21;1004268,5721789778;0,4273972270991174
2022-11-22;1014345,9696399153;0,43308596240488845
2022-11-23;1019930,3652087629;0,43618997062687687
2022-11-24;1018716,5726520002;0,43551819553706983
2022-11-25;1022915,0731250227;0,4378350810589635
2022-11-28;1018935,1582385481;0,4356392901772208
2022-11-29;1018950,6766101301;0,4356478852539035
2022-11-30;1020292,5731250227;0,43639012542686734
2022-12-01;1026094,1373581465;0,9999673274773181
2022-12-02;1024376,2284378584;0,9999672726845412
2022-12-05;1031840,9146332319;0,9999675094450112
2022-12-06;1017070,5148987349;0,9999670376011442
2022-12-07;1005857,5788178022;0,999966670148257
2022-12-08;1018113,2801804121;0,9999670713616754
2022-12-09;1037664,899397331;0,9999676918010852
2022-12-12;1036257,4884018477;0,9999676479211472
2022-12-13;1061934,9433960493;0,9999684301903944
2022-12-14;1072926,4539703901;0,9999687536048231
2022-12-15;1019638,3806791913;0,8221534599715787
2022-12-16;1006507,7964735639;0,819833329936119
2022-12-19;1015856,4354124677;0,8214913527516834
2022-12-20;1006698,0180769574;0,81986737350454
2022-12-21;1017373,3868132245;0,8217575175108568
2022-12-22;999272,8654204023;0,8185288879952869
2022-12-23;1001835,2107355421;0,6264470319261454
2022-12-27;1002952,0264551466;0,6268629938224729
2022-12-28;999801,8178217238;0,6256873014028782
2022-12-29;1003701,4996912306;0,6271416186921265
2022-12-30;993851,3209497755;0,6234461748931261
2023-01-02;1004174,7740778846;0,9999570939565912
2023-01-03;1003878,4579038352;0,8726295408856545
2023-01-04;1006219,6012089804;0,6796439879243158
2023-01-05;1013349,2928135947;0,6818979388432945
2023-01-09;1014703,242631832;0,48297924981989554
2023-01-10;1013052,6282366904;0,4821368435430177
2023-01-11;1008376,6282366904;0,4797354311621821
2023-01-12;1027400,242631832;0,4893687874048007
2023-01-13;1007284,4203204307;0,4791713034250993
2023-01-16;1008849,0312365683;0,47997904991527535
2023-01-17;1004243,6233410758;0,21761452245415258
2023-01-18;1005611,6198620719;0,21867885046132834
2023-01-19;1001393,6233410758;0,21538782701788037
2023-01-20;1003787,6302990837;0,21725910630521045
2023-01-23;1006979,6337780876;0,21974030013676615
2023-01-24;1005155,6268200797;0,21832440086343066
2023-01-25;1001735,6268200797;0,2156557021793943
2023-01-26;1003331,6198620719;0,21690335352125079
2023-01-27;1001849,6337780876;0,21574495779661512
2023-01-30;1000709,6337780876;0,21485154104720655
2023-01-31;1000481,6198620719;0,21467260245280825
2023-02-01;1002868,1778774832;0,9991109654764937
2023-02-02;1056310,5819912527;0,9991559448065187
2023-02-03;1047257,1920834158;0,9991486480690716
2023-02-06;1024025,5898647879;0,999129333835518
2023-02-07;1019930,391943035;0,9991258379594313
2023-02-08;989476,2572104757;0,8232804060316541
2023-02-09;969559,2330100363;0,8196501704463229
2023-02-10;938976,721191799;0,41981231854654893
2023-02-13;941854,1323093527;0,42158482070756675
2023-02-14;938594,7395017355;0,20866236987293493
2023-02-15;946894,9341123312;0,215598996204028
2023-02-16;950603,5314176291;0,2186591862336321
2023-02-17;949367,3368070334;0,21764178310044133
2023-02-20;948484,3368070334;0,21691343970170068
2023-02-21;947424,7395017355;0,2160376377783274
2023-02-22;939654,3368070334;0,20955471846072804
2023-02-23;937535,1421964377;0,20776800422974526
2023-02-24;936475,5314176291;0,20687160327331616
2023-02-27;942126,7395017355;0,21162906680703
2023-02-28;945128,9341123312;0,21413332086312362
2023-03-01;946404,8785798759;0,9989980261624989
2023-03-02;948310,2664010734;0,999000039373591
2023-03-03;959458,2653901787;0,9990116579717672
2023-03-06;966459,0822543373;0,7973579165002327
2023-03-07;956910,6951884498;0,79533588345282
2023-03-08;968744,7112124176;0,20051845458820663
2023-03-09;969743,1150210113;0,20134156475777176
2023-03-10;965811,9226381988;0,19809074554183487
2023-03-13;963253,5188296051;0,19596087251189243
2023-03-14;970367,1150210113;0,20185514653097555
2023-03-15;961443,9226381988;0,1944475381316078
2023-03-16;962067,9226381988;0,19497002175711675
2023-03-17;956139,9226381988;0,18997889274133817
2023-03-20;958573,5188296051;0,19203534875943287
2023-03-21;962879,1150210113;0,19564823169655665
2023-03-22;963440,7112124176;0,19611709385317203
2023-03-23;965999,1150210113;0,19824614040898042
2023-03-24;967559,1150210113;0,1995388118349892
2023-03-27;969680,7112124176;0,201290167088881
2023-03-28;970866,3264467926;0,2022655460055752
2023-03-29;970866,3264467926;0,2022655460055752
2023-03-30;971552,7112124176;0,2028291312541333
2023-03-31;971365,5188296051;0,20267550801804288
2023-04-03;969456,8269142532;0,999920124596531
2023-04-04;981187,0392174148;0,9999210795168499
2023-04-05;966630,3320793533;0,9999198910352534
2023-04-06;964160,6158394241;0,9999196858345762
2023-04-11;993085,7633838309;0,7996553082280404
2023-04-12;992893,9743671073;0,7996166093211756
2023-04-13;1003041,2644977225;0,8016437925234466
2023-04-14;998233,9730548514;0,8006885494395789
2023-04-17;1007949,4757861746;0,8026096883347537
2023-04-18;1008073,8698138846;0,8026340458512355
2023-04-19;996624,1543140067;0,800366607304233
2023-04-20;990919,7519308662;0,5961410990538494
2023-04-21;983405,1854698372;0,39717829248195735
2023-04-24;987918,791671009;0,3999324660235419
2023-04-25;983845,1954796028;0,39744789545062625
2023-04-26;983656,3923790168;0,3973322415429356
2023-04-27;984411,5892784309;0,3977945815108115
2023-04-28;980685,1854698372;0,3955063236700052
2023-05-02;983406,6893309783;0,9999363625856443
2023-05-03;992630,10017955;0,8013877390749
2023-05-04;991880,7136515349;0,8012376833770853
2023-05-05;1008753,5792466716;0,6027434426878532
2023-05-08;1006128,7732392864;0,6017070729647719
2023-05-09;1003673,2693101482;0,6007326424631455
2023-05-10;1005226,4211041774;0,41642498148727636
2023-05-11;1006892,2242047633;0,4173904483484697
2023-05-12;1008073,8237836207;0,41807334595440687
2023-05-15;1013023,4299847926;0,42091662449095024
2023-05-16;1012418,8304059352;0,4205708055922483
2023-05-17;1019668,8304059352;0,4246906350252847
2023-05-19;1030325,6312482203;0,4306411395447244
2023-05-22;1027666,4211041774;0,4291678551926905
2023-05-23;1019887,0140607203;0,42481371052105216
2023-05-24;1008525,2264630641;0,41833380870137943
2023-05-25;1012699,6268842067;0,4207314669303964
2023-05-26;1022044,4343488063;0,42602786376982105
2023-05-29;1017819,8237836207;0,4236455081758553
2023-05-30;1015642,2175824489;0,4224097648267289
2023-05-31;1016033,6246259059;0,42263227014623744
2023-06-01;1017945,2754301662;0,9999972546105298
2023-06-02;1023099,369248907;0,8003108159458864
2023-06-05;1032009,5695662898;0,80203489940752
2023-06-07;1031623,7734847468;0,8019608664489417
2023-06-08;1027479,0445064753;0,6068465357893275
2023-06-09;1036258,1374630183;0,6101772993160125
2023-06-12;1044099,6551784724;0,6131049907467478
2023-06-13;1042207,9280282039;0,3998278952502217
2023-06-14;1039342,7246132869;0,3981733734805073
2023-06-15;1032513,1257515926;0,3941925674830795
2023-06-16;1027102,1316567439;0,3910010441292365
2023-06-19;1018036,7187081355;0,3855780304807252
2023-06-20;1013147,9280282039;0,38261323105209977
2023-06-21;1018071,7187081355;0,38559915352003377
2023-06-22;1016971,3292733211;0,3849343558204853
2023-06-26;1008850,1257515926;0,3799831017658917
2023-06-27;1008129,7305184383;0,37954004646810446
2023-06-28;1019707,1139412898;0,3865845229480214
2023-06-29;1027800,3292733211;0,3914147447356447
2023-06-30;1029334,3234749812;0,39232170589636817
2023-07-03;1027980,3649042872;0,9916341773963808
2023-07-04;1019903,0398768213;0,9915679225999448
2023-07-05;1019499,8989619043;0,9915645883030005
2023-07-06;1013201,8960474756;0,9915121542840164
2023-07-07;1027333,5028437403;0,9916289098437968
2023-07-10;1022042,2477473047;0,9915855715438886
2023-07-11;1023788,5683845119;0,7958769146030302
2023-07-12;1026309,7772620753;0,7963783586566876
2023-07-13;981267,0633576564;0,607955959964208
2023-07-14;984155,0961640528;0,6091064250215843
2023-07-17;983992,6575196437;0,609041895858747
2023-07-18;987531,6644776515;0,6104429683515236
2023-07-19;973065,316348379;0,6046515096063069
2023-07-20;992390,1316017588;0,4147483932151635
2023-07-21;994977,92505879;0,41627054786866025
2023-07-24;998937,9190773447;0,4185845706870446
2023-07-25;994766,5238441904;0,41614649753903993
2023-07-26;992438,9130958994;0,4147771601724547
2023-07-27;993155,314310499;0,41519930396731014
2023-07-28;993957,916086622;0,41567151920873785
2023-07-31;995869,1345924814;0,41679293101596887
2023-08-01;994561,4725818459;0,9999622092824372
2023-08-02;987710,2963275735;0,9999619471500409
2023-08-03;988618,9794940774;0,9999619821260882
2023-08-04;997900,6081625535;0,6187527950335994
2023-08-07;991709,719963701;0,6163728054312403
2023-08-08;987302,8107916429;0,6146604531681688
2023-08-09;988193,3046804979;0,6150076954637425
2023-08-10;983556,6969229295;0,6131927941861633
2023-08-11;983197,7258154466;0,6130515686651846
2023-08-14;985738,1588525446;0,20788279741547344
2023-08-15;983974,155861822;0,20646274272599013
2023-08-16;983435,1528710993;0,20602781933152753
2023-08-17;978584,155861822;0,20209197319013955
2023-08-18;979270,1528710993;0,20265092264700305
2023-08-21;979466,1498803766;0,20281047694556695
2023-08-22;980495,1528710993;0,20364710566422378
2023-08-23;981426,1498803766;0,20440253913524584
2023-08-24;980789,155861822;0,20388582173403966
2023-08-25;982455,1528710993;0,20523583128527298
2023-08-28;984562,146889654;0,20693665164987227
2023-08-29;985542,146889654;0,20772525524621357
2023-08-30;984268,1588525446;0,20669977399108805
2023-08-31;984954,155861822;0,20725228862261927
2023-09-01;982344,085196783;0,9990478965999241
2023-09-04;978822,6075437068;0,8097969798524017
2023-09-05;980395,0138776301;0,8101020369257018
2023-09-06;976474,8782793025;0,6088991205681036
2023-09-07;971404,2754834422;0,418546129825975
2023-09-08;972237,9609997997;0,41904472141511184
2023-09-11;977076,3728345165;0,42192157011752374
2023-09-12;972909,2754834422;0,41944558478715527
2023-09-13;966310,3728345165;0,41548099724251797
2023-09-14;972919,7708905467;0,41945184753883974
2023-09-15;974830,0761883983;0,4205895065405406
2023-09-18;972965,9701855907;0,41947941367805186
2023-09-19;979667,7800763377;0,4234506972971697
2023-09-20;989240,9655926952;0,42903014014888563
2023-09-21;974377,168946577;0,4203201865925386
2023-09-22;970592,2754834422;0,41805968401911325
2023-09-25;971935,5761883983;0,41886397687128474
2023-09-26;965025,877427412;0,4147029746091676
2023-09-27;965454,2708905467;0,41496268387477414
2023-09-28;976022,877427412;0,4212976062895113
2023-09-29;981821,678132368;0,42471551803799856
2023-10-02;976449,7368162364;0,9998405147251139
2023-10-03;956305,3677698345;0,7974481949662852
2023-10-04;954255,9924341411;0,7970131914905644
2023-10-05;965573,1806818218;0,7993923378563272
2023-10-06;971514,0670648784;0,800619069788235
2023-10-09;972315,1795221538;0,8007833442439874
2023-10-10;991723,9845300884;0,8046821681972404
2023-10-11;989459,8889185161;0,8042352392708644
2023-10-12;992116,1809717388;0,8047593798787884
2023-10-13;976047,183703062;0,8015450670424359
2023-10-16;967925,9481818217;0,5964973904885492
2023-10-17;961629,6477667827;0,5938554444403628
2023-10-18;957224,8526923198;0,5919865172673823
2023-10-19;953291,3296820659;0,5903029496392598
2023-10-20;947558,4530646342;0,5878242185038375
2023-10-23;944782,9330756206;0,5866133561136737
2023-10-24;950773,1398627299;0,5892178380621916
2023-10-25;933735,3466498393;0,581722329237607
2023-10-26;926668,2984533366;0,38626431941732164
2023-10-27;928971,0935277995;0,3877856880714321
2023-10-30;929440,3014745768;0,3880947512999493
2023-10-31;932657,0995702799;0,3902052543344257
2023-11-01;913952,8649731788;0,9999807345493572
2023-11-02;928366,1227627906;0,9999810336532342
2023-11-03;928824,8433056984;0,999981043020181
2023-11-06;916694,0986441841;0,8234193936746088
2023-11-07;923701,308071064;0,8247589363151094
2023-11-08;919149,3032721748;0,8238910706049183
2023-11-09;936836,6033438911;0,8272159742950617
2023-11-10;924691,9037436714;0,8249466669945353
2023-11-13;930385,3072623481;0,8260178890509348
2023-11-14;971898,1928443183;0,8334492224131268
2023-11-15;973784,688815998;0,8337718783088359
2023-11-16;959846,8884162178;0,8313581033527232
2023-11-17;970535,506091999;0,8332153756998624
2023-11-20;963647,2463714179;0,6215651182248692
2023-11-21;960787,244769245;0,620438620788431
2023-11-22;967330,8984416542;0,4094555481042504
2023-11-23;966629,3952220497;0,40902697761345824
2023-11-24;965611,3887828407;0,4084039377972578
2023-11-27;963224,8695248757;0,2078839630857696
2023-11-28;960798,3663052712;0,20588346830842727
2023-11-29;963963,3663052712;0,20849080683461757
2023-11-30;963752,3695248757;0,20831751969500342
2023-12-01;965142,068706646;0,9996746738924381
2023-12-04;953499,2001153374;0,9996707014411563
2023-12-05;969903,5808526421;0,9996762710039894
2023-12-06;987803,290416851;0,9996821372073745
2023-12-07;979701,970760479;0,9996795087467133
2023-12-08;983682,8055688286;0,9996808057326213
2023-12-11;1000083,9752618218;0,9996860404523786
2023-12-12;996052,9901238823;0,9996847698711115
2023-12-13;994377,8892403984;0,9996842388433472
2023-12-14;1026907,4476035271;0,8181527132387967
2023-12-15;1036458,8497946892;0,8198285121125984
2023-12-18;1025314,7153800164;0,8178702301835572
2023-12-19;1035411,1412375603;0,8196462007561796
2023-12-20;1030102,5202811394;0,8187167496196319
2023-12-21;1021248,1300986443;0,8171449938581171
2023-12-22;1020374,259577469;0,6102764591889606
2023-12-27;1023822,3693949739;0,6115890009025954
2023-12-28;1023425,6690318147;0,6114384449911507
