DNO;AKER BP;AKER SOLUTIONS;EQUINOR;SEADRILL;SUBSEA 7;TGS;VÅR ENERGI;AKASTOR;BLUENORD;BORR DRILLING;BW ENERGY LIMITED;BW OFFSHORE LTD;NORTHERN OCEAN LTD;ODFJELL DRILLING;OKEA;PANORO ENERGY;PGS;SEACREST PETROLEO;SHELF DRILLING;SIEM OFFSHORE;SOLSTAD OFFSHORE;
percent/trade;6,79
hitrate;0,51
Number of trades;120
Return;128,15
2016-01-04;999700,4505920715;0,1997594431085558
2016-01-05;1002471,6479492493;0,20197159995199432
2016-01-06;984112,4505920715;0,18708391015160664
2016-01-07;964921,8874206848;0,17091646926478707
2016-01-08;955880,845306427;0,16307471874282564
2016-01-11;949992,0426636047;0,15788679338474218
2016-01-12;955880,845306427;0,16307471874282564
2016-01-13;951724,0426636047;0,1594193175287951
2016-01-14;950269,1690063782;0,15813237827875123
2016-01-15;954772,3663635559;0,16210305881244513
2016-01-18;950373,0847778625;0,1582244298370288
2016-01-19;952243,6479492493;0,15987799232968597
2016-01-20;947290,1268921203;0,15548486931762037
2016-01-21;953871,7189636535;0,16131191500718942
2016-01-22;966238,211120636;0,17204594467590772
2016-01-25;959344,845306427;0,16609668648305864
2016-01-26;960210,845306427;0,16684877158294648
2016-01-27;956954,6900635071;0,16401387274319543
2016-01-28;973547,2400207825;0,17826191434804
2016-01-29;982207,2400207825;0,1855070776209104
2016-02-01;973082,4747045097;0,3779246326119667
2016-02-02;953291,1144750175;0,36500967148526997
2016-02-03;964368,6379506645;0,3723036874809359
2016-02-04;983505,03266502;0,38451698990254274
2016-02-05;998190,6386983452;0,39357211490179445
2016-02-08;975748,3925206718;0,37962425294198965
2016-02-09;983143,1137273369;0,38429041560825516
2016-02-10;972374,1478383598;0,37747148122320284
2016-02-11;973564,2296483574;0,37823245809954986
2016-02-12;984529,1962850151;0,3851572505571231
2016-02-15;1006490,6383245048;0,39857300713859345
2016-02-16;990433,998553997;0,38882284045738685
2016-02-17;1013463,277347332;0,40271083177767
2016-02-18;1023614,6375768242;0,4086342499129871
2016-02-19;1008989,6720616875;0,40006260251031006
2016-02-22;1022672,9651906547;0,40808972315229436
2016-02-23;1018327,4409673271;0,4055638553983674
2016-02-24;995199,6713140068;0,39174956001400274
2016-02-25;1003092,1621739921;0,39653537254369814
2016-02-26;1011308,229274517;0,4014380379511882
2016-02-29;1015758,0803639946;0,4040602288551368
2016-03-01;1018800,7732900123;0,8059312142303393
2016-03-02;1018236,2565892676;0,8058236212528243
2016-03-03;1032741,5810826758;0,8085509166714225
2016-03-04;1060258,2109273414;0,8135195493174695
2016-03-07;1074178,3039067725;0,8159361175938032
2016-03-08;1067547,1076787452;0,8147927828276382
2016-03-09;1055535,1537145118;0,8126851310278007
2016-03-10;1046170,8468678931;0,8110084699783733
2016-03-11;1054565,8182424048;0,8125129550063453
2016-03-14;1043273,3963597754;0,8104835897249308
2016-03-15;1022010,3376897315;0,8065406760360888
2016-03-16;1048977,2828420142;0,8115140983054424
2016-03-17;1058566,8956502418;0,8132216019355745
2016-03-18;1069339,6399205665;0,8151032453746211
2016-03-21;1060383,6648839454;0,8135416118134718
2016-03-22;1062393,618100498;0,8138943743213631
2016-03-23;1044487,9400228004;0,8107039617812456
2016-03-29;1002877,1561864356;0,8028498028956716
2016-03-30;1026920,2690862159;0,807465647562377
2016-03-31;1020148,6386693458;0,8061876264703138
2016-04-01;1001409,638751543;0,9999462763082206
2016-04-04;970102,0355525379;0,9999445425111942
2016-04-05;950789,2773890857;0,9999434160396456
2016-04-06;959225,1639438038;0,9999439136661553
2016-04-07;972629,0419154529;0,9999446865963706
2016-04-08;1008855,9041362171;0,9999466728374622
2016-04-11;1040359,7741694812;0,9999482876749823
2016-04-12;1035357,9365382557;0,9999480378515695
2016-04-13;1093689,5578494435;0,9999508092379679
2016-04-14;1100027,8225169545;0,9999510926708616
2016-04-15;1089472,7000041371;0,9999506188426961
2016-04-18;1073326,1148906117;0,9999498759770857
2016-04-19;1145554,749526537;0,9999530363583238
2016-04-20;1152557,6902728444;0,9999533217094195
2016-04-21;1161945,6148906117;0,9999536988460667
2016-04-22;1167295,0553050404;0,9999539110334335
2016-04-25;1166665,9978404408;0,9999538861826119
2016-04-26;1157319,7607379323;0,9999535137784713
2016-04-27;1205254,4756884938;0,9999553626027844
2016-04-28;1222851,3768420583;0,9999560049374796
2016-04-29;1232367,744411028;0,9999563446682037
2016-05-02;1198032,4749408131;0,9999550935188297
2016-05-03;1171701,9925303822;0,9999540843805675
2016-05-04;1206356,623935259;0,9999554033842813
2016-05-06;1211198,2792086964;0,999955581655208
2016-05-09;1195919,8511615163;0,9999550141903532
2016-05-10;1195996,1999965077;0,9999550170621132
2016-05-11;1204061,289535082;0,9999553183685541
2016-05-12;1233947,9328379994;0,9999564005730343
2016-05-13;1185219,8296656972;0,9999546080638961
2016-05-18;1223412,998405016;0,9999560251339104
2016-05-19;1182131,6378627187;0,9999544894823436
2016-05-20;1219407,976077593;0,9999558807029044
2016-05-23;1210522,7109790212;0,9999555568662287
2016-05-24;1220112,7581553822;0,9999559061878358
2016-05-25;1262652,7084460622;0,999957391749594
2016-05-26;1233985,1620478993;0,9999564018884247
2016-05-27;1217777,1809497243;0,9999558216202283
2016-05-30;1227595,6875148183;0,9999561749659726
2016-05-31;1210536,7737498647;0,9999555573825233
2016-06-01;1186318,320292986;0,9999546500952932
2016-06-02;1189472,1110759145;0,9999547703369618
2016-06-03;1214681,7117839223;0,9999557090369804
2016-06-06;1252858,7484507924;0,99995705866855
2016-06-07;1297246,9401202565;0,9999585280017911
2016-06-08;1342051,995696581;0,9999599125645282
2016-06-09;1322516,9315028554;0,999959320427969
2016-06-10;1342548,2823558217;0,9999599273832575
2016-06-13;1340553,2895045644;0,9999598677477438
2016-06-14;1314971,0008769399;0,9999590869891873
2016-06-15;1313672,6922908193;0,999959046554676
2016-06-16;1280148,6833186513;0,9999579740826372
2016-06-17;1328934,708976305;0,9999595168803901
2016-06-20;1353652,1937098866;0,9999602560960436
2016-06-21;1349213,1082988149;0,9999601253334656
2016-06-22;1375703,5787959462;0,9999608931577947
2016-06-23;1386039,334998644;0,9999611847792348
2016-06-24;1338626,9413066274;0,9999598099955133
2016-06-27;1283949,0074687367;0,9999580984739547
2016-06-28;1317393,77317766;0,9999591622308587
2016-06-29;1357504,5180354482;0,9999603688812357
2016-06-30;1394786,4571833974;0,9999614282010697
2016-07-01;1414377,3007494754;0,9999412918926595
2016-07-04;1419269,517325098;0,99994149425928
2016-07-05;1360967,735266382;0,9999389879625794
2016-07-06;1331846,4430147952;0,9999376539128607
2016-07-07;1417556,7670580691;0,9999414235702428
2016-07-08;1411509,3614107913;0,9999411726080871
2016-07-11;1441453,075728113;0,9999423946462146
2016-07-12;1452083,3862673587;0,9999428163594614
2016-07-13;1479644,1050555056;0,9999438814954835
2016-07-14;1472975,2404009646;0,9999436274201257
2016-07-15;1474802,3966357058;0,999943697261015
2016-07-18;1471679,030554468;0,9999435777688828
2016-07-19;1463869,6022173709;0,9999432767684591
2016-07-20;1422823,8726183719;0,9999416404124288
2016-07-21;1478409,7589556521;0,9999438346413169
2016-07-22;1433087,805365259;0,9999420583902247
2016-07-25;1402898,7491442508;0,9999408115415007
2016-07-26;1408059,2874132937;0,9999410284672424
2016-07-27;1441360,1747805423;0,9999423909333384
2016-07-28;1421705,5825487918;0,9999415945077437
2016-07-29;1425735,2657763308;0,9999417595844154
2016-08-01;1426020,2299125558;0,9999973395105818
2016-08-02;1386750,5658424264;0,9999972641714918
2016-08-03;1373580,148457325;0,9999972379393106
2016-08-04;1402010,315495289;0,9999972939487749
2016-08-05;1458223,492939747;0,9999973982645664
2016-08-08;1484584,9286468392;0,9999974444629885
2016-08-09;1515875,7660148507;0,9999974972146024
2016-08-10;1494868,0780532723;0,9999974620424454
2016-08-11;1502426,1782119637;0,9999974748098863
2016-08-12;1514429,698532856;0,9999974948247942
2016-08-15;1507644,883625782;0,9999974835508195
2016-08-16;1510757,3972633248;0,9999974887352935
2016-08-17;1501140,1556213265;0,9999974726465629
2016-08-18;1578407,0430724984;0,9999975963666986
2016-08-19;1577180,6376426583;0,999997594497649
2016-08-22;1582861,9016540414;0,9999976031315633
2016-08-23;1579788,6134384042;0,9999975984687448
2016-08-24;1596361,5656631356;0,9999976234007298
2016-08-25;1579760,6069152718;0,9999975984261696
2016-08-26;1589805,4840896493;0,9999976136000475
2016-08-29;1559348,8235862618;0,9999975669897111
2016-08-30;1565092,942070759;0,9999975759192123
2016-08-31;1535635,7587821847;0,9999975294195188
2016-09-01;1485687,6130961063;0,9999907609917721
2016-09-02;1497563,4024103764;0,9999908342577953
2016-09-05;1554296,2982977512;0,9999911688137606
2016-09-06;1543176,3194063785;0,999991105177089
2016-09-07;1544312,018611777;0,9999911117184117
2016-09-08;1545733,6894129398;0,9999911198933066
2016-09-09;1508399,3088949802;0,9999909001018493
2016-09-12;1473537,2663477543;0,9999906848096787
2016-09-13;1445644,0241049412;0,9999905050760404
2016-09-14;1459494,5306013706;0,9999905951822403
2016-09-15;1420156,7712172153;0,9999903346726504
2016-09-16;1415409,4384096744;0,9999903022548041
2016-09-19;1440919,082385886;0,9999904739410773
2016-09-20;1428779,6121252659;0,9999903930039559
2016-09-21;1468659,317855704;0,9999906538705644
2016-09-22;1515283,783607352;0,9999909414459324
2016-09-23;1498498,4117735508;0,9999908399768904
2016-09-26;1459857,1511839512;0,999990597518346
2016-09-27;1430247,327615607;0,9999904028626263
2016-09-28;1443815,2143486622;0,999990493049287
2016-09-29;1526273,7419012669;0,9999910066721946
2016-09-30;1552764,262533057;0,9999911601004655
2016-10-03;1564459,0618445766;0,9999956929705016
2016-10-04;1587859,0245215786;0,9999957564423388
2016-10-05;1597090,862885226;0,9999957809718376
2016-10-06;1644932,315512408;0,9999959036786713
2016-10-07;1666541,225214709;0,9999959567928915
2016-10-10;1755997,8933551204;0,9999961627679886
2016-10-11;1718606,7939917934;0,9999960792827354
2016-10-12;1783294,1153132808;0,9999962215030765
2016-10-13;1759060,9528071773;0,9999961694497751
2016-10-14;1800293,5565497768;0,9999962571818891
2016-10-17;1775684,7429397;0,9999962053110187
2016-10-18;1761533,4369132412;0,9999961748263262
2016-10-19;1765461,027079333;0,999996183336123
2016-10-20;1772236,5866973293;0,9999961979278732
2016-10-21;1775363,2327544582;0,9999962046238178
2016-10-24;1742740,6385390651;0,9999961335776654
2016-10-25;1758857,5335166347;0,9999961690067558
2016-10-26;1710242,6449210537;0,9999960601079921
2016-10-27;1718463,538162936;0,9999960789558936
2016-10-28;1679790,0913264644;0,9999959886825365
2016-10-31;1674191,537955035;0,9999959752685547
2016-11-01;1673686,9196778345;0,999992456777715
2016-11-02;1612449,591035943;0,9999921703025378
2016-11-03;1629795,9671670008;0,9999922536362066
2016-11-04;1613546,982601266;0,9999921756276038
2016-11-07;1621252,1456147241;0,9999922128137163
2016-11-08;1598401,4673386621;0,9999921014884379
2016-11-09;1618828,1799431848;0,999992201153509
2016-11-10;1644258,908115487;0,999992321773409
2016-11-11;1594032,7916871118;0,9999920798414332
2016-11-14;1570218,4423295069;0,9999919597222078
2016-11-15;1659107,202709298;0,9999923904902287
2016-11-16;1661371,339613061;0,9999924008605604
2016-11-17;1667282,9405041742;0,9999924278044452
2016-11-18;1680726,448654275;0,9999924883716319
2016-11-21;1698637,2326756525;0,9999925675758026
2016-11-22;1721247,5415822077;0,999992665208132
2016-11-23;1754510,8107510614;0,9999928042663554
2016-11-24;1760293,343706231;0,9999928279042151
2016-11-25;1729337,5435658502;0,999992699520971
2016-11-28;1685637,4650708246;0,9999925102563675
2016-11-29;1692636,9387951898;0,9999925412283158
2016-11-30;1760310,919035058;0,9999928279758228
2016-12-01;1826622,1668972557;0,998085597611274
2016-12-02;1813622,4170441215;0,9980718754870116
2016-12-05;1833668,7860092705;0,998092954482135
2016-12-06;1846146,1310104912;0,9981058434211305
2016-12-07;1911619,0335907524;0,9981707182350871
2016-12-08;1975244,2895149773;0,9982296418432037
2016-12-09;2009380,1730999534;0,9982597171573495
2016-12-12;2071746,404682595;0,9983121052693977
2016-12-13;2041904,2971443718;0,9982874369555427
2016-12-14;2008852,9463085716;0,9982592604172278
2016-12-15;1995365,2779221123;0,9982474938908181
2016-12-16;2018244,878706414;0,998267360974626
2016-12-19;2020981,251791436;0,9982697069374057
2016-12-20;2045573,5007710045;0,9982905088288003
2016-12-21;2066204,7523808067;0,9983075782612645
2016-12-22;2048572,3276257103;0,9982930112876899
2016-12-23;2040897,253591973;0,9982865919225216
2016-12-27;2082199,4753326958;0,9983205788489361
2016-12-28;2141920,122753579;0,9983674041798007
2016-12-29;2097979,9498467036;0,9983332110300369
2016-12-30;2086669,551090676;0,9983241765147816
2017-01-02;2114783,525094061;0,9999972252072988
2017-01-03;2147135,633108168;0,9999972670166711
2017-01-04;2124210,331884413;0,9999972375212558
2017-01-05;2145811,077122717;0,9999972653296683
2017-01-06;2121580,660764723;0,9999972340972
2017-01-09;2106075,8295002272;0,9999972137347536
2017-01-10;2132972,4666071227;0,999997248869368
2017-01-11;2148982,5689897826;0,9999972693655246
2017-01-12;2153490,3970384886;0,9999972750814686
2017-01-13;2138427,7270345977;0,9999972558876712
2017-01-16;2095258,4250946334;0,9999971993498178
2017-01-17;2106635,282247572;0,9999972144746936
2017-01-18;2109218,2272367766;0,9999972178858431
2017-01-19;2108914,052022009;0,9999972174845702
2017-01-20;2135259,122159033;0,9999972518155622
2017-01-23;2112640,4772253325;0,9999972223925683
2017-01-24;2096444,3079042723;0,9999972009340444
2017-01-25;2122944,0503425887;0,9999972358735082
2017-01-26;2109925,8035354903;0,9999972188188417
2017-01-27;2083089,1696777632;0,9999971829886231
2017-01-30;1999783,2377882292;0,9999970656390257
2017-01-31;1983226,7828855803;0,9999970411422734
2017-02-01;2047673,6907451004;0,9999879960538796
2017-02-02;1966206,8598735183;0,9999874986883844
2017-02-03;1973216,711598143;0,9999875430992898
2017-02-06;1958120,7687251419;0,9999874470640174
2017-02-07;1948504,9546763748;0,9999873851156513
2017-02-08;1889713,1548163742;0,99998699264775
2017-02-09;1920094,324249968;0,9999871984598123
2017-02-10;1941167,4581096023;0,9999873374321451
2017-02-13;1977148,0152232498;0,999987567868229
2017-02-14;1963883,6033398956;0,9999874838994458
2017-02-15;1914695,9192397445;0,9999871623664055
2017-02-16;1871177,3117883056;0,9999868637971927
2017-02-17;1831996,5082256645;0,9999865828539816
2017-02-20;1823080,6006467193;0,9999865172364583
2017-02-21;1881924,3035313934;0,9999869388133147
2017-02-22;1838921,875739798;0,999986633382864
2017-02-23;1847163,551108107;0,9999866930220438
2017-02-24;1805845,0824806541;0,9999863885529858
2017-02-27;1834635,179162249;0,9999866021512422
2017-02-28;1889795,7395169586;0,9999869932161757
2017-03-01;1925600,7096654647;0,9999598689567061
2017-03-02;1923485,0045859092;0,9999598248152379
2017-03-03;1907872,7196904891;0,9999594960582806
2017-03-06;1888768,0150567763;0,9999590863648524
2017-03-07;1964971,5631353133;0,9999606730362433
2017-03-08;1929340,7403918975;0,9999599467508105
2017-03-09;1854585,0328923934;0,9999583322608153
2017-03-10;1895833,082770037;0,9999592388348169
2017-03-13;1889985,0122358077;0,9999591127099178
2017-03-14;1886921,4902064078;0,9999590463271273
2017-03-15;1924794,944982218;0,9999598521569023
2017-03-16;1927752,0952526801;0,999959913743247
2017-03-17;1920846,0146838897;0,9999597696198156
2017-03-20;1905031,4132773154;0,9999594356476708
2017-03-21;1912273,6808764213;0,9999595892752072
2017-03-22;1873245,5297757857;0,9999587473375924
2017-03-23;1890673,0879637473;0,9999591275900956
2017-03-24;1891065,1405140632;0,9999591360636972
2017-03-27;1812379,4121619933;0,9999573619271286
2017-03-28;1854480,7131859534;0,9999583299168889
2017-03-29;1845921,3573605292;0,9999581366968109
2017-03-30;1888457,5453287833;0,9999590796384925
2017-03-31;1865479,7570387595;0,9999585756076126
2017-04-03;1918538,5260349982;0,9999597212334297
2017-04-04;1927915,3243085616;0,9999599171371937
2017-04-05;1993215,28779571;0,999961230296637
2017-04-06;1982941,204323458;0,9999610294217106
2017-04-07;1966492,4277664893;0,9999607034513048
2017-04-10;1955261,767702269;0,9999604777392352
2017-04-11;1945476,1053830856;0,9999602789439395
2017-04-12;1958739,3542176955;0,9999605479078776
2017-04-13;1958739,3542176955;0,9999605479078776
2017-04-18;1887867,6796786063;0,9999590668528954
2017-04-19;1876438,1473352187;0,9999588175258768
2017-04-20;1850207,5847536796;0,9999582336781649
2017-04-21;1822406,7562190765;0,9999575965326167
2017-04-24;1809903,7622334235;0,9999573036052751
2017-04-25;1850884,1506654494;0,9999582489452845
2017-04-26;1837281,1349956268;0,9999579398253351
2017-04-27;1845759,1262027496;0,9999581330172777
2017-04-28;1863501,6965772384;0,9999585316366557
2017-05-02;1871042,9026874488;0,7662924616930156
2017-05-03;1847765,0696548407;0,763348253500906
2017-05-04;1795521,1021765654;0,7564624384955638
2017-05-05;1828127,5949348395;0,7608061756381812
2017-05-08;1847617,3278173392;0,7633293300131526
2017-05-09;1850405,5991729682;0,7636859556362792
2017-05-10;1840002,9070362037;0,7623499239149656
2017-05-11;1834531,1893514579;0,7616411029738753
2017-05-12;1838907,0015634482;0,7622082952090219
2017-05-15;1853220,1945179885;0,7640448597811814
2017-05-16;1857940,5723289435;0,7646443393473515
2017-05-18;1813871,3404115622;0,7589262142734879
2017-05-19;1840142,7129939978;0,7623679795235183
2017-05-22;1852483,425198931;0,7639510157523376
2017-05-23;1839413,4537424033;0,7622737672358704
2017-05-24;1854968,8286060279;0,7642672889643957
2017-05-26;1809973,2532290404;0,758407020615512
2017-05-29;1794886,6688012069;0,7563763559813542
2017-05-30;1793475,8354186004;0,7561847100372127
2017-05-31;1736392,8824333136;0,7481694176026249
2017-06-01;1743768,2662601648;0,5379118419760286
2017-06-02;1738961,5294294534;0,536634564629394
2017-06-06;1724821,1314897714;0,5328358103539433
2017-06-07;1724968,2621030984;0,5328756569733027
2017-06-08;1678029,1637888132;0,5198089022735104
2017-06-09;1687567,0482654748;0,5225228727919227
2017-06-12;1703460,8437361894;0,5269778761632622
2017-06-13;1700411,3701796709;0,5261295705805161
2017-06-14;1695910,6595935998;0,5248719844889083
2017-06-15;1665565,7249765573;0,516215629264252
2017-06-16;1672127,875736731;0,5181142077296012
2017-06-19;1650439,3298349557;0,5117817107173571
2017-06-20;1642880,8829512773;0,5095355515189165
2017-06-21;1661763,1376896081;0,515108592854513
2017-06-22;1646909,8957586465;0,5107354274499427
2017-06-23;1675987,140413302;0,519223837255632
2017-06-26;1675398,9363584695;0,5190550449266792
2017-06-27;1692693,5065536676;0,5239689506357386
2017-06-28;1679669,4283609567;0,520277828141994
2017-06-29;1680094,2588005243;0,5203991312058389
2017-06-30;1680183,8674330888;0,5204247095838143
2017-07-03;1707916,577704249;0,3245707198146728
2017-07-04;1724182,106172381;0,33094256078537704
2017-07-05;1716723,778905211;0,3280358326305544
2017-07-06;1713715,1224787813;0,3268561095342429
2017-07-07;1691879,2164652925;0,31816831043917904
2017-07-10;1710457,6586998086;0,32557414746398866
2017-07-11;1710104,5568354707;0,32543489222083044
2017-07-12;1742031,7106941324;0,3377980104416627
2017-07-13;1726170,144324122;0,33171311733754455
2017-07-14;1736308,4717977624;0,3356152530310686
2017-07-17;1745099,4586818796;0,3389621096056635
2017-07-18;1743574,8110969644;0,3383840731390245
2017-07-19;1745979,2362983804;0,3392951985265036
2017-07-20;1760820,2093093973;0,34486391137695593
2017-07-21;1747038,5631092172;0,33969582065644893
2017-07-24;1762124,6265209299;0,34534887752352367
2017-07-25;1772897,6836460214;0,34932688144585977
2017-07-26;1785464,8819654565;0,35390671844214594
2017-07-27;1776067,7834804635;0,3504882665937634
2017-07-28;1780764,4361913782;0,3522013123967207
2017-07-31;1785722,3548820596;0,35399987487329304
2017-08-01;1774215,5696984658;0,5498679737226018
2017-08-02;1778515,3077012429;0,5509562127561772
2017-08-03;1779284,6891013512;0,551150384009297
2017-08-04;1763316,1558057198;0,5470856166026807
2017-08-07;1773778,9245587715;0,5497571662489231
2017-08-08;1790885,2108565697;0,5540578231369176
2017-08-09;1785084,5313969979;0,5526087222232136
2017-08-10;1782273,10875429;0,5519029908948816
2017-08-11;1761766,9739085564;0,5466873535099362
2017-08-14;1761436,4060088524;0,5466022805496248
2017-08-15;1746441,3189937004;0,5427093709043427
2017-08-16;1781411,2522965798;0,5516861991234812
2017-08-17;1764770,087999476;0,5474587568816975
2017-08-18;1762676,6269341835;0,5469212916096046
2017-08-21;1755957,6841021904;0,5451876450829088
2017-08-22;1761750,5517398247;0,5466831279532809
2017-08-23;1769205,5758563408;0,5485933006656274
2017-08-24;1818568,6374446282;0,5608462430301888
2017-08-25;1877579,2381926903;0,5746484445524542
2017-08-28;1877749,6440497765;0,5746870452235281
2017-08-29;1877572,4933921227;0,574646916562764
2017-08-30;1875277,4087373146;0,5741263422039391
2017-08-31;1906665,6872693428;0,58113724142954
2017-09-01;1898713,5711270699;0,5793829771979698
2017-09-04;1913419,7049676308;0,5826157495044773
2017-09-05;1937851,532231463;0,5878779998580985
2017-09-06;1950208,3109828362;0,5904892595607918
2017-09-07;1928433,9098969826;0,5858653774222722
2017-09-08;1927039,0021382698;0,5855656016535699
2017-09-11;1914061,4695512184;0,5827556940328931
2017-09-12;1947873,3554946312;0,5899983706905425
2017-09-13;1942670,7032023796;0,5889003483066988
2017-09-14;1937552,1820641884;0,5878143273589411
2017-09-15;1933136,1389428505;0,5868727331961131
2017-09-18;1920022,3616725334;0,584051068683601
2017-09-19;1933371,4701596627;0,5869230193123074
2017-09-20;1940436,5106841454;0,5884270136930668
2017-09-21;1957402,2500544915;0,591994313167339
2017-09-22;1958184,7179032692;0,5921573474966064
2017-09-25;1965361,001575602;0,5936465367934809
2017-09-26;1964466,454999102;0,5934614982053008
2017-09-27;1962342,7280551323;0,5930215257388814
2017-09-28;1975949,2825366387;0,5958240140576734
2017-09-29;1940811,4827844033;0,5885065311466958
2017-10-02;1871927,4057451042;0,9734728117453287
2017-10-03;1915531,7807641777;0,9740766657123962
2017-10-04;1887582,7578597816;0,9736928246009293
2017-10-05;1885719,1853013786;0,9736668263873327
2017-10-06;1863287,1068759712;0,9733498018056194
2017-10-09;1873171,6049447807;0,9734904316506855
2017-10-10;1885135,5978151115;0,9736586743421366
2017-10-11;1870691,9196248802;0,9734552920390888
2017-10-12;1846590,8684087547;0,9731088398947466
2017-10-13;1849346,77216585;0,9731489132061893
2017-10-16;1829946,6576915535;0,9728642523635523
2017-10-17;1834972,0880485328;0,9729385689217277
2017-10-18;1856068,985923365;0,9732461610705837
2017-10-19;1828457,373842791;0,9728421502181827
2017-10-20;1842589,517425135;0,9730504432909886
2017-10-23;1842498,1262079033;0,973049106544559
2017-10-24;1831347,5970235618;0,9728850105943924
2017-10-25;1846468,9842792305;0,9731070648280278
2017-10-26;1798565,2699332985;0,9723907875230348
2017-10-27;1822431,560719088;0,972752353634786
2017-10-30;1808094,0994334968;0,9725362907235652
2017-10-31;1821426,9685540947;0,9727373254329829
2017-11-01;1853556,1604054493;0,9552988091696923
2017-11-02;1872441,9941046757;0,9557496745416699
2017-11-03;1884472,8372576756;0,9560321772737513
2017-11-06;1891107,3886273426;0,9561864291053733
2017-11-07;1947427,0823004765;0,9574535198806524
2017-11-08;1942584,7032702488;0,9573474621201886
2017-11-09;1931022,6825573964;0,9570920795548379
2017-11-10;1907134,794088654;0,9565546347862789
2017-11-13;1864787,751371674;0,9555680438269555
2017-11-14;1864885,1110556645;0,9555703634772045
2017-11-15;1809193,3354714436;0,9542027012721747
2017-11-16;1837685,8855212254;0,9549127692094801
2017-11-17;1831694,67748671;0,9547652954068392
2017-11-20;1852076,3958771748;0,9552630939925487
2017-11-21;1897246,3141520543;0,9563281968066399
2017-11-22;1877775,9016736073;0,9558753695970168
2017-11-23;1873696,7414649052;0,9557793073941105
2017-11-24;1846630,6372426075;0,9551311637693299
2017-11-27;1791686,570638947;0,9537552108729439
2017-11-28;1791731,6964867634;0,953756375575963
2017-11-29;1775534,7904980702;0,9533345287941479
2017-11-30;1789542,1594670338;0,9536997956697187
2017-12-01;1838232,5291019902;0,9666919630622762
2017-12-04;1818348,5500637516;0,9663277334935
2017-12-05;1799355,5459906086;0,9659723076320937
2017-12-06;1754210,9660669789;0,9650966057311052
2017-12-07;1758967,7546669468;0,9651909952203486
2017-12-08;1758070,5910278782;0,9651732317849326
2017-12-11;1837381,36930909;0,9666765332433528
2017-12-12;1856234,0877777562;0,96701498082456
2017-12-13;1813788,3390013203;0,9662430749702764
2017-12-14;1806524,5294004902;0,9661073425890467
2017-12-15;1798992,6810137257;0,965965444092328
2017-12-18;1808318,1251150593;0,9661409593096023
2017-12-19;1835387,274305962;0,9666403282639042
2017-12-20;1867892,0865179524;0,9672208488801979
2017-12-21;1931986,9519249424;0,9683083175492206
2017-12-22;1939196,7275082096;0,9684261446448861
2017-12-27;1992214,6528517231;0,9692664056597462
2017-12-28;1983626,6983725056;0,9691333470003758
2017-12-29;1987190,5563284382;0,9691887037282524
2018-01-02;1976526,507650841;0,988492399348662
2018-01-03;2006463,7136359103;0,9886640971514937
2018-01-04;2067198,0518708117;0,9889971463033038
2018-01-05;2077428,520813454;0,9890513307683272
2018-01-08;2103603,9455571063;0,9891875665213177
2018-01-09;2072685,034277428;0,9890262739631547
2018-01-10;2091438,1486267932;0,9891246711064519
2018-01-11;2112952,3860459216;0,9892354045093302
2018-01-12;2135373,6713366397;0,9893484320650107
2018-01-15;2131167,8168253787;0,9893274112215568
2018-01-16;2164263,9121575244;0,9894906172953022
2018-01-17;2142879,9674515612;0,9893857434516597
2018-01-18;2164766,44511937;0,9894930569632071
2018-01-19;2161943,759237755;0,9894793388451284
2018-01-22;2201365,9160275348;0,9896677433037238
2018-01-23;2227999,5817885287;0,9897912558365154
2018-01-24;2241499,4848408587;0,9898527401497732
2018-01-25;2230913,047100533;0,9898045879661733
2018-01-26;2209630,027073372;0,9897063863867946
2018-01-29;2192361,089734543;0,9896253049585076
2018-01-30;2110178,712901581;0,9892212552483034
2018-01-31;2101571,028043259;0,9891771073052871
2018-02-01;2158457,538246053;0,9800570245493023
2018-02-02;2153194,3525275164;0,980008276704755
2018-02-05;2109964,341644185;0,9795986762207219
2018-02-06;2074045,0963362625;0,979245356924662
2018-02-07;2118498,6292094165;0,9796808621430743
2018-02-08;2070859,2009200028;0,9792134271236352
2018-02-09;2022112,0136813095;0,9787123238448855
2018-02-12;2055985,7992857865;0,9790630530076776
2018-02-13;2007954,742664235;0,9785622331111413
2018-02-14;1986308,2804430893;0,9783286078397601
2018-02-15;2013264,7088126114;0,9786187750134447
2018-02-16;2020824,8937491348;0,9786987651281587
2018-02-19;2043841,2820624283;0,9789386455423894
2018-02-20;2059260,590774434;0,9790963485197249
2018-02-21;2112073,792695897;0,9796190522104489
2018-02-22;2083840,0939234665;0,9793429132004238
2018-02-23;2173209,1070136004;0,9801923958639361
2018-02-26;2120944,150733846;0,9797042908076008
2018-02-27;2182397,3205450946;0,9802757887890631
2018-02-28;2206822,905555623;0,9804941005514095
2018-03-01;2194039,6019484424;0,9999988521886171
2018-03-02;2151260,761418047;0,9999988293638433
2018-03-05;2205322,323194208;0,9999988580609722
2018-03-06;2273672,947717371;0,9999988923896762
2018-03-07;2252703,0680386447;0,9999988820791939
2018-03-08;2266930,763745012;0,999998889095481
2018-03-09;2298373,724038782;0,9999989042932386
2018-03-12;2268336,578602495;0,9999988897839706
2018-03-13;2267127,0991484546;0,9999988891916863
2018-03-14;2285620,9662300968;0,9999988981796777
2018-03-15;2234302,1036784076;0,9999988728723722
2018-03-16;2239167,342323961;0,999998875321383
2018-03-19;2232622,314609232;0,9999988720243396
2018-03-20;2285338,922346773;0,9999988980436971
2018-03-21;2325125,7914778613;0,9999989169000495
2018-03-22;2293149,372192087;0,9999989017969522
2018-03-23;2310769,126066866;0,9999989101708165
2018-03-26;2319204,442132654;0,999998914134699
2018-03-27;2327329,0675093555;0,9999989179254172
2018-03-28;2313571,352350893;0,9999989114908312
2018-04-03;2304078,2361113452;0,9999989070060251
2018-04-04;2276916,3642966175;0,9999988939674425
2018-04-05;2352196,1210371875;0,9999989293649423
2018-04-06;2352145,351803484;0,9999989293418334
2018-04-09;2327670,544843378;0,9999989180841613
2018-04-10;2410250,9247176074;0,9999989551529246
2018-04-11;2438660,253107729;0,9999989673249373
2018-04-12;2467265,859601679;0,9999989792978248
2018-04-13;2483609,139342966;0,9999989860145101
2018-04-16;2505767,694739046;0,9999989949812047
2018-04-17;2543310,1766030216;0,999999009816556
2018-04-18;2577400,186130228;0,9999990229132273
2018-04-19;2583967,5950438404;0,9999990253965899
2018-04-20;2572399,365796747;0,9999990210137418
2018-04-23;2594883,3933970355;0,9999990294964174
2018-04-24;2650969,710888567;0,9999990500292706
2018-04-25;2554261,7293984317;0,9999990140620278
2018-04-26;2639634,1135794544;0,9999990459497334
2018-04-27;2629350,65102643;0,9999990422184166
2018-04-30;2597176,712619486;0,9999990303533766
2018-05-02;2647841,7985389805;0,9999313045263128
2018-05-03;2624573,438190279;0,9999306955012375
2018-05-04;2618858,983583269;0,9999305442760609
2018-05-07;2677897,4970691777;0,9999320755380673
2018-05-08;2658978,418955622;0,9999315922441105
2018-05-09;2722415,458427248;0,9999331862644123
2018-05-11;2808680,125113306;0,999935238354495
2018-05-14;2789783,8486354924;0,9999347996990203
2018-05-15;2826711,6612909413;0,9999356514677142
2018-05-16;2846915,410276232;0,9999361081309467
2018-05-18;2891040,8128374196;0,9999370833003147
2018-05-22;2859487,0409429646;0,9999363890292228
2018-05-23;2813828,2008092976;0,9999353568399993
2018-05-24;2737462,307456789;0,9999335535155667
2018-05-25;2665678,215552149;0,9999317641771096
2018-05-28;2665298,365989504;0,9999317544523644
2018-05-29;2692232,729747591;0,9999324372129537
2018-05-30;2707291,293764887;0,9999328130123942
2018-05-31;2746292,137965021;0,9999337671531427
2018-06-01;2771464,0494946195;0,9999451507740023
2018-06-04;2710704,3002709104;0,999943921342516
2018-06-05;2620507,5481070234;0,9999419911390428
2018-06-06;2629044,452223654;0,9999421795025691
2018-06-07;2656370,3319739057;0,9999427742976326
2018-06-08;2652236,496759291;0,9999426851043709
2018-06-11;2670927,143029089;0,9999430861832409
2018-06-12;2637783,0260456754;0,9999423710530797
2018-06-13;2620840,0935934735;0,9999419984995014
2018-06-14;2659613,8772686673;0,9999428440875217
2018-06-15;2563584,714348669;0,9999407030876941
2018-06-18;2585063,837205763;0,9999411957817801
2018-06-19;2534113,066594;0,9999400134666447
2018-06-20;2530388,959339018;0,999939925181291
2018-06-21;2483846,28217494;0,9999387994904974
2018-06-22;2594890,3372954084;0,9999414184654316
2018-06-25;2538471,8076285077;0,9999401164678928
2018-06-26;2586969,155795927;0,9999412390914462
2018-06-27;2690984,1408547116;0,9999435103850345
2018-06-28;2642223,0653828336;0,9999424678938024
2018-06-29;2660022,4369629575;0,9999428528662454
2018-07-02;2625960,989755323;0,9999820048386785
2018-07-03;2646176,5354353692;0,9999821423132578
2018-07-04;2632456,6448237207;0,999982049242206
2018-07-05;2623657,3607308175;0,9999819890385301
2018-07-06;2508992,1746193673;0,9999811659071269
2018-07-09;2639017,496839216;0,9999820938695211
2018-07-10;2707994,9154850747;0,9999825499703252
2018-07-11;2676053,1506068017;0,9999823416841986
2018-07-12;2719173,833125761;0,9999826217099257
2018-07-13;2706231,0194842126;0,9999825385965595
2018-07-16;2706517,865387609;0,9999825404471779
2018-07-17;2680742,0220648553;0,9999823725702639
2018-07-18;2671846,4326741006;0,9999823138818696
2018-07-19;2688831,404052427;0,9999824256026008
2018-07-20;2709791,4813324716;0,999982561539528
2018-07-23;2721055,2056490686;0,9999826337254987
2018-07-24;2754154,276279142;0,9999828424311443
2018-07-25;2751030,095450094;0,9999828229463165
2018-07-26;2762126,299119642;0,9999828919511575
2018-07-27;2803443,290408781;0,9999831440886298
2018-07-30;2828029,9811655786;0,9999832906327198
2018-07-31;2816167,7096525934;0,9999832202494644
2018-08-01;2822869,2079092767;0,9999832600846323
2018-08-02;2790196,7268587854;0,9999830640645587
2018-08-03;2779012,416491201;0,9999829959048206
2018-08-06;2823990,989134481;0,9999832667342721
2018-08-07;2917404,3156630304;0,9999838025222008
2018-08-08;2911162,5280024316;0,9999837677933884
2018-08-09;2915333,453264883;0,9999837910165709
2018-08-10;2931829,6348444726;0,9999838822177548
2018-08-13;2955346,961132696;0,9999840104758406
2018-08-14;2956238,461958578;0,9999840152977364
2018-08-15;2887413,4123522546;0,9999836342827001
2018-08-16;2870134,8996264245;0,9999835357593677
2018-08-17;2802070,1244112756;0,9999831358283211
2018-08-20;2814464,5803763177;0,9999832100954604
2018-08-21;2843087,9442526605;0,9999833791312259
2018-08-22;2844782,785183599;0,9999833890334684
2018-08-23;2855463,967196157;0,9999834511686446
2018-08-24;2835276,8794867303;0,9999833333414537
2018-08-27;2853565,159870794;0,9999834401567909
2018-08-28;2810707,4003321435;0,9999831876517531
2018-08-29;2824700,5692850854;0,9999832709377594
2018-08-30;2846241,383801153;0,9999833975460045
2018-08-31;2932228,4960123803;0,9999838844102025
2018-09-03;2897354,5591448573;0,9999960935394723
2018-09-04;2933984,843265417;0,999996142310944
2018-09-05;2855652,502936247;0,9999960364921122
2018-09-06;2806091,2283924846;0,999995966488507
2018-09-07;2782402,19348419;0,9999959321476791
2018-09-10;2799762,0004328554;0,8466779396671967
2018-09-11;2809484,4606007403;0,8472085237104076
2018-09-12;2911174,5769795245;0,8525456763251764
2018-09-13;2874721,9581920737;0,6355773674121378
2018-09-14;2859692,9683773154;0,6336621603972609
2018-09-17;2897939,4361889;0,6384970193372247
2018-09-18;2934518,702706539;0,6430032144636652
2018-09-19;2960645,764146053;0,6461536342343691
2018-09-20;2963699,6326152915;0,6465182461698954
2018-09-21;2955891,9234668845;0,6455845575254414
2018-09-24;2952338,292769558;0,49407029056440543
2018-09-25;2990145,5519362753;0,5004672419209665
2018-09-26;2982615,1215010947;0,49920603437940647
2018-09-27;3008359,003932125;0,503491553812511
2018-09-28;2973814,0511008566;0,4977239232346933
2018-10-01;2971246,4803613126;0,9180278418918493
2018-10-02;2980748,960849136;0,9182891650838384
2018-10-03;2958310,415248245;0,9176693949995691
2018-10-04;2885850,0825913846;0,9156021694488867
2018-10-05;2894221,051692337;0,9158462736894103
2018-10-08;2823453,2913621366;0,9137370230236881
2018-10-09;2909064,2507394254;0,9162756593620934
2018-10-10;2797667,6450189054;0,9129419512356629
2018-10-11;2702600,27662561;0,5188030388672124
2018-10-12;2709336,2515020138;0,5199993948525558
2018-10-15;2713586,4796342617;0,520751208767758
2018-10-16;2718988,896462417;0,5217034383770789
2018-10-17;2700996,679139114;0,5185173494239999
2018-10-18;2668559,698210693;0,512664812729928
2018-10-19;2704300,6502008205;0,5191055993821171
2018-10-22;2625394,8851289516;0,5046524057637147
2018-10-23;2558871,0273179775;0,49177468251225365
2018-10-24;2580049,833458877;0,49594654203813743
2018-10-25;2581684,009644485;0,496265602060277
2018-10-26;2546787,842385269;0,48936341746830814
2018-10-29;2616533,8455362087;0,5029748831693918
2018-10-30;2611106,862803436;0,501941855082637
2018-10-31;2655978,802388168;0,5103563932439809
2018-11-01;2641834,627652145;0,5077348798987309
2018-11-02;2634291,451975799;0,5063253007583983
2018-11-05;2644559,0328340298;0,5082420077893978
2018-11-06;2657885,1404886013;0,5107075845911815
2018-11-07;2647491,3970498806;0,508786679451343
2018-11-08;2622880,5249261623;0,5041775529194243
2018-11-09;2576292,5212659603;0,4952114212442644
2018-11-12;2608946,3330011135;0,5015294014220262
2018-11-13;2515259,691832519;0,4829627157419304
2018-11-14;2525881,1030912166;0,4851368741476702
2018-11-15;2502749,693282104;0,48037830400713294
2018-11-16;2549156,360489822;0,48983786933376416
2018-11-19;2483631,93911264;0,4763785165633216
2018-11-20;2407449,6624021297;0,45980883397941313
2018-11-21;2410210,449490524;0,46042759853448734
2018-11-22;2357685,8740377193;0,448406993234558
2018-11-23;2305106,095444656;0,43582508291532196
2018-11-26;2333302,764801956;0,44264282377462655
2018-11-27;2341899,6632318264;0,4446888307442662
2018-11-28;2338995,9453744655;0,44399944649725687
2018-11-29;2376089,1194104915;0,4526791820874442
2018-11-30;2343880,851090408;0,44515821285716345
2018-12-03;2395402,3305604933;0,22077891910719916
2018-12-04;2390745,0926645277;0,21926097478163972
2018-12-05;2385225,4179285048;0,2174542585524174
2018-12-06;2354694,680032539;0,20730784801081376
2018-12-07;2378843,3063524244;0,2153547952452007
2018-12-10;2353314,7613485334;0,20684303525853756
2018-12-11;2355729,643720436;0,20765610851480515
2018-12-12;2367976,4179285048;0,21175397733676346
2018-12-13;2354349,72503643;0,20719170421310298
2018-12-14;2354867,173980522;0,2073659126865383
2018-12-17;2337100,72503643;0,20134037305414532
2018-12-18;2324853,9179285048;0,19713321392011737
2018-12-19;2323991,4810884474;0,19683526881162264
2018-12-20;2304500,0926645277;0,19004212708261312
2018-12-21;2300705,324508476;0,18870618792032737
2018-12-27;2288458,5174005507;0,18436450606380886
2018-12-28;2299497,899772453;0,18828019222057732
2019-01-02;2314677,005296516;0,19360325914959695
2019-01-03;2337445,680032539;0,20145823745238953
2019-01-04;2361249,318456459;0,20950829774611082
2019-01-07;2365044,0866125105;0,21077666003851642
2019-01-08;2363319,180032539;0,21020063266833794
2019-01-09;2389020,218984413;0,21869728085182857
2019-01-10;2387985,255296516;0,21835866069419577
2019-01-11;2387122,818456459;0,21807626370920735
2019-01-14;2391607,5624044416;0,2195425275725766
2019-01-15;2407131,6558244703;0,2245758603705589
2019-01-16;2412306,3426645277;0,22623923828398393
2019-01-17;2412996,318456459;0,22646048859847748
2019-01-18;2422828,243192482;0,22959953994386645
2019-01-21;2436109,9810884474;0,23379978421232314
2019-01-22;2425933,068456459;0,23058553532966813
2019-01-23;2420585,854768562;0,22888585442430143
2019-01-24;2422138,2674005507;0,22938008192419615
2019-01-25;2426795,505296516;0,23085897055655746
2019-01-28;2410236,4810884474;0,2255747484373149
2019-01-29;2422828,243192482;0,22959953994386645
2019-01-30;2419378,430032539;0,22850101909547987
2019-01-31;2426105,529504585;0,23064022958076597
2019-02-01;2421240,312513029;0,4291521033195116
2019-02-04;2480456,416471159;0,4427799938035549
2019-02-05;2470061,0660759564;0,4404349112097747
2019-02-06;2481418,298112547;0,4429959911203242
2019-02-07;2465061,8616158124;0,43930009981571605
2019-02-08;2432019,7276779767;0,431682266378769
2019-02-11;2464814,6894127484;0,4392438726964192
2019-02-12;2494398,6616417523;0,4458945312108341
2019-02-13;2508368,144559538;0,44898042866878524
2019-02-14;2487419,185849821;0,4443397608176527
2019-02-15;2521981,3176857587;0,4519547269983823
2019-02-18;2510513,318952238;0,4494512618905702
2019-02-19;2500022,269849455;0,44714094893270634
2019-02-20;2530107,1077095624;0,4537148504328328
2019-02-21;2533827,3207108136;0,45451691657964505
2019-02-22;2531976,630159056;0,45411820816480225
2019-02-25;2489060,46396414;0,44470616131405316
2019-02-26;2491611,6616417523;0,44527473480945673
2019-02-27;2496214,6973740216;0,4462976517163842
2019-02-28;2464549,493688261;0,43918353301656216
2019-03-01;2442606,7276826072;0,6341650753896694
2019-03-04;2462769,4138550926;0,6371601648748464
2019-03-05;2462145,8494286705;0,6370682718565163
2019-03-06;2497374,011305349;0,6421878164707163
2019-03-07;2473627,4337525535;0,6387528550656257
2019-03-08;2428370,1468339134;0,6320203288450451
2019-03-11;2457496,07309963;0,6363815764118921
2019-03-12;2479071,9253716636;0,6395462193213756
2019-03-13;2535479,440763967;0,6475653347024559
2019-03-14;2568558,798223989;0,6521041882738602
2019-03-15;2562107,3832001854;0,651228182732014
2019-03-18;2576312,24598171;0,6531511855877749
2019-03-19;2584129,691370504;0,6542004640639637
2019-03-20;2619192,239454763;0,658829606084786
2019-03-21;2619968,2049966026;0,6589306517650615
2019-03-22;2551692,9822488;0,649804716205735
2019-03-25;2507438,4881882835;0,6436240201768199
2019-03-26;2549395,7970185447;0,6494891655821017
2019-03-27;2543378,8667054344;0,648659953980051
2019-03-28;2520181,835371511;0,6454260420686173
2019-03-29;2556369,568270223;0,6504453584623507
2019-04-01;2593895,969904638;0,999992019070486
2019-04-02;2629915,528242803;0,9999921283780105
2019-04-03;2638484,0794131523;0,9999921539413241
2019-04-04;2619063,3007304436;0,9999920957615279
2019-04-05;2674319,5531527763;0,9999922590773125
2019-04-08;2716694,1830889946;0,9999923798191819
2019-04-09;2651904,654970861;0,9999921936481149
2019-04-10;2689217,735514379;0,9999923019617827
2019-04-11;2681571,272005773;0,9999922800109329
2019-04-12;2643349,330691076;0,9999921683824903
2019-04-15;2621825,3912837273;0,9999921040886356
2019-04-16;2614648,8708941704;0,9999920824164449
2019-04-17;2614648,8708941704;0,9999920824164449
2019-04-23;2705119,230059362;0,9999923472131386
2019-04-24;2663956,850218511;0,9999922289653825
2019-04-25;2674406,392054296;0,999992259328663
2019-04-26;2589282,6999652153;0,9999920048510336
2019-04-29;2561349,1921489006;0,9999919176577071
2019-04-30;2538096,1797511345;0,9999918436105504
2019-05-02;2455212,5288922787;0,9999994022491596
2019-05-03;2511569,0318410397;0,9999994156619493
2019-05-06;2455285,682002783;0,9999994022669692
2019-05-07;2384161,9365918636;0,9999993844355411
2019-05-08;2361232,907821417;0,9999993784580303
2019-05-09;2275022,167800665;0,9999993549050321
2019-05-10;2298269,829101324;0,9999993614303535
2019-05-13;2288931,3805577755;0,9999993588250985
2019-05-14;2319205,8795278072;0,999999367194881
2019-05-15;2312182,8832776546;0,9999993652728065
2019-05-16;2373474,536021948;0,9999993816637465
2019-05-20;2367053,074252844;0,9999993799862925
2019-05-21;2392811,425460577;0,9999993866606717
2019-05-22;2378747,7434995174;0,9999993830344741
2019-05-23;2287386,4280660152;0,9999993583920345
2019-05-24;2306624,5875661373;0,9999993637432982
2019-05-27;2252889,4297635555;0,9999993485675183
2019-05-28;2307677,9685590267;0,999999364033729
2019-05-29;2193630,2452943325;0,9999993309695855
2019-05-31;2176723,277412176;0,9999993257731161
2019-06-03;2187692,7832635078;0,5981972572669653
2019-06-04;2204376,908112827;0,6012383556834315
2019-06-05;2206482,1136124763;0,6016188143336447
2019-06-06;2201812,2132657203;0,6007738737770089
2019-06-07;2220348,2633374366;0,6041067182626227
2019-06-11;2281785,372025791;0,6147661513877878
2019-06-12;2202255,745673481;0,6008542775745026
2019-06-13;2206378,15877277;0,601600044363441
2019-06-14;2201396,3617604407;0,6006984585594585
2019-06-17;2182034,3522771033;0,5971553061686563
2019-06-18;2195222,4194558295;0,5995754449380837
2019-06-19;2123714,6127331886;0,5860927097726858
2019-06-20;2126740,6031582984;0,5866816295004847
2019-06-21;2149054,9476693305;0,5909732501135673
2019-06-24;2135154,280261341;0,5883103302188765
2019-06-25;2097653,6960595283;0,5809503912758349
2019-06-26;2126055,475344959;0,5865484364043134
2019-06-27;2128658,968701664;0,587054115526694
2019-06-28;2124889,7010129127;0,5863216052327215
2019-07-01;2171974,6597250556;0,9948642997409758
2019-07-02;2107064,547748432;0,9947060896475793
2019-07-03;2038527,7989500617;0,9945281046310533
2019-07-04;2053051,2877462958;0,9945668133625689
2019-07-05;2032801,5517672156;0,9945126907184586
2019-07-08;2080384,8457201575;0,9946381983864708
2019-07-09;1988358,8060835456;0,994390041280067
2019-07-10;1988959,195632801;0,9943917347087681
2019-07-11;2017388,058805332;0,9944707659124593
2019-07-12;2018599,0914438819;0,9944740831055436
2019-07-15;2004405,8925779914;0,9944349540859724
2019-07-16;2008386,8261946295;0,994445984868523
2019-07-17;1963278,1580408667;0,9943183747158503
2019-07-18;1934616,717992649;0,9942342011630511
2019-07-19;1930117,1930445288;0,994220759826014
2019-07-22;1994075,2497213935;0,9944061234278383
2019-07-23;2010264,4177073096;0,9944511723312172
2019-07-24;2033246,1155527686;0,9945138905038501
2019-07-25;2024272,351686344;0,9944895701345466
2019-07-26;2011663,3809546088;0,994455031130879
2019-07-29;1982301,5289763068;0,9943728990471473
2019-07-30;1931481,5387667273;0,9942248421231785
2019-07-31;1945914,7275370215;0,9942676774759486
2019-08-01;1957361,8905331611;0,8053303517017215
2019-08-02;1896291,063058567;0,7990609362425838
2019-08-05;1846540,3684670448;0,7936471049702132
2019-08-06;1860001,2147595405;0,7951404828131768
2019-08-07;1801770,6500393867;0,7885197259627831
2019-08-08;1820992,2770840644;0,7907520226100587
2019-08-09;1824291,0944897651;0,7911304002012264
2019-08-12;1793963,508382511;0,7875993859172199
2019-08-13;1835135,5919968605;0,7923646882092645
2019-08-14;1747224,0198285102;0,7819175180181286
2019-08-15;1738415,150117588;0,7808124539200143
2019-08-16;1759304,4469639778;0,7834150016046961
2019-08-19;1812120,9114624977;0,7897276343911173
2019-08-20;1814775,4118077278;0,7900352030651634
2019-08-21;1831067,215287876;0,7919033514219531
2019-08-22;1839291,5835778236;0,7928338528677763
2019-08-23;1820334,4666859626;0,7906764071131114
2019-08-26;1804468,2132184028;0,7888358752837586
2019-08-27;1816530,9128739357;0,7902381136912766
2019-08-28;1806829,6484734535;0,789111856148434
2019-08-29;1829653,0570809364;0,7917425113204463
2019-08-30;1946646,4632431983;0,8042587814390721
2019-09-02;1972346,236437886;0,7973639327801206
2019-09-03;1918501,777825444;0,791676771339397
2019-09-04;1972677,6307898453;0,7973979740482589
2019-09-05;2033618,7694807937;0,8034693175802348
2019-09-06;2026020,527360051;0,8027322630000792
2019-09-09;2045958,3058844497;0,8046546288855431
2019-09-10;2104938,511664479;0,8101281902853942
2019-09-11;2102168,5570803573;0,8098780027883246
2019-09-12;2078150,690564244;0,8076807007488045
2019-09-13;2113611,0254698684;0,8109072673583093
2019-09-16;2182500,2255087784;0,816875856471202
2019-09-17;2122357,543351262;0,8116865436741559
2019-09-18;2140091,943841069;0,8132470496429361
2019-09-19;2134989,4183722427;0,8128007187724525
2019-09-20;2125823,630005925;0,81199358267243
2019-09-23;2091077,7092543533;0,8088696164762719
2019-09-24;2064321,748364537;0,8063923490297277
2019-09-25;1989285,8099375656;0,7990894608752841
2019-09-26;1964983,1272860458;0,7966046227075195
2019-09-27;1989121,5283022812;0,7990728676649429
2019-09-30;2000104,4982615402;0,8001761983460919
2019-10-01;1978595,5997236222;0,7927363630840446
2019-10-02;1973642,499248311;0,7922162092978781
2019-10-03;1911292,8187063187;0,7854379423336092
2019-10-04;1981289,32143192;0,7930181546185076
2019-10-07;2048906,179527089;0,799848853948365
2019-10-08;2038047,6395109147;0,7987824661041601
2019-10-09;1966061,6514299363;0,7914150252173625
2019-10-10;1983368,2429941148;0,7932351082895499
2019-10-11;2020120,9902723283;0,796996852188868
2019-10-14;2006475,3201616257;0,7956162650674466
2019-10-15;2045279,847633168;0,7994939810025568
2019-10-16;2075369,307235524;0,8024009902454993
2019-10-17;2119473,0286901444;0,8065127914186934
2019-10-18;2151486,6011693925;0,8093918317865758
2019-10-21;2146234,203790471;0,8089253636623809
2019-10-22;2160346,4623010606;0,8101735406144894
2019-10-23;2099773,6765706986;0,8046975611893684
2019-10-24;2123234,4292886704;0,8068555622838063
2019-10-25;2112080,0908010453;0,805835525948692
2019-10-28;2119811,4528348893;0,8065436813089218
2019-10-29;2112099,4500196427;0,8058373056340647
2019-10-30;2120386,3218248338;0,8065961302600302
2019-10-31;2075649,7247808427;0,8024276856115868
2019-11-01;2111841,5366021087;0,9999576121391227
2019-11-04;2167839,1637669494;0,9999587070633539
2019-11-05;2128637,9309349945;0,999957946608041
2019-11-06;2092200,6792546203;0,9999572142165252
2019-11-07;2133918,927862256;0,9999580506812702
2019-11-08;2112856,3336831024;0,9999576324978555
2019-11-11;2131645,66747865;0,9999580059450714
2019-11-12;2113847,612272351;0,9999576523658902
2019-11-13;2073934,56859216;0,9999568373821411
2019-11-14;2094329,458850949;0,9999572577061026
2019-11-15;2094088,3014889648;0,9999572527838559
2019-11-18;2042524,4538899353;0,9999561736237341
2019-11-19;2010415,7432595184;0,9999554736648136
2019-11-20;2016803,0612870147;0,9999556146819852
2019-11-21;2023651,8629990509;0,9999557648986542
2019-11-22;2077191,947618573;0,9999569050682335
2019-11-25;2075316,4485722473;0,999956866122605
2019-11-26;2035757,9902001312;0,9999560279533818
2019-11-27;2037017,76740083;0,9999560551475393
2019-11-28;2018664,6566105774;0,9999556556137468
2019-11-29;2003432,8763466766;0,9999553184704587
2019-12-02;1964837,5205182848;0,7525759258753781
2019-12-03;1922769,0147905168;0,7471625033584601
2019-12-04;1950286,5492410478;0,7507299096593071
2019-12-05;1944613,383526784;0,7500026954263433
2019-12-06;1960302,7668008623;0,752003561616694
2019-12-09;1965667,734608632;0,7526804272359147
2019-12-10;1950362,363661748;0,7507395992779385
2019-12-11;1935067,0110807237;0,748769369982674
2019-12-12;1952544,0912790117;0,7510181170858459
2019-12-13;1973625,0232267198;0,7536775737040764
2019-12-16;1987859,0579309282;0,7554413617102393
2019-12-17;1987143,3674936113;0,7553532813625149
2019-12-18;2004036,03163622;0,7574154872242329
2019-12-19;2039635,8461541948;0,7616495585541881
2019-12-20;2041143,5768670854;0,7618256207798305
2019-12-23;2069511,2715673265;0,7650903810002571
2019-12-27;2083110,3590326128;0,7666239322311664
2019-12-30;2106144,061032277;0,7691762338036457
2020-01-02;2142569,168182637;0,9851792908505128
2020-01-03;2140481,5987379807;0,9851648365054781
2020-01-06;2199287,3932822007;0,9855615075268069
2020-01-07;2186390,33919933;0,985476337914152
2020-01-08;2163055,641720082;0,9853196589760205
2020-01-09;2114126,5369704026;0,9849798988286679
2020-01-10;2133090,9722864884;0,9851134363762012
2020-01-13;2114204,967300679;0,9849804560270067
2020-01-14;2096396,3423102158;0,984852866877596
2020-01-15;2074319,7855513352;0,9846916590703716
2020-01-16;2061591,202884938;0,9845971430078585
2020-01-17;2054284,701177861;0,9845423594616235
2020-01-20;2072636,0999205369;0,9846792234895885
2020-01-21;2048443,7144930619;0,9844982831358137
2020-01-22;2102391,315641667;0,984896058960079
2020-01-23;2031043,6920550126;0,98436547938456
2020-01-24;2049750,101015355;0,984508162990911
2020-01-27;1978453,195110585;0,9839498884518627
2020-01-28;1929782,348865773;0,983545090205143
2020-01-29;1909762,4238474625;0,9833725943720684
2020-01-30;1862457,7733843583;0,9829502741334151
2020-01-31;1810812,4517920273;0,9824640070025648
2020-02-03;1788629,3752174005;0,6216657596722118
2020-02-04;1795444,3249606714;0,6231017990960735
2020-02-05;1817171,7221335992;0,6276082619719028
2020-02-06;1809320,96683117;0,6259924312456246
2020-02-07;1708775,2738542184;0,6039855291360137
2020-02-10;1685560,9938611612;0,5985314453968783
2020-02-11;1719531,0382232293;0,6064626221576859
2020-02-12;1737736,3720454797;0,6105855026189604
2020-02-13;1752305,2681207284;0,6138231458799568
2020-02-14;1731383,891827546;0,6091567334691109
2020-02-17;1729153,525533639;0,6086526002993266
2020-02-18;1648248,9785899743;0,5894432548171592
2020-02-19;1649776,3305348977;0,5898233455189413
2020-02-20;1653807,921212159;0,5908232587222981
2020-02-21;1627668,25153061;0,5842520518143094
2020-02-24;1562268,3780259714;0,5668479594038149
2020-02-25;1535537,117716752;0,5593074709212813
2020-02-26;1532095,095397912;0,5583174060582116
2020-02-27;1471525,2966794595;0,5401372049615221
2020-02-28;1480537,7850751504;0,542936531088605
2020-03-02;1462910,892943345;0,5374292862504179
2020-03-03;1471508,0054130182;0,5401318012463631
2020-03-04;1448211,3704948053;0,5327341369584496
2020-03-05;1407137,830560647;0,5190949165006645
2020-03-06;1356982,8450336084;0,5013203458116806
2020-03-09;1158629,7831592187;0,4159482642887925
2020-03-10;1145118,9492020234;0,40905725438182633
2020-03-11;1106174,9361047372;0,388252514305053
2020-03-12;1069733,7441482171;0,36741292905584794
2020-03-13;1090652,2306127176;0,3795458195499417
2020-03-16;1032220,9950105771;0,3444235883867994
2020-03-17;1012255,7102934942;0,3314932886823243
2020-03-18;967976,2476613149;0,30091287101745906
2020-03-19;976246,7754656896;0,30683536897928076
2020-03-20;1004843,3693687543;0,326561973209868
2020-03-23;967970,4112264737;0,3009086558302702
2020-03-24;1012508,1729669198;0,33165997671117026
2020-03-25;1012294,3917264566;0,3315188334228169
2020-03-26;1010224,0933522806;0,33014888443680573
2020-03-27;999149,9342555627;0,32272453542717716
2020-03-30;993643,8929283246;0,31897157450787594
2020-03-31;1013580,586639367;0,33236711039966665
2020-04-01;1018434,554891549;0,3355491203134776
2020-04-02;1043702,7614278421;0,3516355796787587
2020-04-03;1074668,0435948;0,3703174297085649
2020-04-06;1082635,8169364557;0,3749516454982018
2020-04-07;1112049,8838882074;0,3914843698064994
2020-04-08;1092763,3588389978;0,38074448559494284
2020-04-14;1087189,9383420572;0,37756990564795406
2020-04-15;1050371,7293791398;0,35575214281440204
2020-04-16;1030900,8749246225;0,3435840900316234
2020-04-17;1050052,5079102144;0,35555628808735396
2020-04-20;1051976,1322245225;0,356734706071816
2020-04-21;1028911,0661949739;0,3423146488225153
2020-04-22;1041891,0655483827;0,350508168966137
2020-04-23;1052806,6896957979;0,35724217700747135
2020-04-24;1049959,3367638215;0,3554991015303873
2020-04-27;1031180,929153882;0,343762363355482
2020-04-28;1037261,6793756112;0,34760943226188884
2020-04-29;1067575,5769476518;0,3661341168597908
2020-04-30;1072620,6613430604;0,36911551279132954
2020-05-04;1045379,0980133638;0,3526752761875186
2020-05-05;1052359,0964855775;0,3569687969052342
2020-05-06;1039694,9906291589;0,3491362928551335
2020-05-07;1046160,3112825975;0,3531586616288238
2020-05-08;1053422,8794140443;0,35761815209742837
2020-05-11;1048354,3804974183;0,3545124163264675
2020-05-12;1046482,3361105546;0,3533577084388051
2020-05-13;1028363,8887433633;0,34196470402344353
2020-05-14;1012027,9142546281;0,3313428153814908
2020-05-15;1025000,1260480508;0,3398052168930965
2020-05-18;1041961,842135869;0,3505522865273968
2020-05-19;1046193,5699901208;0,3531792248472415
2020-05-20;1049084,6301512346;0,35496172906156337
2020-05-22;1037684,0068182573;0,3478749489685827
2020-05-25;1052149,4617061242;0,35684067660545876
2020-05-26;1056954,324153863;0,3597644473023291
2020-05-27;1065106,6463379487;0,3646648077659907
2020-05-28;1077115,2153663263;0,3717480486331293
2020-05-29;1052982,098636113;0,3573492495481693
2020-06-02;1077788,7364213832;0,7723145151763083
2020-06-03;1145900,4552095302;0,7858480203284801
2020-06-04;1156522,7898514636;0,7878149456776948
2020-06-05;1254138,8976757892;0,8043304043560134
2020-06-08;1328357,7796438106;0,8152629850555638
2020-06-09;1279139,108171738;0,8081546804238046
2020-06-10;1254379,5516612895;0,8043679437658122
2020-06-11;1183662,555858887;0,7926800592153966
2020-06-12;1202828,0593226322;0,795983433303168
2020-06-15;1163086,062752045;0,7890123019710432
2020-06-16;1249365,0851948627;0,8035827526336369
2020-06-17;1187354,6730401882;0,7933247271758446
2020-06-18;1188927,8242266544;0,7935981932719619
2020-06-19;1201483,184651173;0,7957550682984691
2020-06-22;1178318,2937672504;0,7917397597171744
2020-06-23;1200483,2942479022;0,7955849513563146
2020-06-24;1166859,468474663;0,7896945968048721
2020-06-25;1172908,2636740573;0,7907791610053736
2020-06-26;1137438,9999173053;0,7842549349833637
2020-06-29;1136136,1355846294;0,7840075292884323
2020-06-30;1107301,1814482578;0,7783829231820578
2020-07-01;1131654,317753466;0,7982960618388184
2020-07-02;1121466,406953009;0,79646369154458
2020-07-03;1108536,0701963028;0,7940895757342759
2020-07-06;1119301,9165631852;0,7960700958782876
2020-07-07;1117222,2659937462;0,7956904910725642
2020-07-08;1095206,3927442154;0,7915834549175343
2020-07-09;1075256,210580977;0,7877165179035353
2020-07-10;1047036,3752934058;0,7819950310092949
2020-07-13;1082464,1099058709;0,7891300686654374
2020-07-14;1057986,5423232636;0,7842513837399685
2020-07-15;1104211,7899285874;0,7932831956605522
2020-07-16;1119632,6800405106;0,7961303411403458
2020-07-17;1163200,8316351494;0,8037663606145226
2020-07-20;1158878,859261187;0,8030345184884121
2020-07-21;1208020,5017267785;0,81104697130413
2020-07-22;1185568,9846731743;0,8074687044964292
2020-07-23;1181753,7795268616;0,8068471313716743
2020-07-24;1159946,188305529;0,8032157570503986
2020-07-27;1154354,4152828774;0,8022625204997862
2020-07-28;1164829,0148889145;0,8040406535119254
2020-07-29;1164618,4424058518;0,8040052224688757
2020-07-30;1120558,8031283936;0,7962988359997513
2020-07-31;1131075,4023377022;0,7981928242306267
2020-08-03;1184821,938478211;0,7399258398770742
2020-08-04;1187157,7644369397;0,7404375561734317
2020-08-05;1240313,432050446;0,7515615306725107
2020-08-06;1227310,245613793;0,748929358614755
2020-08-07;1190971,2096602712;0,741268665400538
2020-08-10;1216894,9779989514;0,7467804731582982
2020-08-11;1236225,9142143521;0,7507400815644865
2020-08-12;1215245,9198009763;0,7464368606187933
2020-08-13;1216929,7254884038;0,7467877034384481
2020-08-14;1212235,9205758367;0,7458072596969705
2020-08-17;1193054,5939280782;0,7417204777441111
2020-08-18;1168272,9246504102;0,7362417941534125
2020-08-19;1143254,296661118;0,7304697901028081
2020-08-20;1138390,3851210866;0,7293181894608486
2020-08-21;1117278,787103394;0,7242035075741379
2020-08-24;1132611,8967935834;0,7279371941816218
2020-08-25;1124468,3599412236;0,7259668821975175
2020-08-26;1139167,7614705358;0,7295029046931929
2020-08-27;1113085,7490007672;0,72316457126366
2020-08-28;1114034,047507504;0,7234002217128269
2020-08-31;1113439,0637481248;0,5833716813147451
2020-09-01;1100901,3229728523;0,9787887351416815
2020-09-02;1078092,2353559318;0,9783399705714968
2020-09-03;1056842,9383359733;0,9779044655573723
2020-09-04;1042683,4687195603;0,9776044118421416
2020-09-07;1018386,4243007485;0,9770700895188345
2020-09-08;977986,9445353333;0,9761228821356656
2020-09-09;990780,5872441117;0,9764311999598181
2020-09-10;983307,1839791123;0,9762520706398637
2020-09-11;991066,3049674813;0,9764379946857171
2020-09-14;979474,5228758637;0,9761591455427677
2020-09-15;993691,3170142953;0,9765002379062607
2020-09-16;1005401,3643017594;0,9767739428515021
2020-09-17;1025796,982916433;0,9772357396898751
2020-09-18;1014354,6625467126;0,976978949861755
2020-09-21;969230,5135489289;0,9759071663365749
2020-09-22;987666,4650727097;0,9763568872992652
2020-09-23;994371,0673666779;0,9765163023032332
2020-09-24;970591,4920392815;0,9759409496827679
2020-09-25;972590,8532744233;0,9759904080263218
2020-09-28;998075,2030964677;0,9766034568617638
2020-09-29;983348,0422430817;0,9762530573700191
2020-09-30;994652,3880945031;0,9765229442728369
2020-10-01;969343,7598357215;0,8211913092199041
2020-10-02;987534,9761137976;0,8244851141433315
2020-10-05;1027577,4090752616;0,8313245434540434
2020-10-06;1057385,710783483;0,8360796000509103
2020-10-07;1056642,7241616263;0,8359643381355754
2020-10-08;1063901,334872724;0,8370834936184977
2020-10-09;1074272,4972710623;0,8386563101518675
2020-10-12;1044381,0656275763;0,8340384613274011
2020-10-13;1040973,2415471091;0,8334951546357908
2020-10-14;1035555,6261591925;0,8326240674728989
2020-10-15;1006423,2120957389;0,8277791226107046
2020-10-16;1011971,6147799506;0,828723369232278
2020-10-19;1018681,605859281;0,829851557527756
2020-10-20;1009128,9874005332;0,8282408980654068
2020-10-21;992212,1467242255;0,8253124705393721
2020-10-22;989804,7734255805;0,8248876008021062
2020-10-23;1006113,0309214606;0,827726027508721
2020-10-26;977767,8136467948;0,8227318529072659
2020-10-27;962408,8656439795;0,8199028554292233
2020-10-28;920925,4970431342;0,8117903248757996
2020-10-29;912162,8301959052;0,8099822938686774
2020-10-30;928926,6500563635;0,8134114371661485
2020-11-02;948243,5676207393;0,42225644819163116
2020-11-03;958314,7006611675;0,42832807807427536
2020-11-04;962467,0114540905;0,43079440623220044
2020-11-05;967566,7941632122;0,43379453486677483
2020-11-06;958498,4591049999;0,42843767610415
2020-11-09;1003968,0000004619;0,4543236370717064
2020-11-10;1006761,0134920925;0,455837483380113
2020-11-11;1021308,7678599209;0,46358865802688853
2020-11-12;1010620,9078564495;0,457915819395989
2020-11-13;1021238,0486607403;0,4635515123480867
2020-11-16;1037076,417400822;0,4717442248762383
2020-11-17;1046204,6757159084;0,47635331837743694
2020-11-18;1065246,2986607403;0,48571367257937614
2020-11-19;1059542,898991093;0,48294532740646445
2020-11-20;1070094,0747065395;0,4880435097382591
2020-11-23;1096983,4559664577;0,5005926445317364
2020-11-24;1121868,7838110775;0,5116705138406796
2020-11-25;1106843,0511202663;0,5050412918234798
2020-11-26;1114921,6560759395;0,5086277105201995
2020-11-27;1117947,0868391842;0,50995748082713
2020-11-30;1103644,876634106;0,5036069859650404
2020-12-01;1100981,2006244457;0,9025800882497121
2020-12-02;1084533,233123759;0,9011026235732511
2020-12-03;1098041,7687182224;0,9023192974446096
2020-12-04;1142650,9372749126;0,9061327585663598
2020-12-07;1140243,0210699833;0,9059345337602585
2020-12-08;1138211,7370934284;0,9057666619416037
2020-12-09;1146700,4018144405;0,9064642418945311
2020-12-10;1147969,7719688213;0,9065676692691935
2020-12-11;1155967,043377856;0,9072140576861587
2020-12-14;1179322,1579375064;0,9090515762112534
2020-12-15;1175448,0145683086;0,9087518205193017
2020-12-16;1190856,2404088771;0,9099324605573441
2020-12-17;1214050,259389857;0,9116531703906033
2020-12-18;1206216,8037523944;0,6178426290600391
2020-12-21;1175257,449927302;0,6077756047969475
2020-12-22;1178705,699980231;0,6089230394717282
2020-12-23;1179165,3463396747;0,609075483827159
2020-12-28;1183405,2722511012;0,6104760952866467
2020-12-29;1174123,4622792918;0,6073967880594426
2020-12-30;1185135,5203361232;0,6110447838278605
2021-01-04;1184142,2633028901;0,9999981894396422
2021-01-05;1195256,243069259;0,9999982062749705
2021-01-06;1230751,721523372;0,999998258006873
2021-01-07;1243473,9287315286;0,9999982758295206
2021-01-08;1247983,9675422586;0,9999982820604306
2021-01-11;1201500,076936332;0,999998215596419
2021-01-12;1255552,8282876885;0,9999982924167016
2021-01-13;1225001,5854745782;0,9999982498299878
2021-01-14;1222537,7674890435;0,9999982463028163
2021-01-15;1179584,7918020166;0,9999981824443188
2021-01-18;1198771,9559708512;0,9999982115355392
2021-01-19;1196650,193197408;0,8102194861296069
2021-01-20;1185103,0122586873;0,8083703389165489
2021-01-21;1163408,7839018272;0,6476662862309153
2021-01-22;1106070,7715403007;0,6294015283553038
2021-01-25;1072662,992623465;0,6178593460550245
2021-01-26;1081505,6292272971;0,6209838151683295
2021-01-27;1063006,039000647;0,6143877622284553
2021-01-28;1068288,1702858375;0,6162944148730694
2021-01-29;1071467,1279765533;0,6174328388050414
2021-02-01;1058591,0741902536;0,9999995178776954
2021-02-02;1123074,6791487879;0,9999995455597229
2021-02-03;1118124,5299035257;0,9999995435478297
2021-02-04;1116705,7010580248;0,9999995429678851
2021-02-05;1142909,520629043;0,9999995534463935
2021-02-08;1193129,1317425913;0,9999995722421364
2021-02-09;1165779,2749153322;0,9999995622066893
2021-02-10;1223831,4384595102;0,9999995829733145
2021-02-11;1223665,17477333;0,9999995829166516
2021-02-12;1231687,391398067;0,9999995856331956
2021-02-15;1253495,8662320322;0,9999995928424001
2021-02-16;1272708,6651354975;0,9999995989888477
2021-02-17;1265009,7770672983;0,9999995965482816
2021-02-18;1209376,1605645365;0,9999995779887308
2021-02-19;1229468,2363063043;0,9999995848852754
2021-02-22;1263868,132173652;0,9999995961838459
2021-02-23;1257023,1011878198;0,9999995939848935
2021-02-24;1280486,2824393457;0,9999996014245718
2021-02-25;1285509,9844981378;0,9999996029821825
2021-02-26;1246197,0250874704;0,9999995904577221
2021-03-01;1285093,1108615603;0,9999917360328578
2021-03-02;1248647,9497297015;0,9999914948266683
2021-03-03;1228709,5259864535;0,9999913568121528
2021-03-04;1248969,549765369;0,9999914970166849
2021-03-05;1400801,0819595065;0,999992418647173
2021-03-08;1371223,9826009478;0,9999922551185091
2021-03-09;1376122,734582683;0,9999922826889086
2021-03-10;1463084,847928783;0,9999927413866272
2021-03-11;1491222,1160724368;0,9999928783464729
2021-03-12;1496032,3023822512;0,9999929012446952
2021-03-15;1493606,1369006839;0,9999928897137068
2021-03-16;1418505,603873035;0,9999925132708579
2021-03-17;1413269,108001491;0,999992485530758
2021-03-18;1371180,343987247;0,9999922548720237
2021-03-19;1349676,3208596911;0,9999921314710212
2021-03-22;1324982,7274863925;0,9999919848258982
2021-03-23;1267601,2265060153;0,9999916219967127
2021-03-24;1342717,5069902148;0,9999920906913127
2021-03-25;1255027,8480031695;0,9999915380624744
2021-03-26;1295959,2135856356;0,9999918053229365
2021-03-29;1309097,2850644793;0,9999918875645348
2021-03-30;1289907,6701512444;0,8461551688446829
2021-03-31;1287501,647701751;0,8458676708689258
2021-04-06;1308157,3282513956;0,9999656947926397
2021-04-07;1274790,862009559;0,9999647968857145
2021-04-08;1244030,7118335108;0,9999639264465269
2021-04-09;1286548,77979198;0,8412211696069642
2021-04-12;1267398,3262235215;0,8388220133542048
2021-04-13;1261055,66290298;0,8380113451703567
2021-04-14;1276253,291472583;0,8399403066273335
2021-04-15;1274261,9185649445;0,8396901708174632
2021-04-16;1258712,0537082246;0,8377097367923433
2021-04-19;1248000,408955722;0,8363167920194123
2021-04-20;1215848,7372466614;0,831988384540703
2021-04-21;1208113,1619893601;0,830912602456394
2021-04-22;1184283,6878873399;0,827510323254245
2021-04-23;1178609,2921277573;0,8266798744389884
2021-04-26;1212151,4614087632;0,8314759194683911
2021-04-27;1209815,9570046952;0,8311505900412214
2021-04-28;1235877,782600551;0,8347112365195885
2021-04-29;1282698,2483560136;0,8407445314899497
2021-04-30;1258520,4651538422;0,8376850308318292
2021-05-03;1246986,7446231656;0,9999953812251378
2021-05-04;1239455,1031646542;0,9999953531588075
2021-05-05;1271228,7339820676;0,9999954693039296
2021-05-06;1206628,4791084817;0,8622797855836705
2021-05-07;1217526,843592315;0,8635125510881027
2021-05-10;1229796,605826049;0,8648742954107853
2021-05-11;1191678,0784336617;0,86055199313384
2021-05-12;1192157,86112371;0,8606081138390232
2021-05-14;1162626,757531791;0,8570675138971884
2021-05-18;1160422,7924868157;0,856796045424489
2021-05-19;1113876,7764784386;0,850811924287492
2021-05-20;1122909,4528423836;0,8520119922020151
2021-05-21;1141692,7523771813;0,854446712990283
2021-05-25;1130648,0992695382;0,8530248863717815
2021-05-26;1123294,1873985818;0,8520626789242839
2021-05-27;1148979,7275902322;0,8553698304040622
2021-05-28;1145258,2111259988;0,8548998546796822
2021-05-31;1152632,4324556878;0,8558281650034533
2021-06-01;1207450,1706049985;0,9900739771145283
2021-06-02;967344,163153941;0,9876102234519973
2021-06-03;981322,8659728116;0,9877867127710198
2021-06-04;995923,8228772229;0,9879657683136177
2021-06-07;991743,4584839887;0,9879150420161955
2021-06-08;973142,3718440998;0,9850084767191782
2021-06-09;974256,681752013;0,985025623332837
2021-06-10;976116,8924625386;0,9850541603821135
2021-06-11;963877,6402137745;0,9848643791344519
2021-06-14;997758,4614761341;0,9853783384593188
2021-06-15;974089,9654663075;0,9850230604561551
2021-06-16;991901,5489166249;0,9852920014703181
2021-06-17;985980,0895679463;0,9852036702592567
2021-06-18;961529,5730579365;0,9848274177603731
2021-06-21;944749,3497426976;0,9845579290136286
2021-06-22;945809,4452713002;0,984575237014185
2021-06-23;956957,0943344105;0,9847549209787698
2021-06-24;947123,2040737141;0,984596632771422
2021-06-25;963247,9241130818;0,984854484335912
2021-06-28;942348,7732227314;0,9845185912715072
2021-06-29;916820,9308174122;0,9840875289463038
2021-06-30;906893,9603221882;0,9839133491220164
2021-07-01;915005,9049556721;0,9840559646183249
2021-07-02;947373,0311325062;0,9846006947172486
2021-07-05;941618,4772979821;0,7055226524700465
2021-07-06;948686,8116581048;0,7077167004195335
2021-07-07;926675,2709209527;0,700774024859506
2021-07-08;896544,418449601;0,6907177091577744
2021-07-09;914676,2091381158;0,6968486675288244
2021-07-12;899035,7609626855;0,6915747697477718
2021-07-13;886045,4198286141;0,6870529372709379
2021-07-14;898322,6091892327;0,6913299200716287
2021-07-15;884584,955764016;0,6865362566104098
2021-07-16;871436,1533825005;0,6818065092851452
2021-07-19;837459,8506996239;0,6688971879090609
2021-07-20;849714,5449888314;0,6736723959649907
2021-07-21;908085,0789196099;0,694648312127535
2021-07-22;888945,8811351861;0,6880740240049152
2021-07-23;881769,3096305932;0,6855353111619763
2021-07-26;898028,7109195794;0,6912289014724664
2021-07-27;900856,3154022301;0,6921980710585391
2021-07-28;906849,1475936974;0,6942321528165148
2021-07-29;911274,6865799035;0,695717092043256
2021-07-30;901383,2508995141;0,6923780075753647
2021-08-02;901636,7333406685;0,9998507866778297
2021-08-03;885970,8258117912;0,9998481482590024
2021-08-04;876786,812811303;0,9998465576689718
2021-08-05;882925,6312851189;0,9998476245250953
2021-08-06;896556,9552358864;0,9998499412540531
2021-08-09;871929,8522991417;0,9998457029404167
2021-08-10;881069,3446411369;0,999847303491841
2021-08-11;882279,7865785835;0,9998475129835012
2021-08-12;887074,2911066292;0,999848337153132
2021-08-13;870532,8270181892;0,9998454553255235
2021-08-16;853613,8872780083;0,9998423921934991
2021-08-17;859829,5458482979;0,9998435315313108
2021-08-18;862174,3927740334;0,9998439570770135
2021-08-19;841928,7167758225;0,9998402047469199
2021-08-20;825772,5727485893;0,9998370783714398
2021-08-23;861277,3426374672;0,999843794552913
2021-08-24;865200,6362532852;0,9998445028739747
2021-08-25;877252,883466172;0,9998466391904681
2021-08-26;894017,4539789436;0,9998495150046861
2021-08-27;880491,3338717697;0,9998472032520968
2021-08-30;883702,578116822;0,9998477584928412
2021-08-31;868902,0659212349;0,9998451652750647
2021-09-01;877745,7260441063;0,9998467253005277
2021-09-02;904451,9433769463;0,9998512511213473
2021-09-03;902636,3725918244;0,7186097623973176
2021-09-06;900197,4841483544;0,7178473970156327
2021-09-07;903040,0854147385;0,7187355606304169
2021-09-08;900683,818473668;0,7179997484768152
2021-09-09;884260,9673989724;0,7127623261495416
2021-09-10;884078,3543585251;0,7127029950453535
2021-09-13;898200,3531826447;0,7172200362063444
2021-09-14;915468,1277769516;0,7225538982234008
2021-09-15;937715,5489958237;0,7291363424394192
2021-09-16;929561,5268572281;0,7267603531192102
2021-09-17;913472,8063610505;0,7219478657889614
2021-09-20;901300,3991030167;0,7181926651699996
2021-09-21;902061,4265459488;0,7184304129653425
2021-09-22;924040,4386728714;0,7251277620303851
2021-09-23;924053,9487656067;0,7251317807886299
2021-09-24;941925,6230829667;0,7303470071011492
2021-09-27;973502,1644648026;0,7390934785521783
2021-09-28;984596,841167302;0,7420334366995206
2021-09-29;984186,309085698;0,7419258315141626
2021-09-30;998063,6060350846;0,7455141517869269
2021-10-01;1008845,0220219229;0,9999972652665253
2021-10-04;1038935,4256364439;0,9999973444718657
2021-10-05;1069782,9798537826;0,999997421044918
2021-10-06;1032497,976549301;0,9999973279151
2021-10-07;1031384,5460063551;0,9999973250304524
2021-10-08;1057931,545090351;0,9999973921542794
2021-10-11;1067531,0559121703;0,9999974156046915
2021-10-12;1066809,2501942252;0,9999974138560834
2021-10-13;1064276,7140351867;0,999997407702136
2021-10-14;1103992,491799507;0,9999975009592248
2021-10-15;1098937,4447471236;0,9999974894637854
2021-10-18;1088832,7918782057;0,846605474136056
2021-10-19;1097629,8057350935;0,8478348629177247
2021-10-20;1097842,4933180632;0,8478643422241053
2021-10-21;1124299,939524156;0,8514444553595182
2021-10-22;1106386,5318121733;0,8490392055101171
2021-10-25;1127546,8486132445;0,8518722392238612
2021-10-26;1118390,4599871458;0,8506595005672782
2021-10-27;1150613,7364144148;0,8548418252195139
2021-10-28;1116694,9482235732;0,8504327523636003
2021-10-29;1104610,8458132567;0,8487965327442494
2021-11-01;1126542,95133961;0,9999994602628147
2021-11-02;1111131,4805461243;0,9999994527766225
2021-11-03;1101289,2028967217;0,9999994478860593
2021-11-04;1141115,835283165;0,6113646597698043
2021-11-05;1141707,3777254869;0,6115660198580524
2021-11-08;1150832,4887465287;0,6146459669639958
2021-11-09;1146285,606723671;0,6131174130722172
2021-11-10;1155906,152687953;0,4421891948798872
2021-11-11;1153865,3854684096;0,44120263091832584
2021-11-12;1148782,6741914016;0,4387302697370493
2021-11-15;1150514,0930089217;0,4395749295100906
2021-11-16;1160736,6862744552;0,44451058599374516
2021-11-17;1154078,7249345046;0,44130592849222566
2021-11-18;1140108,9342431289;0,43446023243191245
2021-11-19;1131569,5953664046;0,4301924121022543
2021-11-22;1139996,6916741591;0,43440455013315665
2021-11-23;1140528,4651459914;0,4346682600406422
2021-11-24;1148074,2386807662;0,4383839302804477
2021-11-25;1142010,0795888167;0,43540170686907376
2021-11-26;1104686,4751977187;0,4163258479662695
2021-11-29;1116044,9984063369;0,42226617869810606
2021-11-30;1116612,1254166823;0,4225596095568549
2021-12-01;1114973,6542640114;0,9999977813867558
2021-12-02;1097305,3513281727;0,999997745663672
2021-12-03;1105345,1888426305;0,8006296294412591
2021-12-06;1084291,3612091595;0,6190366918031752
2021-12-07;1094774,7744171673;0,6226847442339075
2021-12-08;1077770,3750870281;0,6167316957639288
2021-12-09;1064988,4634010845;0,612131738313571
2021-12-10;1055984,6812927776;0,6088246057605903
2021-12-13;1231003,9915878826;0,6644403861902589
2021-12-14;1042839,1146824413;0,6038936225160036
2021-12-15;1039989,3093264156;0,6028082016698596
2021-12-16;1066483,1942017132;0,6126753555411852
2021-12-17;1076261,393327003;0,6161943310643551
2021-12-20;1070132,8522045666;0,6139963153504643
2021-12-21;1087066,4152348095;0,6200092117405226
2021-12-22;1087929,0295517498;0,6203105048261507
2021-12-23;1090516,7299168163;0,6212114746309406
2021-12-27;1109126,927218681;0,6275672207766751
2021-12-28;1120633,9978134686;0,6313914937245758
2021-12-29;1103587,411441093;0,6256977746093757
2021-12-30;1106045,944228416;0,6265297782872453
2022-01-03;1110548,0431255584;0,9999990876497407
2022-01-04;1144018,0511140113;0,9999991143419511
2022-01-05;1170802,1450866943;0,999999134602888
2022-01-06;1168143,3878177886;0,9999991326331975
2022-01-07;1146485,5698398834;0,9999991162481049
2022-01-10;1154375,907055307;0,9999991222886853
2022-01-11;1132057,4392093902;0,9999991049846412
2022-01-12;1177430,6676940208;0,9999991394747708
2022-01-13;1165903,662224937;0,9999991309669676
2022-01-14;1178873,979900289;0,9999991405283242
2022-01-17;1210904,249270845;0,9999991632626645
2022-01-18;1248635,5001806503;0,9999991885471822
2022-01-19;1224675,7849888091;0,9999991726718145
2022-01-20;1227633,6755184417;0,9999991746651992
2022-01-21;1178242,3290552383;0,999999140067565
2022-01-24;1096539,2648677116;0,9999990759940591
2022-01-25;1123066,4573306327;0,9999990978193779
2022-01-26;1215644,4785894637;0,9999991665254003
2022-01-27;1114474,702837277;0,9999990908642498
2022-01-28;1068238,5631478315;0,9999990515144931
2022-01-31;1047426,0944768672;0,9999990326679844
2022-02-01;1057344,1432228019;0,9518784196635778
2022-02-02;1075284,8476498057;0,9526813092897666
2022-02-03;1053894,0818935772;0,748943048475244
2022-02-04;1116359,0555335423;0,762990738402056
2022-02-07;1106373,065257444;0,7608515213007145
2022-02-08;1141338,1334036728;0,7681778714944568
2022-02-09;1141699,2665361306;0,7682511996062408
2022-02-10;1187901,0038677594;0,7772647429636841
2022-02-11;1200163,3074988266;0,7795404727198413
2022-02-14;1178615,041012182;0,775509877081699
2022-02-15;1156849,8736659428;0,7712862822971733
2022-02-16;1189862,041648521;0,7776318378359188
2022-02-17;1162056,9168514153;0,7723111221203512
2022-02-18;1153335,0537237069;0,770589271022393
2022-02-21;1128361,369552507;0,7655117920820749
2022-02-22;1151769,879085674;0,770277517901211
2022-02-23;1146785,1992470166;0,7692789934820294
2022-02-24;1120071,22093667;0,7637762398636406
2022-02-25;1138605,8459054371;0,7676215730125827
2022-02-28;1162237,6048249146;0,7723465199097203
2022-03-01;1167907,0238022038;0,8209253909603255
2022-03-02;1249134,8781747052;0,8325701272646567
2022-03-03;1308086,982005758;0,8401157594570811
2022-03-04;1325420,4795366952;0,8422066831537296
2022-03-07;1435083,3159925172;0,8542645633522506
2022-03-08;1516887,913152685;0,70471134204561
2022-03-09;1426008,520830383;0,6858926229408068
2022-03-10;1406307,4691848657;0,6814922725243591
2022-03-11;1387666,6538894079;0,6772136918570149
2022-03-14;1349907,0915245912;0,6681847225232302
2022-03-15;1272945,291413059;0,6481232939360112
2022-03-16;1301818,8602101705;0,6559277101963497
2022-03-17;1358484,2591299913;0,6702797304188486
2022-03-18;1349875,0039255521;0,6681768350110178
2022-03-21;1427323,2157318494;0,6861819444922124
2022-03-22;1400684,3431486986;0,6802136053472401
2022-03-23;1422153,4383556745;0,6850411607765852
2022-03-24;1401441,1503701112;0,6803862966177361
2022-03-25;1414105,8150472543;0,6832487418014587
2022-03-28;1398403,066455116;0,6796919236758066
2022-03-29;1370514,441761007;0,67317396847964
2022-03-30;1393931,1301433942;0,6786643282039236
2022-03-31;1405554,0591835878;0,6813215448986256
2022-04-01;1460967,6055191404;0,9658645726571421
2022-04-04;1553148,955163563;0,9678905533286626
2022-04-05;1591425,1697266942;0,9686628347363436
2022-04-06;1541413,3145769483;0,9676460861750406
2022-04-07;1522836,2373219377;0,9672514008228682
2022-04-08;1580689,4769080526;0,9684499996507735
2022-04-11;1561696,3603578454;0,9680662932856933
2022-04-12;1596425,2121606714;0,9687609834970154
2022-04-13;1602049,1761084443;0,96887064748561
2022-04-19;1653094,7352765447;0,9698318841115147
2022-04-20;1618707,9583071051;0,7547257854734024
2022-04-21;1649696,249920207;0,7593330753822523
2022-04-22;1611407,615718442;0,7536145918953511
2022-04-25;1485943,802228528;0,7328113469524956
2022-04-26;1506387,2134307204;0,7364374050165242
2022-04-27;1558779,5717624007;0,74529604428108
2022-04-28;1552266,3108626185;0,7442273144476779
2022-04-29;1619502,587221223;0,7548461322911774
2022-05-02;1564536,268458375;0,9462204852074179
2022-05-03;1649238,5951464262;0,9489825173624329
2022-05-04;1766067,0320689764;0,9523574134700216
2022-05-05;1816151,4426915732;0,9536712636318526
2022-05-06;1877677,6130626288;0,9551893249364304
2022-05-09;1809445,243291625;0,9534995592129517
2022-05-10;1842791,9556624976;0,9543410198126031
2022-05-11;1938228,1666052428;0,9565892174911185
2022-05-12;1944784,6024019804;0,9567355678931394
2022-05-13;2173823,972486266;0,961294013472096
2022-05-16;2300553,466122874;0,9634261917264243
2022-05-18;2242909,6728255833;0,962486228307585
2022-05-19;2257686,1382272327;0,9627317544416709
2022-05-20;2225953,080839404;0,9622004605050529
2022-05-23;2140916,176176795;0,9606990678433083
2022-05-24;2149221,7286369884;0,9608509441943671
2022-05-25;2197359,3254082287;0,961708583379982
2022-05-27;2223675,3881728733;0,9621617427432951
2022-05-30;2223098,255788573;0,962151919658071
2022-05-31;2308700,045764693;0,9635552476609325
2022-06-01;2410605,2623144207;0,9999997186080977
2022-06-02;2578959,90332852;0,9999997369773762
2022-06-03;2690050,864065748;0,9999997478394147
2022-06-07;2746018,4531260547;0,9999997529787902
2022-06-08;2735620,4710799274;0,9999997520398727
2022-06-09;2642390,7502776203;0,9999997432912598
2022-06-10;2576659,935066324;0,999999736742598
2022-06-13;2423282,1814194736;0,9999997200801435
2022-06-14;2426522,718226057;0,9999997204539668
2022-06-15;2322983,019185644;0,9999997079940771
2022-06-16;2141872,0283242282;0,9999996833028344
2022-06-17;2244852,2994681415;0,9999996978309884
2022-06-20;2239880,1742249546;0,9999996971602284
2022-06-21;2308265,515475374;0,999999706132247
2022-06-22;2178587,4017334995;0,9999996886400794
2022-06-23;2154157,201748949;0,9999996851089605
2022-06-24;2016460,6189876613;0,9999996636062246
2022-06-27;2139763,870141779;0,8017104708718513
2022-06-28;2200413,5598981725;0,8071758973001997
2022-06-29;2175862,4866664754;0,8050001905654087
2022-06-30;1988321,0294154033;0,7866075125803066
2022-07-01;1889163,1304308223;0,9754520753477002
2022-07-04;2087972,1057297038;0,9777894378691847
2022-07-05;2076909,7922078418;0,9776711370153346
2022-07-06;1930434,7593270587;0,9759768964179422
2022-07-07;2009519,6901046084;0,9769223290470448
2022-07-08;2064592,9065476703;0,9775379281626686
2022-07-11;2062613,6966043415;0,8401671390408895
2022-07-12;2009971,5593381824;0,8359810383136618
2022-07-13;1943349,4262391033;0,8303581210200965
2022-07-14;1757313,3148370686;0,812399163314662
2022-07-15;1772432,0290637913;0,8139993845880487
2022-07-18;1833278,9987817707;0,8201727896295166
2022-07-19;1821209,8101755085;0,8189810716262568
2022-07-20;1796431,541995615;0,8164842686877497
2022-07-21;1746344,2078691425;0,8112208081910837
2022-07-22;1769590,7838049831;0,81370074301989
2022-07-25;1828214,14963159;0,8196745998010394
2022-07-26;1894261,3897677364;0,8259620082199207
2022-07-27;1906451,4126983585;0,8270748228956412
2022-07-28;1904171,2460347118;0,8268677521161828
2022-07-29;1966008,2495141926;0,8323132935667069
2022-08-01;1964550,6685577068;0,9999934646483899
2022-08-02;1999239,131661478;0,9999935780421804
2022-08-03;2070669,8017007695;0,8506674826786024
2022-08-04;1977296,6492664204;0,8436156081364445
2022-08-05;1962431,105797945;0,8424309861804582
2022-08-08;1954625,0452663288;0,8418017129278919
2022-08-09;1929801,7101008282;0,8397667841152348
2022-08-10;1910173,063063322;0,8381202520291615
2022-08-11;1971030,1528674946;0,8431184152208336
2022-08-12;2019430,4311391697;0,8468784419303101
2022-08-15;1953424,8514487133;0,841704515123758
2022-08-16;1981628,340597807;0,8439574527198719
2022-08-17;1943719,4256083355;0,8409141103620974
2022-08-18;1981754,3506461964;0,8439673747008314
2022-08-19;1943507,3023778782;0,8408967470042191
2022-08-22;1899753,43390864;0,8372323857874676
2022-08-23;2028207,9637333737;0,847541110399651
2022-08-24;2047303,6765992031;0,8489631325514831
2022-08-25;2077701,6166478978;0,8511728866398733
2022-08-26;2057596,3946287022;0,8497186645366502
2022-08-29;2066969,278990923;0,8504001306781236
2022-08-30;2007133,9350721226;0,8459403587243599
2022-08-31;2019952,9552690373;0,8469180516195782
2022-09-01;2042960,5328890171;0,9999868257904244
2022-09-02;2098677,0570684755;0,9999871755446489
2022-09-05;2074532,3105589238;0,999987026285357
2022-09-06;2029429,6725136128;0,9999867379537318
2022-09-07;1961203,6904751149;0,9999862765961813
2022-09-08;1948160,406539568;0,9999861847155272
2022-09-09;2014495,27210153;0,9999866396359487
2022-09-12;2081388,9243413296;0,9999870690240059
2022-09-13;2050421,438843378;0,9999868737276615
2022-09-14;2170953,571684488;0,9999876025030817
2022-09-15;2096553,9900547352;0,9999871625580153
2022-09-16;2034822,275094637;0,9999867731002632
2022-09-19;1907803,6445738163;0,999985892473635
2022-09-20;1875379,6484648075;0,999985648564419
2022-09-21;1885415,3787471142;0,9999857249545546
2022-09-22;1857070,275038847;0,9999855070696156
2022-09-23;1681167,3448463765;0,9999839906536981
2022-09-26;1714759,997036108;0,9999843042814962
2022-09-27;1744655,7067052212;0,9999845732369363
2022-09-28;1711651,4180528012;0,999984275776054
2022-09-29;1655809,9015275326;0,9999837454829869
2022-09-30;1711517,8273245182;0,9999842745487162
2022-10-03;1801106,0313097325;0,9999850567430528
2022-10-04;1818470,1649810162;0,9999851994326147
2022-10-05;1797445,862024912;0,999985026313847
2022-10-06;1882014,0768934574;0,9999856991557368
2022-10-07;1972647,8221932736;0,9999863562112242
2022-10-10;1949180,3362528172;0,9999861919445244
2022-10-11;1853419,6317144718;0,9999854785231825
2022-10-12;1765243,831181654;0,9999847531600227
2022-10-13;1760454,2609578457;0,9999847116787912
2022-10-14;1733621,9157444325;0,99998447505193
2022-10-17;1748411,4473582592;0,9999846063749722
2022-10-18;1745881,6921941128;0,9999845840698511
2022-10-19;1767107,890999445;0,9999847692433766
2022-10-20;1824934,4647384053;0,7618583247822481
2022-10-21;1843495,6071896916;0,7642560422164887
2022-10-24;1911685,7107029324;0,772665063005773
2022-10-25;1936872,711620844;0,7756213157488638
2022-10-26;1996637,201890505;0,7823375472600014
2022-10-27;2040380,3371620541;0,7870039508418875
2022-10-28;2015707,8085837727;0,7843968511980125
2022-10-31;2090502,526240862;0,7921107747346762
2022-11-01;2211556,1341318376;0,9999897818689446
2022-11-02;2143127,9705085047;0,9999894556131385
2022-11-03;2223502,9380678423;0,9999898367706073
2022-11-04;2265185,725168634;0,9999900237891473
2022-11-07;2294948,0728935488;0,9999901531670011
2022-11-08;2246469,555795599;0,9999899406736421
2022-11-09;2190474,427227903;0,999989683526941
2022-11-10;2170650,799349714;0,9999895893109929
2022-11-11;2159885,46388619;0,9999895374218714
2022-11-14;2193570,36854117;0,9999896980873105
2022-11-15;2159245,0802063234;0,9999895343189052
2022-11-16;2106790,139024378;0,8049851215077948
2022-11-17;2097959,859509588;0,8041643070013479
2022-11-18;2053027,2282720814;0,799878239648965
2022-11-21;1992981,4548927555;0,793848847934953
2022-11-22;2043032,3414655933;0,798899207500708
2022-11-23;1932924,2538033987;0,6385332532709811
2022-11-24;1925150,6594621206;0,6370736813444297
2022-11-25;1947758,0225414664;0,48785186479718673
2022-11-28;1923148,8347153098;0,48129826404278253
2022-11-29;1978822,6612591178;0,49589184589376006
2022-11-30;1985278,0653404624;0,4975310227386916
2022-12-01;2028195,9254497383;0,90824658744324
2022-12-02;2073067,1981109474;0,9102325782476782
2022-12-05;2110398,8726028297;0,9118205094261573
2022-12-06;2022991,582075486;0,908010542830432
2022-12-07;1980410,1986736152;0,9060326503982022
2022-12-08;1994740,8183196876;0,9067077307564751
2022-12-09;1937577,4605754707;0,9039553766080358
2022-12-12;1913467,2649997566;0,9027451888528895
2022-12-13;1943047,6032279823;0,9042257651410229
2022-12-14;1897132,2066567848;0,7059270010091291
2022-12-15;1927516,7494557807;0,710562640946572
2022-12-16;1906730,472424836;0,70740733126049
2022-12-19;1954001,9150041053;0,7144857672810637
2022-12-20;1929473,7283032844;0,7108562043058632
2022-12-21;1993065,227267594;0,7200817364825638
2022-12-22;2016180,3738244483;0,7232909491944564
2022-12-23;2072868,6943582008;0,7308583225690211
2022-12-27;2143939,9133370826;0,7397803203237376
2022-12-28;2095418,8870690772;0,7337547347041079
2022-12-29;2107203,177596421;0,7352436806164595
2022-12-30;2170136,7879327247;0,7429215703839659
2023-01-02;2173581,172707472;0,9529630594083308
2023-01-03;2101310,420069609;0,9513453093292018
2023-01-04;2016966,337592516;0,9493107016283447
2023-01-05;2074185,7044600584;0,9507090381194069
2023-01-06;2148292,5540455915;0,9524093642184442
2023-01-09;2239492,71586648;0,9543474253041923
2023-01-10;2224036,881511946;0,7516436547395244
2023-01-11;2221790,088772555;0,7513925035456593
2023-01-12;2245365,907688399;0,754002824339014
2023-01-13;2308828,093416949;0,7607644877538905
2023-01-16;2366187,353474875;0,7665638476151727
2023-01-17;2354367,7742674546;0,7653919333870116
2023-01-18;2399091,978474875;0,7697655293866854
2023-01-19;2387561,637108107;0,7686536493835439
2023-01-20;2416768,23666503;0,771449465762997
2023-01-23;2425358,361603995;0,7722589451682031
2023-01-24;2334295,7206757264;0,7633745944335972
2023-01-25;2324767,798456927;0,7624047993165429
2023-01-26;2414001,0076945024;0,7711874726413892
2023-01-27;2460076,9961416917;0,7754730146726682
2023-01-30;2493735,706102629;0,778503523743474
2023-01-31;2516126,2428448396;0,7804745794502356
2023-02-01;2576404,926238318;0,9856071065385853
2023-02-02;2490236,2111609178;0,9851090746128356
2023-02-03;2571817,6925499635;0,9855814345922609
2023-02-06;2531910,7501185136;0,9853541750572857
2023-02-07;2590326,3925850587;0,9856844597951203
2023-02-08;2726510,1603634553;0,9863994925983077
2023-02-09;2710614,085193892;0,9863197340339358
2023-02-10;2754741,323882361;0,9865388734342028
2023-02-13;2744165,209242125;0,9864869937524449
2023-02-14;2733028,0058090882;0,9864319276868023
2023-02-15;2732593,3451960282;0,9864297694781394
2023-02-16;2776246,7916043;0,9866431465210685
2023-02-17;2744818,4157593446;0,9864902095512378
2023-02-20;2753293,0250847535;0,9865317925556903
2023-02-21;2720958,828623076;0,9863717446854654
2023-02-22;2607452,516257544;0,9857784863250221
2023-02-23;2649440,932662268;0,9860038692843962
2023-02-24;2614657,94202735;0,9858176777081366
2023-02-27;2729435,9148657518;0,9864140713416838
2023-02-28;2801450,5912239747;0,9867633140727244
2023-03-01;2854555,380955954;0,9870095630779481
2023-03-02;2950569,5873892503;0,9874322836596362
2023-03-03;3000690,2391064363;0,9876422027393755
2023-03-06;3013534,1997502046;0,9876948728108392
2023-03-07;2921490,885638495;0,9873071924341438
2023-03-08;2906274,099685927;0,9872407349255806
2023-03-09;2826832,6180327134;0,9868821657921087
2023-03-10;2797209,2331373887;0,9867432435237529
2023-03-13;2641550,9829542832;0,9859620647657006
2023-03-14;2749035,0243971543;0,9865109315495374
2023-03-15;2449666,013359328;0,9848624582230455
2023-03-16;2471422,726855536;0,9849957187761267
2023-03-17;2507781,919667502;0,9852132590453764
2023-03-20;2540505,587305327;0,9854037236516593
2023-03-21;2605906,534254332;0,98577004925949
2023-03-22;2567698,8528759675;0,9855583058054964
2023-03-23;2600023,973942061;0,9857378539627117
2023-03-24;2378534,9762251573;0,9844097639986514
2023-03-27;2441484,8237402635;0,9848117337219389
2023-03-28;2575653,0875580506;0,9856029052220037
2023-03-29;2570752,1978008943;0,9855754585570194
2023-03-30;2628118,366294165;0,9858903152565763
2023-03-31;2594718,8784039216;0,9857086939454411
2023-04-03;2707915,097081404;0,9948390438583038
2023-04-04;2655886,880151015;0,9947379419071194
2023-04-05;2581823,760464888;0,9945869926268873
2023-04-11;2546922,315741759;0,9945128161290605
2023-04-12;2548749,797636252;0,9945167505008004
2023-04-13;2485159,4255630784;0,9943764448639718
2023-04-14;2380538,3359796815;0,9941292980498369
2023-04-17;2364651,329899054;0,9940898555001465
2023-04-18;2297185,0590889268;0,9939162798416351
2023-04-19;2230451,6513926797;0,993734259586955
2023-04-20;2260488,978182059;0,9938175186048845
2023-04-21;2253041,5121910386;0,9937970823103551
2023-04-24;2293118,502587538;0,9939054911310932
2023-04-25;2221852,183096152;0,9937100086325278
2023-04-26;2159050,271492701;0,993527046944668
2023-04-27;2159160,9291140847;0,9935273786853821
2023-04-28;2185119,4561569504;0,9936042713765163
2023-05-02;2096237,476978118;0,7874550553852274
2023-05-03;2078914,0470674583;0,7856839348061477
2023-05-04;2075504,1934183189;0,7853318341362054
2023-05-05;2151966,670566375;0,792959303441971
2023-05-08;2145961,6113241264;0,7923799400266021
2023-05-09;2157692,2933328697;0,7935087038033972
2023-05-10;2180441,484430129;0,7956630885876901
2023-05-11;2200475,9648664542;0,797523496935462
2023-05-12;2221583,2679899284;0,7994472298817544
2023-05-15;2200364,9657915183;0,7975132828551227
2023-05-16;2226528,8837507316;0,7998927021808152
2023-05-19;2303663,588025863;0,8065929935431515
2023-05-22;2273257,21491986;0,8040060422905414
2023-05-23;2287118,1984327384;0,8051938554163764
2023-05-24;2292565,4396303245;0,805656723798659
2023-05-25;2270924,507621581;0,8038047161196216
2023-05-26;2265977,923143203;0,8033764257395337
2023-05-30;2236857,6949308463;0,8008167084328094
2023-05-31;2189055,3247411796;0,7964671457098037
2023-06-01;2187516,099256408;0,8108015885760058
2023-06-02;2248387,9834956047;0,8159238645724003
2023-06-05;2251832,888063323;0,8162054683819475
2023-06-06;2264248,5291670677;0,8172132760108389
2023-06-07;2267567,9834956047;0,8174808543972693
2023-06-08;2246033,7061079857;0,8157309172083161
2023-06-09;2179703,3524588463;0,8101234415789434
2023-06-12;2107833,8351000664;0,8036493370341611
2023-06-13;2129325,141033065;0,8056311067914554
2023-06-14;2084493,131085166;0,6402307016983277
2023-06-15;2074610,299809226;0,6385168669247774
2023-06-16;2087032,462361106;0,6406684397056546
2023-06-19;2077763,2185332861;0,6390654024501629
2023-06-20;2075394,131085166;0,6386533912510175
2023-06-21;2100191,5436370457;0,6429198882562639
2023-06-22;2081804,2185332861;0,6397660143019951
2023-06-23;2075055,131085166;0,6385943583614664
2023-06-26;2090063,631085166;0,6411895695750673
2023-06-27;2109347,881085166;0,6444699151761744
2023-06-28;2085031,881085166;0,640323662247861
2023-06-29;2150427,881085166;0,6512616685816374
2023-06-30;2201296,7936370457;0,6593205272215479
2023-07-03;2202091,5524158087;0,8202005850256705
2023-07-04;2189771,7255649175;0,8191890194663409
2023-07-05;2169924,5232009497;0,8175352328567562
2023-07-06;2127129,873298606;0,8138643165072534
2023-07-07;2150783,8585357275;0,8159114077070342
2023-07-10;2168254,626243552;0,8173947062987603
2023-07-11;2184699,359321555;0,8187692182199245
2023-07-12;2224724,154592475;0,8220297235381063
2023-07-13;2199013,6027373876;0,8199489205744768
2023-07-14;2173382,963531455;0,8178255836693711
2023-07-17;2163620,9400252905;0,8170036324201746
2023-07-18;2196653,1508369055;0,8197554435512826
2023-07-19;2206728,636117896;0,8205784044472234
2023-07-20;2207881,9915065374;0,8206721308623423
2023-07-21;2228473,0753593054;0,8223291197806205
2023-07-24;2240803,4642448034;0,8233067829633539
2023-07-25;2245133,3805017727;0,6321338391304104
2023-07-26;2229348,390225436;0,6295291480925361
2023-07-27;2227890,998868014;0,6292868018475802
2023-07-28;2221905,580349948;0,6282881664146723
2023-07-31;2246985,41477695;0,4367982933206319
2023-08-01;2261062,286085437;0,9999946609297902
2023-08-02;2224466,180742572;0,9999945730933566
2023-08-03;2217369,367964099;0,999994555724243
2023-08-04;2245915,8387397034;0,9999946249231222
2023-08-07;2243047,787130664;0,9999946180503315
2023-08-08;2217533,718813251;0,9999945561277415
2023-08-09;2323202,4367240174;0,999994803737245
2023-08-10;2315081,1932128174;0,9999947855088929
2023-08-11;2333115,861715625;0,9999948258162005
2023-08-14;2328227,5363600953;0,9999948149525312
2023-08-15;2321149,9960120423;0,9999947991425306
2023-08-16;2338016,164602588;0,9999948366608935
2023-08-17;2349407,002477954;0,9999948616947675
2023-08-18;2301483,8832942;0,8542906028610397
2023-08-21;2334431,702298259;0,8563471234435003
2023-08-22;2326299,9044466964;0,8558449714420666
2023-08-23;2285005,120869731;0,8532397909759654
2023-08-24;2273784,4009229233;0,6434434887592786
2023-08-25;2287270,2037831834;0,6455457549502958
2023-08-28;2313076,658815532;0,6495003180215363
2023-08-29;2298851,6542722275;0,6473314701277174
2023-08-30;2307079,8896810105;0,6485892677870172
2023-08-31;2310092,612341075;0,649047562432986
2023-09-01;2344029,1703555286;0,9999946841721153
2023-09-04;2349644,9899357595;0,803638689065006
2023-09-05;2347765,519776229;0,8034814948216799
2023-09-06;2334943,1204556264;0,8024023084701114
2023-09-07;2378826,105074767;0,8060474578316749
2023-09-08;2395432,6838043965;0,8073920533960197
2023-09-11;2402035,948157195;0,807921538056252
2023-09-12;2438879,7008236684;0,810823235643887
2023-09-13;2447292,93842018;0,8114735824173692
2023-09-14;2469528,5828541555;0,8131710749739987
2023-09-15;2479276,769816283;0,8139056614926397
2023-09-18;2514069,3300808705;0,8164810473063664
2023-09-19;2521613,559916381;0,8170301041405701
2023-09-20;2544235,495371703;0,8186569713004415
2023-09-21;2525092,45054901;0,817282186893667
2023-09-22;2539074,16138832;0,6085799745162976
2023-09-25;2482236,1838835897;0,5996172808178535
2023-09-26;2463099,9933947744;0,5965066478743084
2023-09-27;2562118,9294356527;0,6121005697520309
2023-09-28;2540445,889335555;0,6087913239452768
2023-09-29;2539212,1838835897;0,6086012507093462
2023-10-02;2519324,1618963582;0,99999979412157
2023-10-03;2465472,7331920965;0,9999997896247255
2023-10-04;2411258,474350582;0,9999997848946894
2023-10-05;2407233,8126646383;0,9999997845350541
2023-10-06;2365281,398181568;0,9999997807134055
2023-10-09;2450853,038255344;0,9999997883698064
2023-10-10;2454594,213972698;0,9999997886923631
2023-10-11;2424355,5405330197;0,7873934457229499
2023-10-12;2459537,0035056607;0,7904345911118494
2023-10-13;2452781,9856729046;0,7898574431702724
2023-10-16;2417298,7134389416;0,7867727827969079
2023-10-17;2425502,6449040906;0,7874939947403843
2023-10-18;2448557,7629175275;0,626045293084777
2023-10-19;2435825,2440538495;0,6240905611631901
2023-10-20;2410390,2219737046;0,4080605227560487
2023-10-23;2391941,866195964;0,40349506477840424
2023-10-24;2411904,7956774705;0,4084322355898477
2023-10-25;2399364,7956774705;0,4053404757294598
2023-10-26;2392992,866195964;0,4037570491310423
2023-10-27;2395552,4132082933;0,40439410964998757
2023-10-30;2409798,7486651414;0,4079152341084931
2023-10-31;2413866,8426897996;0,4089130756031509
2023-11-01;2424887,902627302;0,9992959627219492
2023-11-02;2433917,0676606423;0,9992985745072305
2023-11-03;2380872,313195539;0,9992829470656271
2023-11-06;2369152,7882607705;0,9992794000087275
2023-11-07;2295127,138716093;0,8023341522891283
2023-11-08;2260327,830047956;0,799290949990684
2023-11-09;2270495,6768691856;0,40003059842147837
2023-11-10;2272747,6460845787;0,40062508264627134
2023-11-13;2286978,351410659;0,40435468849209993
2023-11-14;2290203,570866378;0,4051935164774464
2023-11-15;2273689,658516677;0,40087340968664825
2023-11-16;2235886,5292022545;0,39074370959967397
2023-11-17;2248169,7954604942;0,39407248719005245
2023-11-20;2267531,9144981224;0,399246412441639
2023-11-21;2237922,982735427;0,39129811747463883
2023-11-22;2215359,788769515;0,385098556251013
2023-11-23;2239616,4353416283;0,39175837833587196
2023-11-24;2248342,0947921593;0,39411892180769204
2023-11-27;2240649,858872207;0,3920389090942214
2023-11-28;2225648,830277236;0,3879412088707
2023-11-29;2221422,3183029015;0,3867766964822222
2023-11-30;2239642,411717208;0,39176543299456434
2023-12-01;2221496,2544296654;0,9871313564126959
2023-12-04;2119722,152563897;0,9865134949435668
2023-12-05;2097858,5121048363;0,9863729401368905
2023-12-06;2045822,169163552;0,9860263301670669
2023-12-07;2044711,9606753243;0,7869648978999562
2023-12-08;2129370,3323222054;0,7954346340344632
2023-12-11;2108622,3861781014;0,7934217979648933
2023-12-12;2093947,331175889;0,791974031618535
2023-12-13;2114416,760769929;0,7939879074979362
2023-12-14;2206231,0104571236;0,8025612824572733
2023-12-15;2224018,86546811;0,8041404108251732
2023-12-18;2265793,6823321236;0,8077515068100546
2023-12-19;2300045,1033640755;0,8106144002695682
2023-12-20;2266083,8976946725;0,8077761279047138
2023-12-21;2267361,424275483;0,8078844349013129
2023-12-22;2259605,7231760873;0,8072250318540624
2023-12-27;2282758,1357012643;0,8091802129646848
2023-12-28;2254232,812516297;0,8067655572711617
2023-12-29;2261070,1266222848;0,8073498843848926
2024-01-02;2295925,4819831057;0,3780081393768299
2024-01-03;2298902,2388800783;0,37881353185053196
2024-01-04;2300622,564350049;0,37927803346818895
2024-01-05;2292813,768268506;0,37716399728825023
2024-01-08;2260268,3506354494;0,36819583303489567
2024-01-09;2263402,3555335207;0,3690706564391612
2024-01-10;2254359,3702277346;0,36653978897492295
2024-01-11;2252331,1516150637;0,36596935962688226
2024-01-12;2263018,467288892;0,36896362843135416
2024-01-15;2246118,1663092775;0,3642155680805857
2024-01-16;2252797,564350049;0,3661006275089684
2024-01-17;2245248,1663092775;0,36396921114594044
2024-01-18;2244172,472186963;0,36366434394448394
2024-01-19;2242760,064350049;0,36326360314219885
2024-01-22;2239166,1516150637;0,36224162670519106
2024-01-23;2256583,952594678;0,36716426581478806
2024-01-24;2242939,5545539064;0,3633145576788217
2024-01-25;2251981,268268506;0,3658708522523319
2024-01-26;2265412,171207349;0,3696304007982157
2024-01-29;2269030,967288892;0,3706357546556118
2024-01-30;2241155,156513135;0,3628076314838352
2024-01-31;2242211,1516150637;0,3631077245502954
2024-02-01;2250475,0863027317;0,5654917187269954
2024-02-02;2242001,168654416;0,5638494415308474
2024-02-05;2253037,467192624;0,5659858852611284
2024-02-06;2269616,051985715;0,5691561747011864
2024-02-07;2242622,9353322727;0,5639703641699197
2024-02-08;2243263,1735524875;0,5640948091486883
2024-02-09;2248083,4524831516;0,5650294651130416
2024-02-12;2276950,6784658176;0,570544030204475
2024-02-13;2256118,959837888;0,5665786781618203
2024-02-14;2279939,6760091526;0,5711070463457337
2024-02-15;2259269,5667104465;0,5671830948349865
2024-02-16;2280791,9647207004;0,5712673155103555
