MOWI;SALMAR;BAKKAFROST;LERØY SEAFOOD GP;AUSTEVOLL SEAFOOD;GRIEG SEAFOOD;SALMON EVOLUTION;ATLANTIC SAPPHIRE;AKER BIOMARINE;
percent/trade;3,47
hitrate;0,49
Number of trades;61
Return;28,23
2016-01-04;998503,477786764;0,9991767657154125
2016-01-05;977368,2748849238;0,9991589635991707
2016-01-06;996565,1213528956;0,9991751644939388
2016-01-07;975368,5629079188;0,9991572392965554
2016-01-08;980545,1399266566;0,9991616884702978
2016-01-11;994762,8673894252;0,9991736701045636
2016-01-12;1008097,5705392207;0,9991846004591061
2016-01-13;1036736,4216267909;0,9992071250907688
2016-01-14;1001576,6397359218;0,9991792916651783
2016-01-15;998288,4803674067;0,9991765884187189
2016-01-18;972181,1595933284;0,9991544762125015
2016-01-19;1011635,261405691;0,9991874519132007
2016-01-20;978994,3999364222;0,9991603605738222
2016-01-21;992700,7960412349;0,9991719536244233
2016-01-22;1012986,4879109706;0,999188535774165
2016-01-25;1034514,8776814784;0,9992054224507276
2016-01-26;1024939,3928906764;0,999197999118879
2016-01-27;1026548,3815762843;0,9991992561568975
2016-01-28;1029744,4666974391;0,9992017414778346
2016-01-29;1048968,7756306971;0,9992163710538479
2016-02-01;1050119,1755978907;0,9992172295151872
2016-02-02;1042665,4832913722;0,9992116337316556
2016-02-03;1044425,5105130519;0,9992129622573177
2016-02-04;1029594,0794064845;0,999201624880489
2016-02-05;1035138,0521390284;0,9992059008028008
2016-02-08;986884,4216019954;0,9991670733895468
2016-02-09;989008,0307328547;0,9991688618589023
2016-02-10;1020857,3334920253;0,9991947921915962
2016-02-11;997218,933608755;0,9991757052854789
2016-02-12;1009074,5428044642;0,9991853899178653
2016-02-15;1032363,2010075892;0,9992037663727342
2016-02-16;1020862,3954083766;0,9991947961841957
2016-02-17;1050916,532600149;0,9992178234229885
2016-02-18;1073375,5852277125;0,9992341894975936
2016-02-19;1091670,394912466;0,9992470233689356
2016-02-22;1108824,3480832423;0,9992586722165554
2016-02-23;1105204,5834996547;0,999256244220784
2016-02-24;1125685,4340321864;0,9992697761991558
2016-02-25;1155609,558723196;0,9992886851013052
2016-02-26;1144523,5453946437;0,9992817952068338
2016-02-29;1127153,3791539515;0,9992707272041265
2016-03-01;1147174,1322438563;0,9992834546446875
2016-03-02;1104183,1553418483;0,9992555562071227
2016-03-03;1095965,825858816;0,9992499745185487
2016-03-04;1127862,3229291285;0,9992711856052969
2016-03-07;1114600,557651266;0,9992625140095693
2016-03-08;1108697,419532522;0,9992585873460943
2016-03-09;1130524,7468221034;0,9992729019877675
2016-03-10;1140305,3802716578;0,9992791384567543
2016-03-11;1166579,354449972;0,9992953738697171
2016-03-14;1182783,6552426661;0,999305027345829
2016-03-15;1189099,8697278346;0,9993087188745702
2016-03-16;1190639,8916776027;0,9993096130056286
2016-03-17;1191131,511947378;0,9993098979516963
2016-03-18;1205531,6563603724;0,9993181412600348
2016-03-21;1204999,0519978846;0,9993178398814248
2016-03-22;1214920,091319784;0,9993234104019952
2016-03-23;1230344,8718488063;0,9993318927765686
2016-03-29;1226879,63975881;0,999330005756428
2016-03-30;1234811,926780447;0,9993343097208842
2016-03-31;1213794,2240903224;0,9993227828244033
2016-04-01;1207446,8496211166;0,9999892709686526
2016-04-04;1210204,932453453;0,9999892954203438
2016-04-05;1211828,1532862778;0,9999893097589252
2016-04-06;1235821,7420848007;0,9999895173109045
2016-04-07;1218549,4831660385;0,9999893687246363
2016-04-08;1218384,5124400253;0,9999893672851489
2016-04-11;1203211,1254313583;0,999989233198708
2016-04-12;1203661,3166812058;0,9999892372256878
2016-04-13;1216567,8574145432;0,9999893514077157
2016-04-14;1226849,2922518845;0,9999894406467187
2016-04-15;1210013,6139109726;0,9999892937278135
2016-04-18;1212537,3578341599;0,9999893160115718
2016-04-19;1208021,5976908798;0,9999892760732717
2016-04-20;1196548,5750773544;0,9999891732476478
2016-04-21;1144074,7616656418;0,9999886766708489
2016-04-22;1156327,361625969;0,9999887966543647
2016-04-25;1152497,5028956528;0,9999887594245824
2016-04-26;1155426,644676506;0,9999887879207568
2016-04-27;1171873,480148613;0,9999889452783776
2016-04-28;1171083,9323847885;0,9999889378252561
2016-04-29;1170049,5497515793;0,9999889280457375
2016-05-02;1169499,9014438551;0,9999918207857336
2016-05-03;1165401,8462375563;0,9999917920240908
2016-05-04;1185607,3948215407;0,9999919319073749
2016-05-06;1204765,0870784682;0,9999920602029548
2016-05-09;1228063,7700008315;0,9999922108358603
2016-05-10;1219796,712925331;0,9999921580455357
2016-05-11;1246668,087143318;0,9999923270753642
2016-05-12;1254113,3227886122;0,9999923726268555
2016-05-13;1266700,1415180129;0,9999924484177708
2016-05-18;1249273,2396320265;0,9999923430759781
2016-05-19;1237685,6382793349;0,9999922713894525
2016-05-20;1265986,747200386;0,9999924441623899
2016-05-23;1273850,5279621047;0,9999924908063634
2016-05-24;1303690,2281230849;0,9999926626816155
2016-05-25;1298637,2191890639;0,9999926341320446
2016-05-26;1312704,9566730422;0,9999927130691251
2016-05-27;1304053,6429180067;0,9999926647263857
2016-05-30;1324559,3124813002;0,9999927782846806
2016-05-31;1324382,9978145522;0,999992777323256
2016-06-01;1333550,1254933546;0,9999784504986133
2016-06-02;1341025,3848355482;0,9999785706217023
2016-06-03;1322306,301057167;0,9999782672590644
2016-06-06;1334569,8576405714;0,9999784669643826
2016-06-07;1335257,7024319838;0,9999784780569129
2016-06-08;1352502,4851124953;0,9999787524676703
2016-06-09;1346479,9893468092;0,9999786574323378
2016-06-10;1332827,044049568;0,9999784388076407
2016-06-13;1314022,9458707045;0,9999781302599252
2016-06-14;1286078,1308644484;0,9999776550587489
2016-06-15;1315844,0682652663;0,9999781605275492
2016-06-16;1271524,3146718214;0,9999773992994496
2016-06-17;1283637,784158058;0,9999776125783822
2016-06-20;1319567,4449742506;0,9999782221512149
2016-06-21;1355313,6606114577;0,9999787965390495
2016-06-22;1342826,9959843825;0,9999785993725443
2016-06-23;1346329,2368634413;0,9999786550425471
2016-06-24;1321364,7277730177;0,9999782517728266
2016-06-27;1275270,5124371718;0,9999774656906137
2016-06-28;1337289,170171089;0,9999785107507639
2016-06-29;1366426,037080116;0,9999789689749035
2016-06-30;1319388,183717079;0,9999782191923248
2016-07-01;1354017,924658205;0,9999673433510851
2016-07-04;1328287,1219543475;0,9999667107455465
2016-07-05;1317046,9019531268;0,9999664266413562
2016-07-06;1340237,9245361346;0,9999670075833696
2016-07-07;1352351,0986694354;0,9999673031004792
2016-07-08;1377419,0900024432;0,9999678981594556
2016-07-11;1408913,2043212908;0,9999686157473332
2016-07-12;1392203,3530944842;0,9999682390594077
2016-07-13;1405259,5187438983;0,9999685341480344
2016-07-14;1429660,0841735858;0,9999690711879841
2016-07-15;1387814,6342224139;0,999968138621038
2016-07-18;1376765,602026369;0,9999678829221729
2016-07-19;1386782,800665285;0,9999681149146291
2016-07-20;1394896,9621643084;0,9999683003912193
2016-07-21;1386865,019628908;0,9999681168049058
2016-07-22;1381338,0815795916;0,9999679892355248
2016-07-25;1360863,1257690447;0,999967507615459
2016-07-26;1364225,941931154;0,9999675877091683
2016-07-27;1369760,0882324236;0,99996771866229
2016-07-28;1373264,3388427752;0,9999678010367419
2016-07-29;1382249,0608886736;0,9999680103324059
2016-08-01;1367506,06670409;0,9894139599409439
2016-08-02;1375229,7801440314;0,9894734143979811
2016-08-03;1375548,3098719672;0,9894758519935376
2016-08-04;1377207,4164736823;0,9894885303186949
2016-08-05;1375849,8688395575;0,9894781586777766
2016-08-08;1344407,1897852973;0,9892320763284198
2016-08-09;1354095,3159373358;0,9893091174360124
2016-08-10;1334549,4224589423;0,9891525381079866
2016-08-11;1349425,013653095;0,9892721167484945
2016-08-12;1337417,3795664862;0,9891757993994185
2016-08-15;1255936,0926096991;0,988473558417251
2016-08-16;1248699,1557124213;0,9884067559933021
2016-08-17;1227771,398105915;0,9882091454276711
2016-08-18;1195837,9375117377;0,987894284376649
2016-08-19;1179614,4521220282;0,9877277919263453
2016-08-22;1214072,9643824652;0,9880761087448355
2016-08-23;1245704,5420344428;0,9883788863934868
2016-08-24;1237207,4892314032;0,9882990734140116
2016-08-25;1244312,5079882697;0,9883658856515584
2016-08-26;1239308,6141055182;0,9883189111748567
2016-08-29;1240138,58207732;0,9883267287927753
2016-08-30;1241599,5677340582;0,9883404646881832
2016-08-31;1238801,429683979;0,9883141287568382
2016-09-01;1243873,971530506;0,999962340032669
2016-09-02;1261106,9956775396;0,9999628546560345
2016-09-05;1264660,4380908697;0,9999629590270078
2016-09-06;1255149,4249263494;0,9999626783455409
2016-09-07;1252160,497020313;0,9999625892581318
2016-09-08;1248187,4265552252;0,9999624701770463
2016-09-09;1214135,719626972;0,9999614176138841
2016-09-12;1212563,934356281;0,9999613676014893
2016-09-13;1207405,869323322;0,9999612025630139
2016-09-14;1243337,3370052068;0,9999623237783203
2016-09-15;1242119,917144367;0,9999622868513055
2016-09-16;1270811,8351741522;0,9999631383247818
2016-09-19;1268738,9192653387;0,9999630780987165
2016-09-20;1311418,3875728338;0,9999642797038873
2016-09-21;1304426,4641605108;0,9999640882376901
2016-09-22;1330067,1229091375;0,9999647805345123
2016-09-23;1323374,0807834356;0,9999646024099974
2016-09-26;1298686,5395770757;0,9999639295151647
2016-09-27;1279112,4222903936;0,9999633775324863
2016-09-28;1310244,6422763555;0,9999642477048788
2016-09-29;1317647,505336353;0,9999644485699385
2016-09-30;1375056,9597774236;0,999965932863509
2016-10-03;1382039,919627735;0,9999661049927239
2016-10-04;1396469,8455043524;0,9999664552347604
2016-10-05;1391129,001243183;0,999966326449172
2016-10-06;1400777,9994807928;0,9999665584031524
2016-10-07;1384573,4821048467;0,9999661670155199
2016-10-10;1408725,080627033;0,9999667470581906
2016-10-11;1424276,8427081793;0,9999671101490054
2016-10-12;1423359,9651256292;0,9999670889625397
2016-10-13;1437303,810214588;0,9999674082453558
2016-10-14;1457264,858375141;0,9999678546745553
2016-10-17;1448536,7799068182;0,9999676609846698
2016-10-18;1464511,8190265386;0,9999680137418332
2016-10-19;1477164,3344760626;0,99996828771719
2016-10-20;1481982,7398029058;0,9999683908240808
2016-10-21;1490362,3937755316;0,9999685685486112
2016-10-24;1492327,802894184;0,999968609944115
2016-10-25;1526616,550159046;0,999969314984089
2016-10-26;1510450,4740329473;0,9999689865679564
2016-10-27;1522874,9833713262;0,9999692395937663
2016-10-28;1516331,5061107366;0,9999691068523322
2016-10-31;1490823,5762439459;0,9999685782718505
2016-11-01;1487469,865554554;0,9999787166638746
2016-11-02;1466999,1135480232;0,9999784196726279
2016-11-03;1485133,4585301704;0,9999786831810009
2016-11-04;1453226,7317616767;0,9999782151536074
2016-11-07;1480221,500232441;0,9999786124433945
2016-11-08;1479022,5584256477;0,9999785951059741
2016-11-09;1472166,2930142707;0,999978495417756
2016-11-10;1445238,0814626045;0,9999780947364099
2016-11-11;1474731,361167652;0,9999785328216659
2016-11-14;1508303,763473255;0,9999790106463355
2016-11-15;1540110,5500981635;0,9999794441242397
2016-11-16;1504051,3319890327;0,999978951302757
2016-11-17;1522598,657615406;0,9999792077045605
2016-11-18;1546201,8184163398;0,9999795251041954
2016-11-21;1546167,8160512275;0,9999795246539241
2016-11-22;1550731,1450803108;0,9999795849066259
2016-11-23;1537408,1762807197;0,9999794079922213
2016-11-24;1547130,1157338447;0,9999795373893876
2016-11-25;1561142,8561055488;0,9999797210607594
2016-11-28;1565286,1712033576;0,9999797747391452
2016-11-29;1570983,8555638618;0,9999798480926377
2016-11-30;1570751,67356847;0,9999798451138664
2016-12-01;1541330,3730435981;0,9744530821363417
2016-12-02;1541527,1377835884;0,9744563430148095
2016-12-05;1561563,607609333;0,9747840944492877
2016-12-06;1547129,4959455146;0,9745488399360894
2016-12-07;1534970,3237462654;0,9743472301504797
2016-12-08;1549905,5389524116;0,9745944256270476
2016-12-09;1559037,860306324;0,974743242968346
2016-12-12;1552559,0117116584;0,974637846198519
2016-12-13;1559992,569794239;0,9747587000070775
2016-12-14;1558562,0256353035;0,9747355319883045
2016-12-15;1556890,6138768806;0,9747084091265384
2016-12-16;1552615,0397191658;0,9746387614227743
2016-12-19;1575791,178223194;0,9750117648930452
2016-12-20;1575713,2057843818;0,9750105283776528
2016-12-21;1567938,6541600837;0,9748866192331997
2016-12-22;1560197,6728673591;0,9747620182200758
2016-12-23;1585521,1091581;0,9751651111969017
2016-12-27;1605934,722591938;0,9754807963941684
2016-12-28;1589879,0945211067;0,975233185607257
2016-12-29;1588989,574860157;0,9752193210931721
2016-12-30;1588536,0089193;0,9752122456023552
2017-01-02;1577830,8372430915;0,9864793832920966
2017-01-03;1556201,6998987312;0,9862914646721808
2017-01-04;1550853,7403192634;0,9862441921983678
2017-01-05;1483632,80380727;0,985620939409314
2017-01-06;1497426,7991113777;0,9857533964311751
2017-01-09;1457804,1805505867;0,9853661786233752
2017-01-10;1455299,1313295478;0,9853409889959982
2017-01-11;1491608,9906740303;0,9856978295829163
2017-01-12;1485447,6566743965;0,9856385070962145
2017-01-13;1467857,0324182624;0,9854664006717819
2017-01-16;1458271,2557458992;0,9853708657451646
2017-01-17;1468928,420125019;0,9854770009974628
2017-01-18;1513202,0167513008;0,985901918088852
2017-01-19;1531249,0950899238;0,9860680760245469
2017-01-20;1523436,5633287544;0,9859966299261845
2017-01-23;1501703,8520479316;0,9857939726590025
2017-01-24;1501107,7756395454;0,9857883315732042
2017-01-25;1481331,979725849;0,9855986056655428
2017-01-26;1472522,6800470466;0,9855124499816923
2017-01-27;1465461,702862751;0,9854426451823339
2017-01-30;1452585,0613947029;0,9853135994942761
2017-01-31;1448562,1144762153;0,9852728124206203
2017-02-01;1474408,1057728766;0,9893256033109419
2017-02-02;1449026,743418598;0,9891386290321655
2017-02-03;1462288,7415532111;0,9892371345307183
2017-02-06;1452682,171015644;0,9891659598247985
2017-02-07;1475404,4490727424;0,9893328117503822
2017-02-08;1506001,2664479255;0,9895495326908301
2017-02-09;1495981,4212903022;0,9894795371261979
2017-02-10;1479866,5888890265;0,9893649757885286
2017-02-13;1478538,0979794501;0,9893554200435617
2017-02-14;1470478,858351612;0,9892970803944607
2017-02-15;1423581,862433338;0,9889444945753378
2017-02-16;1434620,7801655768;0,9890295629199195
2017-02-17;1442025,0367993354;0,9890858919915047
2017-02-20;1457192,0413617133;0,98919949014553
2017-02-21;1471803,5771168708;0,9893067137169128
2017-02-22;1483337,1122654914;0,989389858264555
2017-02-23;1472699,5590619086;0,9893132194508107
2017-02-24;1461231,712687397;0,9892293488664865
2017-02-27;1462380,3317059516;0,9892378086183485
2017-02-28;1460214,1223744391;0,9892218430424502
2017-03-01;1465673,9429844855;0,9892619930388235
2017-03-02;1464630,031233692;0,9892543395485851
2017-03-03;1410696,7528561591;0,9888435151135652
2017-03-06;1406280,3108357429;0,9888084780243924
2017-03-07;1394878,4105786323;0,988716997206908
2017-03-08;1388901,947768116;0,9886684463018623
2017-03-09;1406993,2232159614;0,9888141486803972
2017-03-10;1403315,5452527045;0,9887848338487918
2017-03-13;1424269,165041828;0,9889498295765462
2017-03-14;1418021,3501652717;0,988901142425854
2017-03-15;1416809,1886471747;0,9888916467166549
2017-03-16;1419147,2412976264;0,9889099477879464
2017-03-17;1412615,0642270087;0,9888586654629833
2017-03-20;1410931,5280293464;0,9888453715223414
2017-03-21;1403773,3339871406;0,9887884912602802
2017-03-22;1380792,3599118232;0,988601894492241
2017-03-23;1363157,2197255134;0,9884544374083633
2017-03-24;1327076,486399555;0,9881405351056428
2017-03-27;1306887,3411587714;0,987957326919528
2017-03-28;1312417,6142643928;0,988008072406584
2017-03-29;1291451,607733631;0,987813390057873
2017-03-30;1296308,6592549323;0,9878590512450729
2017-03-31;1247977,551180744;0,9873888620931587
2017-04-03;1235203,3866108893;0,9872584408582582
2017-04-04;1229665,3273190497;0,9872010565371508
2017-04-05;1238193,7857998847;0,9872892133823662
2017-04-06;1259017,482306385;0,9874994452231503
2017-04-07;1279818,419718647;0,9877026172149934
2017-04-10;1263117,931689167;0,9875400256716049
2017-04-11;1259278,202555561;0,9875020333309644
2017-04-12;1252619,2009228705;0,9874355933623027
2017-04-13;1252619,2009228705;0,9874355933623027
2017-04-18;1295211,6155652045;0,9878487678666203
2017-04-19;1253575,3398846625;0,9874451766065927
2017-04-20;1266487,8231419562;0,9875731793744863
2017-04-21;1259089,6363095283;0,9875001615860227
2017-04-24;1269342,2317418098;0,9876011239451271
2017-04-25;1310724,756636524;0,9879925843142163
2017-04-26;1328465,2317036628;0,9881529327023493
2017-04-27;1359143,9602955817;0,9884203458483091
2017-04-28;1363744,7498234748;0,9884594114810563
2017-05-02;1393093,2612654306;0,7999033447700592
2017-05-03;1386357,0533682443;0,7989310897035266
2017-05-04;1379373,6815115549;0,7979131356942252
2017-05-05;1424319,3905340768;0,8042901726570902
2017-05-08;1439917,123104725;0,8064101763013002
2017-05-09;1444689,9161345102;0,8070497351096421
2017-05-10;1431082,0684630014;0,8052150130691198
2017-05-11;1410751,896240864;0,802407990557831
2017-05-12;1417315,2859503366;0,8033230116362758
2017-05-15;1416009,4898840524;0,8031416427686456
2017-05-16;1449895,1288725473;0,8077424384346031
2017-05-18;1418236,3129393198;0,8034507370461685
2017-05-19;1453213,469917927;0,808181449062452
2017-05-22;1431160,0167013742;0,8052256220481407
2017-05-23;1421337,158260975;0,8038795366866781
2017-05-24;1407210,1629530527;0,8019106816158756
2017-05-26;1370434,4704825021;0,7965949426940208
2017-05-29;1369220,1609121896;0,79641455044244
2017-05-30;1389456,8115202524;0,7993796570779418
2017-05-31;1392770,4971930124;0,7998569738773318
2017-06-01;1420854,1114497262;0,995461850485117
2017-06-02;1425513,9887232857;0,9954766852885323
2017-06-06;1431199,5815539437;0,9954946546381784
2017-06-07;1422611,4481425362;0,9954674564126318
2017-06-08;1420436,354331501;0,9954605157936628
2017-06-09;1399107,0823664742;0,9953913117317019
2017-06-12;1404022,1288638192;0,9954074453215257
2017-06-13;1377334,7541117745;0,9953184595267449
2017-06-14;1378517,5828929024;0,9953224764945954
2017-06-15;1367880,1696200448;0,9952861014145807
2017-06-16;1385958,5073580819;0,995347589150496
2017-06-19;1384877,410708912;0,995343957272511
2017-06-20;1436924,7252574044;0,9955126052998775
2017-06-21;1435519,5296931344;0,995508212697062
2017-06-22;1427801,9527010994;0,9954839336195075
2017-06-23;1416080,2322268563;0,9954465515089811
2017-06-26;1407001,1233553963;0,9954171689776495
2017-06-27;1368151,8921427804;0,9952870376208769
2017-06-28;1364374,5328517037;0,9952739894791807
2017-06-29;1342002,0111155587;0,995195202135923
2017-06-30;1357161,683856495;0,9952488723537549
2017-07-03;1344084,4704890328;0,9952026464569976
2017-07-04;1347974,8641085702;0,9952164921110311
2017-07-05;1341242,49024535;0,995192481267563
2017-07-06;1321246,749557026;0,9951197243067906
2017-07-07;1327650,8792224007;0,995143265072538
2017-07-10;1337792,7719187813;0,9951800842911218
2017-07-11;1308146,9431872445;0,9950708531406383
2017-07-12;1332265,7422785836;0,9951600884178206
2017-07-13;1338792,8994021493;0,995183684945241
2017-07-14;1326263,6289935189;0,9951381850066352
2017-07-17;1348216,0859751778;0,9952173479728725
2017-07-18;1333089,5856661873;0,9951630794614806
2017-07-19;1340258,912787922;0,9951889531678755
2017-07-20;1352176,9548411446;0,9952313575723137
2017-07-21;1321375,7168116646;0,995120200625335
2017-07-24;1330679,2894053536;0,9951543182133116
2017-07-25;1346369,405139454;0,9952107880853641
2017-07-26;1375613,5881457406;0,9953126019892791
2017-07-27;1363176,7319445687;0,9952698368116972
2017-07-28;1358901,7342524605;0,9952549560913305
2017-07-31;1353065,4010539132;0,9952344887456492
2017-08-01;1392743,032985218;0,995370252628172
2017-08-02;1392133,6773066598;0,9953682261253316
2017-08-03;1410793,0562014657;0,9954294867214925
2017-08-04;1438248,8001780587;0,995516736467434
2017-08-07;1426242,2390513497;0,9954789949280398
2017-08-08;1424185,0650782662;0,9954724645309767
2017-08-09;1442925,536212452;0,9955312673906094
2017-08-10;1428382,2184977608;0,9954857682256949
2017-08-11;1423069,9655757027;0,9954689168118404
2017-08-14;1444384,289626606;0,9955357805793762
2017-08-15;1440908,1605868416;0,9955250108417951
2017-08-16;1474627,5953822213;0,9956273377652859
2017-08-17;1466100,8107371407;0,9956019065337307
2017-08-18;1479443,153285511;0,99564157069349
2017-08-21;1509513,8792986947;0,9957283940975814
2017-08-22;1501215,4334368783;0,9957047814371099
2017-08-23;1494810,327655323;0,9956863768751791
2017-08-24;1491511,9362444954;0,9956768375499356
2017-08-25;1495095,8986849862;0,9956872007994494
2017-08-28;1500723,5027728158;0,9957033734830691
2017-08-29;1481627,1851763802;0,9956479953519296
2017-08-30;1490141,4187693673;0,9956728614375941
2017-08-31;1518091,774493702;0,9957525305749413
2017-09-01;1525473,4434419747;0,9999923485777001
2017-09-04;1520044,7043863412;0,9999923212511518
2017-09-05;1557311,7709756966;0,99999250500655
2017-09-06;1544765,9623247262;0,9999924441360001
2017-09-07;1536775,0376917;0,9999924048470097
2017-09-08;1524653,2505403634;0,9999923444615889
2017-09-11;1548083,562239277;0,9999924603284941
2017-09-12;1561693,2948785897;0,9999925260346821
2017-09-13;1563725,9582887765;0,9999925357499752
2017-09-14;1535436,4146982308;0,9999923982254092
2017-09-15;1528304,8291307564;0,9999923627529662
2017-09-18;1540053,2546754952;0,9999924210143464
2017-09-19;1553619,6577097054;0,9999924871950061
2017-09-20;1537533,2653146859;0,9999924085925253
2017-09-21;1504063,2662874337;0,9999922396605351
2017-09-22;1529692,2323442574;0,9999923696798112
2017-09-25;1529454,745619404;0,99999236849501
2017-09-26;1500327,1059557076;0,9999922203355011
2017-09-27;1488445,5299516793;0,9999921582340179
2017-09-28;1515377,2671571847;0,999992297600224
2017-09-29;1526246,0105844613;0,9999923524507569
2017-10-02;1530748,0192857857;0,9999923749425927
2017-10-03;1560031,6063562508;0,999992518073688
2017-10-04;1571755,3902727242;0,9999925738816643
2017-10-05;1569869,4684053536;0,99999256496049
2017-10-06;1543684,799322712;0,9999924388440385
2017-10-09;1555950,514921772;0,9999924984493973
2017-10-10;1598394,1620851632;0,9999926976450491
2017-10-11;1597039,7054887887;0,9999926914518888
2017-10-12;1615201,6433397408;0,9999927736319665
2017-10-13;1623487,2723680611;0,9999928105124557
2017-10-16;1604455,226214039;0,9999927252307622
2017-10-17;1606583,4614778634;0,9999927348676225
2017-10-18;1624616,3951288338;0,9999928155092132
2017-10-19;1616501,1110139962;0,9999927794410759
2017-10-20;1611448,821398365;0,9999927568028423
2017-10-23;1612055,1922136422;0,999992759527354
2017-10-24;1563816,0330263253;0,9999925361799108
2017-10-25;1559272,8116251107;0,9999925144327304
2017-10-26;1541144,6818033333;0,9999924263817273
2017-10-27;1525767,974802601;0,9999923500547162
2017-10-30;1535037,096640217;0,9999923962479157
2017-10-31;1527846,5668359871;0,9999923604622504
2017-11-01;1533995,157166916;0,9797903319513392
2017-11-02;1475090,0619520722;0,9789832948412855
2017-11-03;1487082,4816221772;0,9791527818411399
2017-11-06;1510247,214349228;0,9794725442165736
2017-11-07;1481572,2377943574;0,9790752471437039
2017-11-08;1528869,7373976288;0,9797225805729101
2017-11-09;1470586,5624098359;0,9789189336370688
2017-11-10;1480635,6887144623;0,9790620115732094
2017-11-13;1500688,0555357514;0,9793417873886329
2017-11-14;1482962,8610548554;0,97909486897565
2017-11-15;1518991,2011351166;0,9795907093527404
2017-11-16;1509358,9397749482;0,9794604635798433
2017-11-17;1454462,1411299286;0,9786852252541187
2017-11-20;1473085,064423996;0,9789546892685937
2017-11-21;1498816,9491285859;0,979315997905801
2017-11-22;1481444,932404953;0,9790734490115206
2017-11-23;1466673,1631712494;0,9788626848209556
2017-11-24;1416300,5386976777;0,9781109079128761
2017-11-27;1412993,7797407685;0,9780596819610315
2017-11-28;1414207,6881422577;0,9780785147934522
2017-11-29;1388122,9755568085;0,9776665803675203
2017-11-30;1411618,7956404267;0,9780383110437887
2017-12-01;1418151,3601377413;0,7844624152918992
2017-12-04;1421057,9208219454;0,784903265070435
2017-12-05;1412688,8027646944;0,7836289787840061
2017-12-06;1429807,7515256808;0,7862195679185289
2017-12-07;1413449,6399839327;0,7837454478264458
2017-12-08;1394040,374633591;0,7807345293030429
2017-12-11;1407187,9240796969;0,7827831566174773
2017-12-12;1423341,0252225802;0,7852482901159985
2017-12-13;1442291,803489487;0,7880699882124618
2017-12-14;1382016,4102323458;0,7788268528134134
2017-12-15;1386847,3804700777;0,7795972915123578
2017-12-18;1401308,6689222262;0,781871813331684
2017-12-19;1387849,5535047457;0,7797564453995037
2017-12-20;1372168,260444443;0,7772394773104631
2017-12-21;1370293,818343918;0,7769347603975831
2017-12-22;1383498,8980482027;0,7790638508308034
2017-12-27;1405825,5979612276;0,782572660963151
2017-12-28;1421446,5555494234;0,7849620742185063
2017-12-29;1421691,5474241183;0,7849991304594772
2018-01-02;1399606,898788254;0,7816065931232304
2018-01-03;1375210,383666794;0,7777322491562442
2018-01-04;1391220,64430217;0,780290121364669
2018-01-05;1421816,11154155;0,7850179665053935
2018-01-08;1386616,138267319;0,7795605355520036
2018-01-09;1391305,578979294;0,7803035339376398
2018-01-10;1392899,004974167;0,7805548587348832
2018-01-11;1379318,0370023653;0,7783941696442322
2018-01-12;1358987,730972092;0,7750789709514501
2018-01-15;1351867,8047559664;0,773894372039007
2018-01-16;1362601,5824888155;0,7756754998359136
2018-01-17;1333078,0587003634;0,770707411378
2018-01-18;1317268,7328641817;0,7679555345931736
2018-01-19;1322076,9780424044;0,7687994541988062
2018-01-22;1343016,1377485201;0,7724041354953305
2018-01-23;1349466,5779188082;0,7734920420289302
2018-01-24;1322739,8788373873;0,7689153220486111
2018-01-25;1325451,1903303072;0,769388023380609
2018-01-26;1325245,8381193087;0,7693522891206556
2018-01-29;1301344,233505051;0,7651160153902427
2018-01-30;1315398,7112806246;0,7676256512240213
2018-01-31;1322032,7875211642;0,7687917260450672
2018-02-01;1345555,2164152071;0,7728336115934794
2018-02-02;1374122,539665024;0,7775562876735068
2018-02-05;1364773,254409592;0,776032452330824
2018-02-06;1341607,6658933565;0,7721651965136477
2018-02-07;1369438,8374326632;0,7767954942130618
2018-02-08;1413231,7813337252;0,7837121108144567
2018-02-09;1410609,7294538424;0,783310073273815
2018-02-12;1407207,4515455172;0,7827861708812804
2018-02-13;1441010,3210599825;0,787881520036751
2018-02-14;1430492,8094785616;0,7863219466122191
2018-02-15;1445517,2857053683;0,7885428822351013
2018-02-16;1476975,6795270846;0,7930467487369405
2018-02-19;1472290,2932889864;0,7923881449820849
2018-02-20;1468284,696128647;0,7918217633674667
2018-02-21;1486766,302581589;0,7944095730553976
2018-02-22;1527947,9376523898;0,7999506976761037
2018-02-23;1546704,2964094088;0,8023766277599529
2018-02-26;1539620,0260999606;0,8014673011958138
2018-02-27;1519003,1894300387;0,7987726944607084
2018-02-28;1530899,473663132;0,8003363877425586
2018-03-01;1524830,067283684;0,9999582668289559
2018-03-02;1502806,6142502367;0,9999576552342746
2018-03-05;1513343,081886345;0,9999579500545694
2018-03-06;1531091,6564255296;0,9999584375019327
2018-03-07;1557482,0586929857;0,9999591417482752
2018-03-08;1583826,737922722;0,9999598213665123
2018-03-09;1581062,535240227;0,9999597511214182
2018-03-12;1605530,1174851;0,9999603644968612
2018-03-13;1585854,5214005052;0,9999598727416971
2018-03-14;1569702,8561630785;0,9999594598469632
2018-03-15;1553967,6447678148;0,9999590493442864
2018-03-16;1533129,1282425462;0,9999584927369529
2018-03-19;1537623,6326447069;0,9999586140635068
2018-03-20;1562033,3699646532;0,9999592607973461
2018-03-21;1559791,8780594408;0,9999592022532582
2018-03-22;1553247,8382187425;0,999959030366922
2018-03-23;1573784,038665825;0,9999595649768662
2018-03-26;1605203,100448662;0,9999603564221915
2018-03-27;1628658,4053955614;0,9999609273535812
2018-03-28;1630952,8375931322;0,9999609823211657
2018-04-03;1682431,4540558397;0,9999621761743352
2018-04-04;1646468,344589287;0,9999613500045597
2018-04-05;1665546,66385656;0,9999617927282424
2018-04-06;1706211,1300125658;0,9999627033296807
2018-04-09;1714245,3290558397;0,9999628781289747
2018-04-10;1769304,6616211473;0,9999640333316294
2018-04-11;1798719,7700272142;0,9999646215074346
2018-04-12;1795059,3735123216;0,9999645493653581
2018-04-13;1813649,6564255296;0,9999649127416722
2018-04-16;1810411,812065178;0,9999648499896062
2018-04-17;1803736,823646599;0,9999647199119202
2018-04-18;1832067,2898026048;0,9999652654712164
2018-04-19;1807939,2006073534;0,9999648019170171
2018-04-20;1806204,1067810594;0,999964768104683
2018-04-23;1851343,1201096117;0,9999656271204835
2018-04-24;1855130,6298142015;0,9999656972975443
2018-04-25;1874351,4342728197;0,9999660490595054
2018-04-26;1922079,2162705003;0,9999668921064895
2018-04-27;1950661,2139359056;0,9999673772187828
2018-04-30;1883121,3801270067;0,999966207173535
2018-05-02;1897903,3475414203;0,9999597517729824
2018-05-03;1921730,0849834369;0,9999602507941223
2018-05-04;1932834,955016701;0,9999604791683888
2018-05-07;1950612,780784218;0,9999608393600504
2018-05-08;1943114,984176247;0,9999606882529282
2018-05-09;1890460,5014491961;0,9999595933135176
2018-05-11;1866359,3492351458;0,9999590715234873
2018-05-14;1869375,2292781756;0,9999591375537704
2018-05-15;1875950,5192333148;0,9999592807784607
2018-05-16;1873070,920188515;0,999959218178038
2018-05-18;1913606,7891689227;0,9999600820580165
2018-05-22;1820296,549499123;0,9999580358239923
2018-05-23;1824550,12652549;0,9999581336551521
2018-05-24;1851460,020415871;0,9999587421581092
2018-05-25;1795186,0442729876;0,9999574488421225
2018-05-28;1823559,3632121966;0,9999581109086272
2018-05-29;1808863,2209621356;0,9999577705799398
2018-05-30;1809486,8746410296;0,9999577851346368
2018-05-31;1815249,0580593036;0,9999579191381754
2018-06-01;1764717,937842934;0,999956714190324
2018-06-04;1801275,0720745013;0,9999575926819987
2018-06-05;1774121,078605263;0,9999569436124115
2018-06-06;1764520,6977764056;0,9999567093517885
2018-06-07;1784479,476035683;0,9999571935425343
2018-06-08;1823629,7335353778;0,9999581125250457
2018-06-11;1820511,1302257464;0,9999580407702424
2018-06-12;1846044,319419472;0,9999586211208551
2018-06-13;1869479,7949291156;0,9999591398393304
2018-06-14;1837653,8925701068;0,9999584321916667
2018-06-15;1838996,2293315814;0,9999584625332173
2018-06-18;1814047,7102809832;0,999957891270248
2018-06-19;1827388,9176784442;0,9999581986932008
2018-06-20;1798264,3076167987;0,9999575216810644
2018-06-21;1806833,2803874896;0,9999577231360421
2018-06-22;1827089,714240639;0,9999581918478365
2018-06-25;1798043,337401955;0,999957516460699
2018-06-26;1800972,3848644183;0,999957585554653
2018-06-27;1810232,349296181;0,9999578025192075
2018-06-28;1798344,6414180682;0,9999575235786122
2018-06-29;1799173,8023525164;0,9999575431541469
2018-07-02;1814087,043914406;0,9999578921832634
2018-07-03;1809483,862853615;0,9999577850643725
2018-07-04;1821255,8536220477;0,9999580579276451
2018-07-05;1832427,6142497943;0,9999583136358592
2018-07-06;1863043,404098122;0,9999589986767773
2018-07-09;1874440,7506786273;0,9999592479811582
2018-07-10;1864771,5025630877;0,999959036673027
2018-07-11;1848871,430884926;0,9999586843933476
2018-07-12;1876110,359489052;0,999959284247644
2018-07-13;1873999,1588817523;0,9999592383782953
2018-07-16;1867024,4807048724;0,9999590861043447
2018-07-17;1897467,3655925677;0,9999597425251288
2018-07-18;1899085,84111747;0,9999597768341296
2018-07-19;1912662,185988991;0,9999600623438112
2018-07-20;1930455,5123668597;0,9999604304557654
2018-07-23;1922402,1041637347;0,9999602646893572
2018-07-24;1922009,6739345477;0,9999602565763194
2018-07-25;1961391,0447765277;0,9999610545561566
2018-07-26;1963238,9107738421;0,9999610912129083
2018-07-27;1968396,8162532733;0,9999611931678822
2018-07-30;1992682,2981716082;0,9999616661196521
2018-07-31;2100479,0654674456;0,9999636334177069
2018-08-01;2117075,769492714;0,9999639185116139
2018-08-02;2157873,475364296;0,9999646006841173
2018-08-03;2061420,1577907489;0,999962944359256
2018-08-06;2101454,895652382;0,9999636503048686
2018-08-07;2097473,8872447894;0,9999635813130957
2018-08-08;2139175,2641216205;0,9999642912639882
2018-08-09;2125883,459655373;0,9999640679998508
2018-08-10;2049289,2129283831;0,9999627250051835
2018-08-13;2017290,618247597;0,9999621337431015
2018-08-14;2041095,1216045306;0,9999625753626175
2018-08-15;1991269,5928722308;0,9999616389236983
2018-08-16;2044900,2691875384;0,9999626450023307
2018-08-17;2070558,3577953265;0,9999631079005806
2018-08-20;2090154,504058449;0,9999634537807416
2018-08-21;2041607,3893352435;0,9999625847529802
2018-08-22;2000582,7824550555;0,9999618175036498
2018-08-23;1994551,7388530658;0,999961702048986
2018-08-24;1994158,0442272113;0,9999616944880519
2018-08-27;1983397,202193825;0,9999614866630321
2018-08-28;1984252,2572933123;0,9999615032592208
2018-08-29;1993915,1487346576;0,9999616898217369
2018-08-30;2010457,1194683001;0,9999620050365413
2018-08-31;2035749,5741268084;0,9999624770916029
2018-09-03;2048640,0193841706;0,9926305977265174
2018-09-04;2059464,1033075105;0,9926693296609779
2018-09-05;2091971,4164788972;0,9927832415407434
2018-09-06;2080969,0641839753;0,992745085606394
2018-09-07;2044900,685659195;0,9926171219354203
2018-09-10;2063869,082219864;0,9926849757349149
2018-09-11;2075430,4199579011;0,9927257246153771
2018-09-12;2094629,0439203035;0,9927923980333333
2018-09-13;2100301,344457413;0,9928118636612606
2018-09-14;2124184,9950158847;0,9928926847464693
2018-09-17;2119352,3071191562;0,9928764781741648
2018-09-18;2131574,998266007;0,9929173252507283
2018-09-19;2092068,9028680574;0,9927835778278143
2018-09-20;2124165,4474237217;0,9928926193415357
2018-09-21;2092275,9318139802;0,9927842918867265
2018-09-24;2145207,079473282;0,9929623333053216
2018-09-25;2171374,4459741367;0,9930471446578969
2018-09-26;2139001,295415665;0,9929419152532755
2018-09-27;2130095,043096329;0,9929124043242447
2018-09-28;2120655,4830224765;0,9928808556895437
2018-10-01;2210050,8870187304;0,999936193558572
2018-10-02;2288280,181665947;0,9999383749054834
2018-10-03;2305521,1186318896;0,9999388357446237
2018-10-04;2268377,769861748;0,9999378342159982
2018-10-05;2246495,9698434374;0,999937228695547
2018-10-08;2251448,1508431933;0,9999373667643988
2018-10-09;2219123,580973198;0,999936454425664
2018-10-10;2191746,13437896;0,9999356606678741
2018-10-11;2167549,8848825;0,9999349424511708
2018-10-12;2228852,6410012743;0,9999367318054674
2018-10-15;2247199,1408334277;0,9999372483373132
2018-10-16;2307543,455347588;0,9999388893491263
2018-10-17;2304560,778193047;0,9999388102566832
2018-10-18;2283082,0500741503;0,9999382345971881
2018-10-19;2340693,424311211;0,9999397548260652
2018-10-22;2307367,250849297;0,9999388846823479
2018-10-23;2294121,5088143847;0,9999385318162383
2018-10-24;2228630,573450615;0,9999367255012314
2018-10-25;2253821,924646904;0,9999374327310718
2018-10-26;2228659,7483315966;0,9999367263295436
2018-10-29;2290696,433634331;0,9999384399083157
2018-10-30;2252015,32628875;0,999937382538729
2018-10-31;2317669,1867013476;0,9999391563372009
2018-11-01;2317608,5594735336;0,9999990056695979
2018-11-02;2340684,00243618;0,9999990154721233
2018-11-05;2348807,2832436753;0,999999018877084
2018-11-06;2295437,8981881333;0,9999989960657822
2018-11-07;2276943,9412942124;0,999998987911556
2018-11-08;2312244,2316384506;0,9999990033627852
2018-11-09;2419885,1310372544;0,9999990476950243
2018-11-12;2363510,1193185044;0,999999024980417
2018-11-13;2372854,622370262;0,999999028820127
2018-11-14;2343957,0487923813;0,9999990168468949
2018-11-15;2296427,019526024;0,9999989964981986
2018-11-16;2274093,852625389;0,9999989866431203
2018-11-19;2310303,592875023;0,999999002525617
2018-11-20;2238478,869547386;0,9999989705202572
2018-11-21;2271609,5105996323;0,9999989855348641
2018-11-22;2216267,2128243637;0,999998960202706
2018-11-23;2205556,3241830063;0,9999989551531169
2018-11-26;2188483,1337838364;0,9999989470018684
2018-11-27;2201112,180841942;0,9999989530435246
2018-11-28;2186958,130472679;0,9999989462675948
2018-11-29;2247320,6554818344;0,9999989745706092
2018-11-30;2247104,319208641;0,9999989744718876
2018-12-03;2250840,5460457993;0,9999989761741875
2018-12-04;2270657,712961693;0,999998985109628
2018-12-05;2228270,240580101;0,9999989658037841
2018-12-06;2153841,028208275;0,9999989300655802
2018-12-07;2168047,626581688;0,9999989370765556
2018-12-10;2111012,6925149155;0,9999989083586949
2018-12-11;2118323,3689522934;0,9999989121261255
2018-12-12;2174472,992243309;0,9999989402173957
2018-12-13;2153868,968729515;0,9999989300794596
2018-12-14;2075144,0206551743;0,9999988894897762
2018-12-17;2095989,9559884262;0,9999989005344972
2018-12-18;2106823,8679146958;0,9999989061882743
2018-12-19;2215345,9524331284;0,9999989597703021
2018-12-20;2105979,873697777;0,9999989057499173
2018-12-21;2132238,095041771;0,9999989192254579
2018-12-27;2023985,7945809555;0,9999988614205411
2018-12-28;2019536,1924233628;0,9999988589119326
2019-01-02;2031619,6993723602;0,863303789514784
2019-01-03;1998865,4201822968;0,8610638258847924
2019-01-04;2033603,2162333222;0,8634371189844479
2019-01-07;1989663,3526163788;0,8604212548388528
2019-01-08;1979274,7887736054;0,8596886518099933
2019-01-09;2019787,534821579;0,8625030062501857
2019-01-10;2053302,4288340302;0,864747291898439
2019-01-11;2047509,0148020477;0,8643645952014699
2019-01-14;2048262,2545634003;0,8644144745466141
2019-01-15;2059478,5865030976;0,8651529004130786
2019-01-16;2043723,9618693085;0,8641133933775962
2019-01-17;2044894,6006174774;0,8641911842461433
2019-01-18;2100339,1391001437;0,8677762515198865
2019-01-21;2138698,946671555;0,8701478230568536
2019-01-22;2121323,657731125;0,8690842328377429
2019-01-23;2106200,3538675997;0,8681442088159609
2019-01-24;2099030,687104294;0,8676938285097512
2019-01-25;2079956,8247385712;0,866480539043775
2019-01-28;2048963,1038218231;0,8644608516701405
2019-01-29;2087836,3795634003;0,8669844453474894
2019-01-30;2103855,7403116915;0,8679972639140308
2019-01-31;2071804,6783152313;0,8659551660646168
2019-02-01;2052903,3318553925;0,9999793341932716
2019-02-04;2041534,6361003877;0,9999792191115752
2019-02-05;2074423,312369919;0,9999795485794846
2019-02-06;2088017,1715465547;0,9999796817267279
2019-02-07;2137497,1038585664;0,999980152065043
2019-02-08;2077184,3963695527;0,9999795757644038
2019-02-11;2109245,014396286;0,9999798862136932
2019-02-12;2058111,6233135224;0,9999793864905053
2019-02-13;2128624,4547039033;0,9999800693337924
2019-02-14;2127549,48851738;0,9999800592636189
2019-02-15;2153816,686576462;0,9999803024538938
2019-02-18;2181768,058082199;0,999980554805846
2019-02-19;2139335,141852951;0,999980169117658
2019-02-20;2089996,892005539;0,9999797009729294
2019-02-21;2096815,0658184052;0,999979766978891
2019-02-22;2110144,1731639863;0,9999798947844286
2019-02-25;2151438,2554546357;0,9999802806781088
2019-02-26;2112575,500022507;0,9999799179231759
2019-02-27;2101144,3211589814;0,9999798086675622
2019-02-28;2057337,8674388886;0,9999793787378536
2019-03-01;2096486,4742198945;0,9999797638076802
2019-03-04;2133648,7315898896;0,9999801162661595
2019-03-05;2166816,877265549;0,9999804206327109
2019-03-06;2188089,490241623;0,9999806109833819
2019-03-07;2152217,9690929414;0,9999802878220991
2019-03-08;2189032,0846172334;0,9999806193322672
2019-03-11;2176115,989432907;0,9999805043004627
2019-03-12;2163845,233298874;0,9999803937440463
2019-03-13;2162442,2702251435;0,9999803810237746
2019-03-14;2175386,325614548;0,9999804977612534
2019-03-15;2058372,4186779023;0,9999793891022327
2019-03-18;2038957,1583400727;0,9999791928421278
2019-03-19;2055197,1709896089;0,999979357258716
2019-03-20;2028056,113715744;0,999979081001161
2019-03-21;2040746,3794322968;0,9999792110847698
2019-03-22;2026537,0466838838;0,9999790653205389
2019-03-25;2016508,5177913667;0,9999789612078928
2019-03-26;1995364,9445186616;0,9999787382736152
2019-03-27;1992454,348495102;0,9999787072142856
2019-03-28;2046455,997977829;0,9999792690859075
2019-03-29;2004344,5104976655;0,9999788335272374
2019-04-01;2021493,3410411836;0,9999790130876878
2019-04-02;2020481,0526348115;0,9999790025729601
2019-04-03;1997489,731673813;0,9999787608903237
2019-04-04;2035553,9432598115;0,9999791580549222
2019-04-05;2004751,1744457246;0,9999788378208583
2019-04-08;2004130,0858531953;0,9999788312626073
2019-04-09;1988655,3435512544;0,9999786665378564
2019-04-10;1990151,356772995;0,9999786825743963
2019-04-11;1988749,9524456025;0,9999786675527328
2019-04-12;1976858,1379085542;0,9999785392271329
2019-04-15;2028347,6035076142;0,9999790840073887
2019-04-16;2013952,734496689;0,9999789345088583
2019-04-17;2013952,734496689;0,9999789345088583
2019-04-23;1972102,163489914;0,999978487471758
2019-04-24;2009454,6191326142;0,999978887354268
2019-04-25;1947532,2153774262;0,9999782160710086
2019-04-26;1928514,4058605195;0,9999780012514506
2019-04-29;1959082,0044322968;0,9999783444983965
2019-04-30;1954911,0957027436;0,9999782982952107
2019-05-02;1952866,8809649202;0,8089181071582933
2019-05-03;1975074,4536577913;0,8110666160500541
2019-05-06;1956389,1821047517;0,8092621327617437
2019-05-07;1966181,418959305;0,8102120707253107
2019-05-08;1970577,1687380525;0,8106354290496397
2019-05-09;1952555,4578539582;0,808887630524568
2019-05-10;1999188,833273575;0,8133455460174667
2019-05-13;1985638,119070694;0,8120717483721053
2019-05-14;1949616,510389969;0,8085995383738227
2019-05-15;1984905,744612381;0,8120024081266749
2019-05-16;2002950,2924792024;0,8136960754923319
2019-05-20;2007000,2232729646;0,8140720186497432
2019-05-21;2000673,4250246736;0,8134840522120421
2019-05-22;1984218,9704348298;0,8119373387500263
2019-05-23;2037330,4272906038;0,8168399710306639
2019-05-24;2046832,7286669465;0,817690280765793
2019-05-27;2100918,707464859;0,8223836558945494
2019-05-28;2075090,376379654;0,8201728925495316
2019-05-29;2020966,8978869172;0,8153569459881688
2019-05-31;1999808,7589327546;0,8134034074929238
2019-06-03;2052759,0682118493;0,9999522864710899
2019-06-04;1996999,3720143395;0,9999509542263662
2019-06-05;1973664,2291005212;0,9999503743454927
2019-06-06;1980512,5125401574;0,9999505459427666
2019-06-07;1975137,8527272302;0,9999504113705221
2019-06-11;1998454,7937214929;0,9999509899451043
2019-06-12;1966703,8569920617;0,9999501987150742
2019-06-13;1920890,5546467858;0,9999490109528053
2019-06-14;1934932,3811848718;0,9999493809809071
2019-06-17;1910712,0031254846;0,9999487393291158
2019-06-18;1922317,8621113854;0,9999490488118136
2019-06-19;1926622,5961201745;0,9999491626541992
2019-06-20;1897459,2996876794;0,9999483813016897
2019-06-21;1903563,5319569665;0,9999485468294058
2019-06-24;1918139,4606144982;0,9999489378216977
2019-06-25;1914909,9994328576;0,9999488517062548
2019-06-26;1932157,286839779;0,9999493082784648
2019-06-27;1928579,7117665368;0,9999492142437519
2019-06-28;1916743,6400349694;0,9999489006369444
2019-07-01;1925823,3951804773;0,8144003553110589
2019-07-02;1984754,8356788293;0,8199111893046996
2019-07-03;2021622,4458701746;0,823195404953423
2019-07-04;2067493,52493359;0,8271181343164653
2019-07-05;2079296,8621986047;0,8280995155731609
2019-07-08;2091238,582306637;0,8290811288088904
2019-07-09;2105959,7853248254;0,8302758958789823
2019-07-10;2091454,9835822717;0,8290988136560643
2019-07-11;2086005,9355018274;0,8286523869390814
2019-07-12;2097472,352783932;0,8295891064286333
2019-07-15;2125593,674027218;0,8318436198570612
2019-07-16;2107378,974091305;0,8303901945148379
2019-07-17;2105697,8870093958;0,8302547862709843
2019-07-18;2107975,335190548;0,8304381783258213
2019-07-19;2109908,6154792444;0,8305935454944053
2019-07-22;2113076,000351681;0,83084747646575
2019-07-23;2115242,663101925;0,8310207409702177
2019-07-24;2114083,957230343;0,8309281253203312
2019-07-25;2105480,204911007;0,8302372365955089
2019-07-26;2079458,186463131;0,8281128516043456
2019-07-29;2060820,868119015;0,8265583664215377
2019-07-30;2030481,8989493982;0,8239668435044472
2019-07-31;2039824,2954566614;0,824773075467695
2019-08-01;2054928,4565971033;0,8260610306253469
2019-08-02;2052638,7175300256;0,8258669999612739
2019-08-05;2009379,1873405115;0,8221181247765279
2019-08-06;2038178,1062934534;0,8246315487466608
2019-08-07;2039566,0201423303;0,824750886046727
2019-08-08;2087725,2116096155;0,8287934945214509
2019-08-09;2073415,9083411829;0,8276119439224777
2019-08-12;2069791,5138175623;0,8273100766463709
2019-08-13;2135628,7941291467;0,8326337709709996
2019-08-14;2119210,773148312;0,8313371456921468
2019-08-15;2099518,040459408;0,8297551480905899
2019-08-16;2146026,407105221;0,8334446693219923
2019-08-19;2116008,2583472864;0,8310818795393927
2019-08-20;2129369,703324093;0,8321418129875848
2019-08-21;2083346,6505592004;0,8284336705160388
2019-08-22;2066656,1224830286;0,8270480831374587
2019-08-23;2083787,3052680627;0,8284699513354766
2019-08-26;2079006,679848446;0,828075522150221
2019-08-27;2082093,8870399133;0,8283304417231139
2019-08-28;2062645,8514564172;0,8267118237351473
2019-08-29;2088674,1580970422;0,8288712787039998
2019-08-30;2053071,7065284387;0,8259037242866044
2019-09-02;2049423,0310715751;0,9999916689816271
2019-09-03;2028442,5038270073;0,9999915828124812
2019-09-04;2033312,1375321464;0,9999916029710291
2019-09-05;2052865,719670208;0,999991682952878
2019-09-06;2025132,9601410942;0,9999915690568166
2019-09-09;1953711,0621689872;0,9999912608464699
2019-09-10;1907736,2560166435;0,9999910502403716
2019-09-11;1949112,8275345878;0,9999912402295627
2019-09-12;1925173,6735276298;0,9999911313035491
2019-09-13;1901034,6532792167;0,9999910186903241
2019-09-16;1923303,7371872978;0,9999911226809393
2019-09-17;1950763,4463471489;0,999991247641554
2019-09-18;1903951,4768418388;0,9999910324495486
2019-09-19;1888182,3190049247;0,9999909575570357
2019-09-20;1939757,901371868;0,9999911979835661
2019-09-23;1954862,4095048027;0,9999912659935335
2019-09-24;1940898,6757020073;0,9999912031570017
2019-09-25;1925603,6270188408;0,9999911332837734
2019-09-26;1916623,5010270195;0,9999910917397619
2019-09-27;1929759,7807053642;0,9999911523801582
2019-09-30;1937107,0784043388;0,9999911859384977
2019-10-01;1921662,3700233498;0,8041448106510176
2019-10-02;1903794,5393043556;0,8023066357343047
2019-10-03;1909557,5423255959;0,8029032699965825
2019-10-04;1944321,9667259254;0,806427354220809
2019-10-07;1992757,9746681252;0,8111323341167821
2019-10-08;1968354,70041428;0,8087907899594908
2019-10-09;1959215,9667259254;0,8078988974478956
2019-10-10;1961325,2492500343;0,8081054901579166
2019-10-11;1958087,6550575295;0,8077882027530174
2019-10-14;1952837,4959999123;0,8072714457210758
2019-10-15;1977868,1898628273;0,8097105007933618
2019-10-16;2042224,3454414406;0,8157070508997467
2019-10-17;2075959,2412086525;0,8187018608676483
2019-10-18;2083639,2890754738;0,8193701043558578
2019-10-21;2105323,8215995827;0,8212305662984515
2019-10-22;2082211,0148216286;0,8192462028744101
2019-10-23;2070671,340421299;0,8182388774120176
2019-10-24;2091290,1898628273;0,8200309315416315
2019-10-25;2070991,031034092;0,8182669351504585
2019-10-28;2094300,08498917;0,8202895802548354
2019-10-29;2076244,5448356667;0,818726773644322
2019-10-30;2086955,0123115578;0,8196570864606878
2019-10-31;2045594,090421299;0,8160106400834278
2019-11-01;2042960,354255684;0,9999790780166089
2019-11-04;2013751,7913818436;0,9999787745526617
2019-11-05;2043635,1300430375;0,9999790849247148
2019-11-06;2076014,640319832;0,9999794111362366
2019-11-07;2101929,6966476515;0,9999796649799142
2019-11-08;2137770,52781678;0,9999800059070681
2019-11-11;2137955,626365669;0,9999800076381038
2019-11-12;2115114,108535774;0,9999797917368015
2019-11-13;2092645,3021087723;0,9999795747599666
2019-11-14;2102147,5496368483;0,9999796670873043
2019-11-15;1956158,0053176957;0,9999781496267253
2019-11-18;1981678,6701049882;0,9999784310225238
2019-11-19;1948103,5609283524;0,9999780592862424
2019-11-20;1954167,7643508988;0,9999781273730024
2019-11-21;1946730,4930572587;0,9999780438110191
2019-11-22;1955607,1062774735;0,9999781434714247
2019-11-25;2005911,0439376908;0,9999786915861849
2019-11-26;2026318,410682686;0,9999789061865227
2019-11-27;2028232,5401611405;0,9999789260936535
2019-11-28;2021796,5146026688;0,999978859008663
2019-11-29;2065408,143104561;0,9999793054061769
2019-12-02;2041511,8103579406;0,9999701103531223
2019-12-03;2044230,0853823547;0,9999701500982965
2019-12-04;2075181,1025866393;0,9999705953051364
2019-12-05;2096856,347513092;0,9999708992620403
2019-12-06;2110171,2190798647;0,9999710828834378
2019-12-09;2126993,809823883;0,9999713115915869
2019-12-10;2117573,547906769;0,999971183968005
2019-12-11;2097124,6142519836;0,9999709029846422
2019-12-12;2091932,2445086364;0,999970830763153
2019-12-13;2101766,8702257997;0,9999709672523758
2019-12-16;2110006,0316103823;0,999971080619584
2019-12-17;2056920,7217348937;0,999970334263998
2019-12-18;2084708,7733858947;0,9999707296923738
2019-12-19;2101790,537713898;0,9999709675793028
2019-12-20;2119334,018129242;0,9999712079046595
2019-12-23;2126677,2354372866;0,999971307321068
2019-12-27;2128011,5664614565;0,9999713253122915
2019-12-30;2097325,0990237123;0,9999709057660461
2020-01-02;2121484,344858063;0,9999712370881944
2020-01-03;2127955,828904999;0,9999713245612153
2020-01-06;2112151,0242327577;0,9999711099886286
2020-01-07;2098737,8170184023;0,9999709253501731
2020-01-08;2117410,8084200746;0,9999711817532688
2020-01-09;2138782,7663744814;0,9999714697219055
2020-01-10;2133957,0748690492;0,9999714052040564
2020-01-13;2166125,549974335;0,9999718298567186
2020-01-14;2163335,4909457094;0,9999717935256165
2020-01-15;2175579,515901459;0,9999719522698838
2020-01-16;2124206,453058136;0,9999712739470212
2020-01-17;2133964,3457049257;0,9999714053014844
2020-01-20;2143605,989915741;0,9999715339164962
2020-01-21;2147094,6688708193;0,9999715801692431
2020-01-22;2144835,361123932;0,9999715502326125
2020-01-23;2119437,0921419985;0,9999712093048977
2020-01-24;2171132,286806;0,9999718948184414
2020-01-27;2144298,63521756;0,9999715431115302
2020-01-28;2156337,199151886;0,9999717019828196
2020-01-29;2129269,8089770204;0,9999713422569318
2020-01-30;2095823,915368927;0,9999708849266102
2020-01-31;2097425,5379580385;0,9999709071592751
2020-02-03;2090129,9371572952;0,9622989374821678
2020-02-04;2086878,5512243728;0,9622401987001458
2020-02-05;2112259,971649788;0,9626939294931519
2020-02-06;2134859,2713171463;0,9630888459535122
2020-02-07;2095897,7293936233;0,9624026886779642
2020-02-10;2109323,562157295;0,9626419953558155
2020-02-11;2104359,5127340774;0,9625538702135648
2020-02-12;2079074,235672615;0,9620984580160185
2020-02-13;2081053,6200415115;0,9621345078895237
2020-02-14;2094272,3974005203;0,962373509993748
2020-02-17;2103407,5533987503;0,9625369228593706
2020-02-18;2139094,2776037673;0,9631619231297124
2020-02-19;2186197,689705513;0,9639556295378875
2020-02-20;2170273,68444886;0,9636911602459156
2020-02-21;2196707,6123663406;0,9641280801379503
2020-02-24;2098878,897476814;0,9624560904748292
2020-02-25;2138088,142754219;0,9631445879823962
2020-02-26;2091528,4103399734;0,9623241458057215
2020-02-27;1974789,6156317214;0,9600969547300601
2020-02-28;1932411,1844488601;0,9592218674445137
2020-03-02;1908186,903137825;0,9587041922876732
2020-03-03;1967326,1016088943;0,95994557314788
2020-03-04;2008391,1756140213;0,9607645560347234
2020-03-05;1979047,061920784;0,9601827965856053
2020-03-06;1912569,6375738601;0,9587988233823895
2020-03-09;1885288,9298101882;0,9582026297480601
2020-03-10;1917435,2317358474;0,9589033735654151
2020-03-11;1836690,5231024246;0,957096680992258
2020-03-12;1637974,2733007888;0,9518917233831978
2020-03-13;1750746,7504049758;0,954990566503732
2020-03-16;1691567,9434362869;0,9534159300328879
2020-03-17;1666034,7263037185;0,952701994630096
2020-03-18;1704064,0314032058;0,953757536114255
2020-03-19;1788853,4172445755;0,9559493703220591
2020-03-20;1741526,3497396926;0,9547522669163528
2020-03-23;1711013,9604116897;0,9539453673351679
2020-03-24;1750119,235672615;0,9549744281275355
2020-03-25;1658303,5437933425;0,9524814864407116
2020-03-26;1676486,7385412673;0,9529968727938015
2020-03-27;1578138,951775215;0,9500676924915139
2020-03-30;1598737,8359076004;0,9507110436362287
2020-03-31;1658516,9337164382;0,952487600319773
2020-04-01;1772470,5881964187;0,9555422132497312
2020-04-02;1698220,3782736282;0,9535984137045473
2020-04-03;1679689,9405523757;0,9530865086890703
2020-04-06;1731236,1394964675;0,9544833211175461
2020-04-07;1788263,383453987;0,9559348359082546
2020-04-08;1749578,3629309158;0,9549605087141378
2020-04-14;1827401,7397848587;0,956878601067526
2020-04-15;1807999,9085775833;0,9564158609426288
2020-04-16;1810699,6309744339;0,95648084415373
2020-04-17;1832631,4675451736;0,9570016553646143
2020-04-20;1764554,1506659011;0,9553427593018765
2020-04-21;1753489,411667488;0,9550609664895412
2020-04-22;1780810,005669258;0,9557504061745512
2020-04-23;1809136,6510550003;0,9564432463489104
2020-04-24;1761428,3354116897;0,9552635109547376
2020-04-27;1779073,017212532;0,9557072033194991
2020-04-28;1798791,1763159255;0,9561927362838475
2020-04-29;1771648,774407051;0,955521590639469
2020-04-30;1786340,4510275344;0,9558874013148878
2020-05-04;1791437,6351767655;0,7789219531540761
2020-05-05;1779851,685233223;0,7774828449375747
2020-05-06;1794205,6581259842;0,779263022810426
2020-05-07;1796126,6678153153;0,7794991074249318
2020-05-08;1839958,8385306473;0,7847519601321977
2020-05-11;1825097,2749091263;0,7829992193424979
2020-05-12;1818268,870390999;0,782184285349397
2020-05-13;1823944,894103157;0,7828621167714068
2020-05-14;1776748,2028342362;0,777094169675032
2020-05-15;1775734,8462897416;0,7769669642634596
2020-05-18;1771019,7033759232;0,7763731636208152
2020-05-19;1843875,5793830033;0,7852091877242144
2020-05-20;1862715,6452551957;0,7873816465545922
2020-05-22;1824696,222746956;0,7829515244817368
2020-05-25;1860358,3549567338;0,7871122343843421
2020-05-26;1873959,0475379105;0,7886573167372549
2020-05-27;1851885,5484686967;0,786138223413079
2020-05-28;1832348,252913582;0,7838579359565452
2020-05-29;1797088,2696295853;0,7796170949839915
2020-06-02;1855933,3058801347;0,9936020338879615
2020-06-03;1862553,108912056;0,9936247732532253
2020-06-04;1871340,8476815873;0,9936547110528071
2020-06-05;1863691,5669427568;0,9936286676358668
2020-06-08;1868645,6642480546;0,993645559121021
2020-06-09;1884621,5118661576;0,993699425416477
2020-06-10;1884036,4924112016;0,993697469000705
2020-06-11;1851952,3354211503;0,9935882807726127
2020-06-12;1836521,326441353;0,9935344075637644
2020-06-15;1762510,4705224687;0,9932629061808044
2020-06-16;1738879,6432061845;0,9931713511952267
2020-06-17;1792048,2611261064;0,9933739516648046
2020-06-18;1755667,4675927812;0,9932366472487496
2020-06-19;1762350,8497873002;0,9932622959845608
2020-06-22;1723739,1250634843;0,9931113715384355
2020-06-23;1742583,4142099076;0,9931858651354097
2020-06-24;1726943,2776666337;0,9931241526280652
2020-06-25;1741776,40170533;0,9931827079609077
2020-06-26;1770822,0917611772;0,9932945277493037
2020-06-29;1798921,753695076;0,9933992691050434
2020-06-30;1823153,4083657914;0,9934869998636768
2020-07-01;1819161,0266851159;0,9050945174313332
2020-07-02;1807917,3523229333;0,9045042878282947
2020-07-03;1804812,136952755;0,904339985545996
2020-07-06;1799360,9219869347;0,9040501808180783
2020-07-07;1792437,7942022057;0,9036795833773935
2020-07-08;1781180,2038320275;0,9030708096035275
2020-07-09;1734687,2969869347;0,9004729236171015
2020-07-10;1726037,1457113;0,8999741369780812
2020-07-13;1727559,244840023;0,9000622666786458
2020-07-14;1708595,6719869347;0,8989530654102099
2020-07-15;1742692,4132283898;0,9009301045915349
2020-07-16;1716586,3495382043;0,8994234370125872
2020-07-17;1717884,3085302087;0,8994994283081978
2020-07-20;1727781,6807454797;0,9000751327371579
2020-07-21;1721537,517926571;0,8997126967551652
2020-07-22;1692410,4741338464;0,8979867131843288
2020-07-23;1700852,7444356652;0,8984930613937738
2020-07-24;1681108,8172887536;0,8973009044196765
2020-07-27;1683742,006383297;0,8974615146185528
2020-07-28;1718884,1950734826;0,8995578901693947
2020-07-29;1699627,517926571;0,8984198871301629
2020-07-30;1669713,2854436608;0,8965999991658522
2020-07-31;1685155,532254574;0,897547524959506
2020-08-03;1718777,2098058434;0,8995516381514246
2020-08-04;1731532,4104436608;0,9002915833013917
2020-08-05;1719222,4307454797;0,8995776509076842
2020-08-06;1715816,529469845;0,8993783122249047
2020-08-07;1726114,5875905724;0,89997862462384
2020-08-10;1710529,7531942101;0,8990673183057692
2020-08-11;1734102,517926571;0,9004393608089017
2020-08-12;1747075,4192022057;0,9011786479220791
2020-08-13;1748611,2882283898;0,9012654463173565
2020-08-14;1749038,506383297;0,9012895631070647
2020-08-17;1754171,4132283898;0,9015784011723694
2020-08-18;1731155,009168026;0,9002698463203274
2020-08-19;1735822,1895040246;0,9005379951059429
2020-08-20;1706221,2910131188;0,8988124482931829
2020-08-21;1692568,8957113;0,8979962614549247
2020-08-24;1718267,8085302087;0,8995218590195528
2020-08-25;1731017,259168026;0,9002619100455176
2020-08-26;1710351,3551076623;0,8990567905289878
2020-08-27;1726252,8435643883;0,8999866353580187
2020-08-28;1708444,5042318078;0,8989441245062317
2020-08-31;1703038,5140279504;0,8986233407609073
2020-09-01;1704473,5256077538;0,9337403127011104
2020-09-02;1701409,6531178246;0,9336209932692884
2020-09-03;1698646,097781826;0,9335130001690843
2020-09-04;1703633,286731411;0,9337076331534422
2020-09-07;1738806,4932133446;0,9350486191207542
2020-09-08;1737722,4642979393;0,9350081010423986
2020-09-09;1749682,7927204857;0,9354523669742417
2020-09-10;1731881,4149357567;0,9347889053823035
2020-09-11;1751892,8828160057;0,9355337966585785
2020-09-14;1758788,670779873;0,9357865531588128
2020-09-15;1777928,1589619408;0,9364778142206007
2020-09-16;1789985,673564602;0,9369057057361249
2020-09-17;1777147,4381520043;0,9364499082116416
2020-09-18;1768969,1907917748;0,9361561052595518
2020-09-21;1729016,1935765038;0,9346808414891757
2020-09-22;1731646,0808140526;0,9347800430657787
2020-09-23;1726774,2055393944;0,9345960331966349
2020-09-24;1717412,4670674095;0,9342395114850574
2020-09-25;1708024,9610935936;0,9338780841096753
2020-09-28;1727244,1041599999;0,934613826416313
2020-09-29;1741529,801059414;0,9351501864927588
2020-09-30;1784936,2604557762;0,9367272180424149
2020-10-01;1786566,801059414;0,9367849650239584
2020-10-02;1799361,0596882591;0,937234452080689
2020-10-05;1793911,5221440087;0,9370437831398579
2020-10-06;1803307,2225071678;0,937371801428829
2020-10-07;1779948,1852223168;0,9365499042311168
2020-10-08;1816825,2464024315;0,9378377843220538
2020-10-09;1816933,2027394066;0,9378414778013148
2020-10-12;1816927,0892979393;0,9378412686556151
2020-10-13;1804238,1095844994;0,9374041141155064
2020-10-14;1792316,517123867;0,9369877576103369
2020-10-15;1739411,6383854637;0,935071215850415
2020-10-16;1741929,7925755272;0,9351650776642257
2020-10-19;1738944,8221852074;0,9350537858503843
2020-10-20;1722269,6502033959;0,9344249706759519
2020-10-21;1684611,4292637596;0,9329590902363971
2020-10-22;1660355,3013340721;0,9319796896933676
2020-10-23;1669644,4409367333;0,9323581236537742
2020-10-26;1612196,7313954125;0,9299478279438924
2020-10-27;1612347,8594547997;0,9299543940510488
2020-10-28;1568909,390247036;0,9280150380142586
2020-10-29;1585386,3768421898;0,9287631807200475
2020-10-30;1585091,1907917748;0,9287499145335659
2020-11-02;1587069,1151539574;0,928838711724883
2020-11-03;1575909,7140232811;0,9283348012826975
2020-11-04;1608296,0541188011;0,9297779270633818
2020-11-05;1611597,801349331;0,9299217939355297
2020-11-06;1661656,8828160057;0,9320329702335357
2020-11-09;1751669,5867878685;0,935525578757632
2020-11-10;1729865,3739125023;0,9347129062647402
2020-11-11;1826207,7229115258;0,9381571540854352
2020-11-12;1846575,3304096947;0,9388392767107159
2020-11-13;1803118,4669377098;0,9373652453308786
2020-11-16;1862978,6903874169;0,9393777913839049
2020-11-17;1831403,3360935936;0,9383325996026066
2020-11-18;1811769,3246952782;0,9376643145037237
2020-11-19;1754996,903262783;0,9356478164684858
2020-11-20;1739801,2464176903;0,9350857558881805
2020-11-23;1737254,6297566185;0,9349905990281759
2020-11-24;1738547,5425755272;0,9350389448374263
2020-11-25;1730467,0837284813;0,9347356075836654
2020-11-26;1754841,0047566185;0,9356420994780269
2020-11-27;1782270,3943592797;0,936632576530787
2020-11-30;1733726,0863835106;0,9348582894939361
2020-12-01;1771558,9550588646;0,9994386980104918
2020-12-02;1726786,2546957054;0,9994241443819109
2020-12-03;1729086,3506506004;0,9994249104067986
2020-12-04;1719582,7999151268;0,9994217320817266
2020-12-07;1729957,8818319358;0,9994252001297553
2020-12-08;1712862,2022131004;0,999419463185818
2020-12-09;1710060,5445516624;0,9994185120701289
2020-12-10;1710450,5976675071;0,9994186446733032
2020-12-11;1695328,2519491233;0,9994134589777157
2020-12-14;1708858,516910366;0,9994181030458839
2020-12-15;1745153,5600469627;0,9994302051184659
2020-12-16;1754289,728290371;0,9994331725541283
2020-12-17;1757773,1887624778;0,9994342958623088
2020-12-18;1784199,9122121849;0,9994426748038717
2020-12-21;1735975,2862432518;0,9994271925563194
2020-12-22;1753071,4981954612;0,9994327786590397
2020-12-23;1807040,1275365867;0,9994497191562861
2020-12-28;1821522,7036397972;0,9994540943332638
2020-12-29;1853023,8002813377;0,9994633746388715
2020-12-30;1855587,9550588646;0,9994641161776812
2021-01-04;1815507,3497869682;0,9999618358837431
2021-01-05;1815350,9434072685;0,9999618325956124
2021-01-06;1858392,4870702934;0,9999627165768026
2021-01-07;1885772,0510198784;0,9999632578956057
2021-01-08;1910795,3011648369;0,9999637390601075
2021-01-11;1884236,693086834;0,9999632279565425
2021-01-12;1910482,153619976;0,9999637331165689
2021-01-13;1859532,4034750175;0,999962739432003
2021-01-14;1835423,4395010185;0,9999622500006967
2021-01-15;1826595,8303701591;0,9999620675617394
2021-01-18;1854307,1393987846;0,9999626344352075
2021-01-19;1892469,4069158745;0,999963387924101
2021-01-20;1869920,2661306572;0,9999629464235361
2021-01-21;1896395,5347006035;0,99996346372247
2021-01-22;1870620,2109243583;0,9999629602881666
2021-01-25;1828987,117593975;0,99996211715605
2021-01-26;1817701,4429418754;0,9999618819505087
2021-01-27;1816341,157526226;0,9999618534033239
2021-01-28;1824200,0508444023;0,9999620177438706
2021-01-29;1862434,7801229667;0,9999627974980375
2021-02-01;1903133,8317210616;0,9999585417775069
2021-02-02;1921049,3976161422;0,9999589284138515
2021-02-03;1929618,7882258834;0,9999591108117774
2021-02-04;1918384,4629085006;0,9999588713590236
2021-02-05;1932615,7306849898;0,9999591742193873
2021-02-08;1911426,7167918624;0,9999587216474811
2021-02-09;1906360,2645137252;0,9999586119437661
2021-02-10;1930385,2800471724;0,9999591270475147
2021-02-11;1934002,9902827682;0,9999592035037039
2021-02-12;1931628,2690608443;0,9999591533489681
2021-02-15;1930813,1655909957;0,9999591361053282
2021-02-16;1948748,2143199386;0,9999595121908259
2021-02-17;1911944,6630122603;0,9999587328297957
2021-02-18;1899157,8807551803;0,9999584549833223
2021-02-19;1975004,2856166305;0,9999600504432298
2021-02-22;2012482,0241954268;0,9999607944096488
2021-02-23;2013008,1950709762;0,9999608046574162
2021-02-24;2029192,402796501;0,9999611172672828
2021-02-25;2034427,4994227828;0,9999612173223906
2021-02-26;1982940,4781444015;0,9999602103307188
2021-03-01;2042124,5379146766;0,9999896427177478
2021-03-02;2039713,1009487342;0,9999896304729212
2021-03-03;2044405,0884975623;0,9999896542713809
2021-03-04;2035731,101391239;0,9999896101895683
2021-03-05;2043083,8404659461;0,9999896475808705
2021-03-08;2078895,132870121;0,9999898259128617
2021-03-09;2053631,1610531043;0,9999897007502445
2021-03-10;2044420,0870174598;0,9999896543472804
2021-03-11;2020498,2671016883;0,9999895318592559
2021-03-12;2017335,4206814002;0,9999895154469522
2021-03-15;2037861,3935360145;0,9999896210506267
2021-03-16;2033733,943767948;0,9999895999866167
2021-03-17;2026759,701000614;0,9999895641993362
2021-03-18;2009026,4586452674;0,9999894720847791
2021-03-19;1995454,5318721961;0,9999894004799932
2021-03-22;1986168,830135746;0,9999893509253028
2021-03-23;1977480,0618099403;0,9999893041347715
2021-03-24;1936475,5383571815;0,9999890776517367
2021-03-25;1919185,1945461463;0,9999889792499997
2021-03-26;1942547,7217373084;0,9999891117937559
2021-03-29;1962460,9461940955;0,999989222277124
2021-03-30;1966120,933575077;0,999989242340147
2021-03-31;1978562,0356105994;0,99998930998379
2021-04-06;1990333,4330151405;0,9999852588215891
2021-04-07;2009821,932694706;0,9999854017613422
2021-04-08;2010653,9050305213;0,9999854078018301
2021-04-09;2016358,9050457801;0,9999854490883742
2021-04-12;1978212,7699444618;0,9999851685012456
2021-04-13;1998005,940064701;0,999985315428926
2021-04-14;1919588,6535199012;0,999984715548209
2021-04-15;1907675,079240116;0,9999846200956586
2021-04-16;1935533,6924908485;0,9999848414624105
2021-04-19;1929622,0548413123;0,9999847950223415
2021-04-20;1935562,2314923133;0,9999848416859164
2021-04-21;1925479,4218762245;0,9999847623091164
2021-04-22;1950193,121629032;0,9999849554077964
2021-04-23;1956918,7306835975;0,9999850071135948
2021-04-26;1996259,1320660438;0,9999853025793285
2021-04-27;2001654,5900128211;0,9999853421962113
2021-04-28;2043349,333802494;0,9999856412901368
2021-04-29;2002019,0584576454;0,9999853448646708
2021-04-30;1978038,5831158485;0,9999851671951783
2021-05-03;2000771,2439898108;0,999905137051849
2021-05-04;2060878,1252459143;0,9999079037928272
2021-05-05;2082180,9934557532;0,9999088460324165
2021-05-06;2087503,3977068518;0,9999090784431829
2021-05-07;2115806,774659977;0,9999102947107205
2021-05-10;2087566,3685625647;0,9999090811858062
2021-05-11;2045224,0065783118;0,9999071988896228
2021-05-12;1971421,4253710364;0,9999037247661318
2021-05-14;1935561,180757389;0,9999019410697696
2021-05-18;1955253,3603533362;0,9999029286625308
2021-05-19;1963442,7985094641;0,9999033335430374
2021-05-20;2029280,48681818;0,9999064697758573
2021-05-21;2078610,6601885413;0,9999086894614678
2021-05-25;2038159,599367008;0,9999068772343248
2021-05-26;2050969,19334589;0,99990745884463
2021-05-27;2034232,481889591;0,9999066974593758
2021-05-28;2056384,5446642493;0,9999077025455803
2021-05-31;2045080,8301561926;0,9999071923926028
2021-06-01;2063668,2354441262;0,999933777713733
2021-06-02;2114451,3395090676;0,9999353681845999
2021-06-03;2138693,6497812844;0,9999361007928079
2021-06-04;2177363,3356791115;0,9999372356343067
2021-06-07;2159059,6448374367;0,9999367035417598
2021-06-08;2141722,2765970803;0,9999361911531943
2021-06-09;2115058,148133335;0,9999353867274201
2021-06-10;2086441,468522129;0,9999345005212418
2021-06-11;2086714,4938669777;0,9999345090911816
2021-06-14;2089365,4117594338;0,9999345921838858
2021-06-15;2080958,3997812844;0,9999343279381933
2021-06-16;2097199,48841959;0,9999348365144077
2021-06-17;2099216,6225901223;0,9999348991299054
2021-06-18;2107660,3604899026;0,9999351599379058
2021-06-21;2106686,2832346535;0,999935129957538
2021-06-22;2122012,85749918;0,9999355984917034
2021-06-23;2077990,0815134621;0,9999342341285151
2021-06-24;2041554,5836649514;0,9999330604090916
2021-06-25;2043605,1405344582;0,9999331275763909
2021-06-28;2017715,8085642434;0,9999322695356464
2021-06-29;1995995,791382847;0,9999315325066127
2021-06-30;1995486,7408609963;0,9999315150404915
2021-07-01;2017176,4869202918;0,9955884381212851
2021-07-02;2038755,408352787;0,9956351316808878
2021-07-05;2097327,8836945836;0,9957570301899284
2021-07-06;2097454,6341218296;0,99575728659511
2021-07-07;2096212,9412812537;0,9957547734215884
2021-07-08;2035895,805981571;0,9956290008230322
2021-07-09;2033011,3703278846;0,9956227992512887
2021-07-12;2032721,8785065955;0,9956221758685081
2021-07-13;2033515,7605714148;0,9956238849656925
2021-07-14;2021124,6041383094;0,9955970557806694
2021-07-15;2048252,808224613;0,9956553708328363
2021-07-16;2081011,6704835242;0,9957237631011122
2021-07-19;2025772,249630863;0,9956071572734994
2021-07-20;2073366,6771668738;0,9957079956042809
2021-07-21;2086300,9978913611;0,9957346044979455
2021-07-22;2080012,9257935828;0,9957217098115183
2021-07-23;2088677,2723664588;0,9957394572105172
2021-07-26;2093248,4079407996;0,995748761179715
2021-07-27;2088132,009335453;0,9957383446771788
2021-07-28;2095279,6834992713;0,9957528825567211
2021-07-29;2074324,292035038;0,9957099770144391
2021-07-30;2063528,9512605018;0,9956875337819215
2021-08-02;2102056,5555848423;0,9957665749436215
2021-08-03;2103698,2495240513;0,995769878643788
2021-08-04;2148961,6860780064;0,9958589774075598
2021-08-05;2135006,0932587925;0,9958319093699848
2021-08-06;2127538,1129273716;0,9958172787419103
2021-08-09;2114745,0248383824;0,9957919754921671
2021-08-10;2105528,096997196;0,9957735549076602
2021-08-11;2085041,1853608435;0,9957320272832896
2021-08-12;2105806,6980866734;0,9957741140720927
2021-08-13;2119389,014599735;0,995801196084798
2021-08-16;2104936,781811649;0,995772367622044
2021-08-17;2102495,4976472203;0,9957674587639804
2021-08-18;2042285,8354157752;0,9956426770738847
2021-08-19;2037722,107129032;0,9956329183154049
2021-08-20;2059141,4669770545;0,9956783450602829
2021-08-23;2032134,2219514197;0,9956209098807498
2021-08-24;2037265,7959870643;0,9956319401671267
2021-08-25;2093194,9105500525;0,9957486525275379
2021-08-26;2089992,3742341346;0,995742138104404
2021-08-27;2088865,886288578;0,9957398419157732
2021-08-30;2079013,3451508826;0,9957196528280621
2021-08-31;2066981,293408329;0,9956947366090266
2021-09-01;2077186,7202367056;0,7678443201204492
2021-09-02;2093797,9100560416;0,7696861320964736
2021-09-03;2065289,9222630728;0,7665070215687126
2021-09-06;2068036,4964360464;0,7668171252758935
2021-09-07;2038795,4790715445;0,7634727464213665
2021-09-08;2035858,0947942007;0,7631314792978859
2021-09-09;2021457,995810436;0,7614441179224244
2021-09-10;2012581,6013707388;0,760391978668151
2021-09-13;2027222,5178593863;0,7621224650846269
2021-09-14;2020365,7780369986;0,761315153663974
2021-09-15;2017244,5917577017;0,7609458479930087
2021-09-16;2017050,588766979;0,7609228554014038
2021-09-17;2012266,5008916128;0,7603544584876528
2021-09-20;1987881,2986668814;0,7574147432260057
2021-09-21;1994868,0682896841;0,7582643669830401
2021-09-22;2037058,7720860709;0,7632710936565206
2021-09-23;2068845,2800816763;0,7669082845797495
2021-09-24;2044103,7705144156;0,7640869792280803
2021-09-27;2054799,0980595816;0,7653149177801791
2021-09-28;2017565,4725407828;0,7609838680149306
2021-09-29;2006867,9289159048;0,7597098003684656
2021-09-30;1979065,2939061392;0,7563341155250447
2021-10-01;1983768,3615025748;0,7569117924090348
2021-10-04;1989936,7106694449;0,7576653103147702
2021-10-05;1992941,2093724478;0,758030646862295
2021-10-06;1984746,3898534048;0,7570315795818403
2021-10-07;2019989,6964940298;0,761270715335675
2021-10-08;2020481,1089696158;0,7613287780160193
2021-10-11;2019882,4899815787;0,7612580446312376
2021-10-12;2011505,1920079459;0,760263758110438
2021-10-13;2017256,7047642935;0,7609472834397282
2021-10-14;2055054,2219304312;0,7653440526642944
2021-10-15;2073076,8756016959;0,767384074875003
2021-10-18;2060676,3020543326;0,7659842573078651
2021-10-19;2068837,130942272;0,7669073664326151
2021-10-20;2115329,497855114;0,7720304587241394
2021-10-21;2134379,686057018;0,7740651776141181
2021-10-22;2135442,4899815787;0,7741776247612799
2021-10-25;2127607,9868687857;0,7733460777316273
2021-10-26;2133370,900839733;0,7739583421319227
2021-10-27;2145905,894263195;0,7752787312050781
2021-10-28;2139395,822058605;0,7745949158630652
2021-10-29;2136458,599402355;0,7742850269093798
2021-11-01;2129148,1044880534;0,9878780260952731
2021-11-02;2104289,3241593027;0,9877348245483238
2021-11-03;2130385,219731965;0,987885065328631
2021-11-04;2117315,4484192515;0,9878102822226269
2021-11-05;2130920,8557964945;0,9878881105829452
2021-11-08;2121002,9398037577;0,9878314747813169
2021-11-09;2040091,4395310069;0,9873488622804887
2021-11-10;2045511,1441475535;0,9873823822296218
2021-11-11;2044408,115373292;0,9873755745891323
2021-11-12;2055217,7594811106;0,9874419741446673
2021-11-15;2093612,2559372569;0,987672274229046
2021-11-16;2061751,5637909556;0,9874817712205602
2021-11-17;2034053,4715820933;0,9873113081231694
2021-11-18;2040876,2854782725;0,9873537274426929
2021-11-19;2049898,0732170725;0,9874093848376578
2021-11-22;2012213,5207726145;0,9871735889380203
2021-11-23;1979335,7986160899;0,9869605360646999
2021-11-24;1983219,131490388;0,9869860685830986
2021-11-25;1962773,8745934153;0,9868505088151078
2021-11-26;1907644,2736984873;0,9864704976091458
2021-11-29;1915197,4395004893;0,9865238553323075
2021-11-30;1890175,1868302012;0,9863454573196546
2021-12-01;1891187,4378945627;0,5632608213587368
2021-12-02;1875272,143674592;0,5595542486626566
2021-12-03;1872446,5215127268;0,558889592416521
2021-12-06;1876380,85867093;0,5598144990309784
2021-12-07;1900455,4434945383;0,5653906798446232
2021-12-08;1895999,2796609201;0,5643692183097981
2021-12-09;1908013,6460854807;0,5671122950418653
2021-12-10;1918057,1553017893;0,5693790218921868
2021-12-13;1908492,4332864084;0,5672208944205991
2021-12-14;1886050,0588509836;0,562071195084857
2021-12-15;1880128,2762582102;0,5606918641069826
2021-12-16;1895536,4505135813;0,5642628512583022
2021-12-17;1899572,0622536936;0,5651885681542322
2021-12-20;1872707,6550881662;0,5589511016102187
2021-12-21;1884673,3656899729;0,5617513022048961
2021-12-22;1896712,650480012;0,5645330629952212
2021-12-23;1918214,9296700754;0,5694144407348518
2021-12-27;1935662,5576455393;0,5732956423523504
2021-12-28;1945999,3644845285;0,5755622209560526
2021-12-29;1927510,2435281076;0,5714909162968078
2021-12-30;1929492,4366891184;0,5719311293595782
2022-01-03;1938456,2670419016;0,5739106100427219
2022-01-04;1929169,0646645823;0,5718593754112721
2022-01-05;1943042,5622536936;0,574916337743658
2022-01-06;1934083,7331063547;0,5729473165279306
2022-01-07;1929265,6412637033;0,5718808075897052
2022-01-10;1896716,9296700754;0,5645340454537846
2022-01-11;1920097,6494881907;0,5698366442441571
2022-01-12;1940209,9517190256;0,5742957366284253
2022-01-13;1946131,938886384;0,5755911345068543
2022-01-14;1965280,0622536936;0,5797262364044043
2022-01-17;1956138,1562936106;0,5777621096826185
2022-01-18;1958571,8656899729;0,5782867798972617
2022-01-19;1943810,650480012;0,5750843076825504
2022-01-20;1945732,8087136545;0,5755040750796638
2022-01-21;1926784,7704446116;0,5713295740384358
2022-01-24;1894619,1448800364;0,5640518831899356
2022-01-25;1901846,643674592;0,5657085964161114
2022-01-26;1933822,7435281076;0,5728896813076801
2022-01-27;1962515,227292756;0,5791341454088319
2022-01-28;1961752,8564736643;0,5789705897166694
2022-01-31;1978724,2238900461;0,5825817269983333
2022-02-01;1999103,6580773136;0,9999962556441631
2022-02-02;2029797,2356873294;0,9999963122644374
2022-02-03;2020725,1396065494;0,9999962957082564
2022-02-04;2054234,8170214435;0,9999963561344649
2022-02-07;2072592,8574524662;0,9999963884100903
2022-02-08;2026991,3729515811;0,9999963071596897
2022-02-09;2034819,125519826;0,9999963213656895
2022-02-10;2049102,6761503955;0,9999963470081135
2022-02-11;2077103,0428601047;0,9999963962522338
2022-02-14;2047402,5061836978;0,9999963439746566
2022-02-15;2052047,7819672367;0,9999963522508996
2022-02-16;2107973,261948659;0,999996449027326
2022-02-17;2112596,5634461185;0,9999964567984345
2022-02-18;2090980,4300909778;0,9999964201695324
2022-02-21;2112313,186397626;0,9999964563230969
2022-02-22;2054300,9658766529;0,9999963562517981
2022-02-23;2078800,803587987;0,9999963991954218
2022-02-24;2001621,257743909;0,9999962603537399
2022-02-25;2075722,6486807605;0,9999963938556745
2022-02-28;2050692,5195084354;0,9999963498401737
2022-03-01;2053699,8104455525;0,9999083801736286
2022-03-02;2048417,322019344;0,9999081439030859
2022-03-03;2025866,1719873005;0,9999071213969344
2022-03-04;1951552,5528695637;0,9999035846512176
2022-03-07;1863088,17199493;0,9998990065940623
2022-03-08;1811900,702085262;0,9998961534592732
2022-03-09;1880886,0279443318;0,9998999622426578
2022-03-10;1911020,7931420857;0,999901539731683
2022-03-11;1955310,493238216;0,999903769953313
2022-03-14;1981006,8592431599;0,9999050181885166
2022-03-15;2008916,589559322;0,9999063377638325
2022-03-16;2074241,1055581623;0,9999092874885432
2022-03-17;2045511,8641870075;0,9999080134301119
2022-03-18;2076539,0859963947;0,999909387874603
2022-03-21;2118342,430417781;0,9999111760132121
2022-03-22;2151486,1367776445;0,9999125443493057
2022-03-23;2153149,125455623;0,9999126118958379
2022-03-24;2149901,9636819414;0,999912479906884
2022-03-25;2189137,314214473;0,9999140485072224
2022-03-28;2214805,6047112993;0,999915044634323
2022-03-29;2201466,0272042803;0,9999145298552299
2022-03-30;2246370,989644771;0,9999162384036657
2022-03-31;2199269,313222652;0,9999144444843928
2022-04-01;2279622,7671251935;0,9999976562127025
2022-04-04;2263400,9508219403;0,9999976394147565
2022-04-05;2286982,4842997235;0,9999976637552227
2022-04-06;2261652,158203189;0,9999976375894651
2022-04-07;2286909,740739886;0,9999976636809098
2022-04-08;2296788,065105502;0,9999976737292544
2022-04-11;2300096,717003886;0,9999976770755572
2022-04-12;2292020,8186817807;0,9999976688907705
2022-04-13;2286313,8477545423;0,9999976630719838
2022-04-19;2352983,845624034;0,999997729287052
2022-04-20;2322241,8388806027;0,9999976992271885
2022-04-21;2352286,2194309873;0,9999977286136182
2022-04-22;2364894,69520003;0,9999977407235529
2022-04-25;2321015,9207306546;0,9999976980119624
2022-04-26;2342983,1641951245;0,9999977195948454
2022-04-27;2356673,845624034;0,9999977328424573
2022-04-28;2392323,2573691052;0,9999977666267014
2022-04-29;2396079,3696919126;0,9999977701277544
2022-05-02;2332272,8966618283;0,9999027528490784
2022-05-03;2344213,776392053;0,9999032482034461
2022-05-04;2308007,268793176;0,9999017304245793
2022-05-05;2212772,7994175656;0,9998975010473593
2022-05-06;2181702,8590489132;0,9998960413452127
2022-05-09;2209596,0189152462;0,9998973536825598
2022-05-10;2220468,9086170895;0,9998978563070656
2022-05-11;2254550,0496083004;0,9998994003728542
2022-05-12;2186194,3586827023;0,999896254926525
2022-05-13;2088661,6127873163;0,9998914104166116
2022-05-16;2123145,0523548825;0,9998931740937245
2022-05-18;2141523,9864292843;0,9998940908923695
2022-05-19;2163485,893411706;0,9998951659934262
2022-05-20;2218699,6158467038;0,9998977748530029
2022-05-23;2240186,6908512814;0,9998987553603017
2022-05-24;2261811,5578251584;0,9998997233462763
2022-05-25;2260692,733621667;0,9998996737190335
2022-05-27;2177356,822145532;0,9998958338421772
2022-05-30;2145489,972978662;0,9998942866677408
2022-05-31;2159799,9436588986;0,9998949870820035
2022-06-01;2155532,383151578;0,9998497061183506
2022-06-02;2160592,133273648;0,999850058081812
2022-06-03;2106611,5861545075;0,9998462159180106
2022-06-07;2102527,2624392975;0,9998459171803988
2022-06-08;2053732,561061429;0,9998422563214766
2022-06-09;2083946,3693347445;0,9998445433463873
2022-06-10;2048565,902392911;0,9998418584784083
2022-06-13;2033054,061061429;0,9998406518866911
2022-06-14;2071728,080302762;0,9998436265203116
2022-06-15;2111054,55147128;0,9998465395748968
2022-06-16;2097730,639613675;0,9998455648581533
2022-06-17;2114451,37518649;0,9998467861059911
2022-06-20;2152807,197276639;0,9998495158650088
2022-06-21;2075666,6470904818;0,999843923238185
2022-06-22;2014481,932384061;0,999839182807412
2022-06-23;2039512,0493579379;0,9998411564526
2022-06-24;2050328,4942737094;0,9998419944268492
2022-06-27;2081571,7502475253;0,9998443660042722
2022-06-28;2119077,580302762;0,9998471205906304
2022-06-29;2085150,6993899813;0,9998446331341999
2022-06-30;2099388,9516253937;0,9998456868468161
2022-07-01;2090917,69285843;0,8158675589180399
2022-07-04;2160950,3649165356;0,8218349735662007
2022-07-05;2129350,778887483;0,8191910028611463
2022-07-06;2125414,684893342;0,8188561594008168
2022-07-07;2197307,684893342;0,8247829461779855
2022-07-08;2179788,4818904125;0,8233747071855393
2022-07-11;2226214,278887483;0,8270580767814122
2022-07-12;2185905,075884553;0,8238689396282748
2022-07-13;2122344,4038264477;0,8185941083863002
2022-07-14;2082951,3649165356;0,8151633372856452
2022-07-15;2108701,4509455883;0,8174204419905731
2022-07-18;2092272,1068293774;0,8159867554364526
2022-07-19;2108369,958910676;0,8173917356105745
2022-07-20;2127430,39586136;0,8190277906922541
2022-07-21;2103250,575884553;0,8169472609198916
2022-07-22;2127187,161913606;0,8190070973627287
2022-07-25;2123896,778887483;0,8187266995672208
2022-07-26;2120952,5128352367;0,8184750594095968
2022-07-27;2159744,3569514477;0,8217354856613995
2022-07-28;2124052,2479426586;0,8187399677854457
2022-07-29;2153861,075884553;0,8212485553510606
2022-08-01;2142212,3449390577;0,9179330446141841
2022-08-02;2182351,298262422;0,9194424632372282
2022-08-03;2139095,813673799;0,9178134780988978
2022-08-04;2124528,786291902;0,9172499586386387
2022-08-05;2133329,313673799;0,9175913236591191
2022-08-08;2088803,712233369;0,9158346742159486
2022-08-09;2077045,5555866405;0,9153582142355067
2022-08-10;2015914,0089100047;0,9127914959854293
2022-08-11;2007287,8175571605;0,9124167230023797
2022-08-12;1998031,4815281078;0,9120109735184949
2022-08-15;2001156,6497028514;0,9121483843030667
2022-08-16;1985282,1142337963;0,9114459130626339
2022-08-17;1988591,7589100047;0,9115932950283268
2022-08-18;2005040,172880952;0,9123185423828933
2022-08-19;2046385,8055866405;0,91409007800039
2022-08-22;2044207,962233369;0,9139985519149507
2022-08-23;2015670,016997163;0,9127809396098663
2022-08-24;1924043,5949390575;0,9086274108333673
2022-08-25;1925227,1223209545;0,9086835818481945
2022-08-26;1895664,1223209545;0,9072594966223178
2022-08-29;1857103,700262849;0,9053338567393008
2022-08-30;1897613,962233369;0,9073547895209695
2022-08-31;1906735,950262849;0,9077980121396346
2022-09-01;1911840,5362919017;0,9080441900870881
2022-09-02;1896038,3449390575;0,9072778008903042
2022-09-05;1872148,0675571605;0,9060945830163672
2022-09-06;1829450,0949390575;0,9039029020658178
2022-09-07;1785671,0422771617;0,9015469026619461
2022-09-08;1785839,206248109;0,9015561735211268
2022-09-09;1806897,7432773754;0,9027034896727579
2022-09-12;1827009,8916156932;0,9037745522091363
2022-09-13;1810846,8605716869;0,9029156751092935
2022-09-14;1806838,9346302196;0,9027003228845979
2022-09-15;1791971,7862919017;0,9018930731588986
2022-09-16;1769842,329306428;0,900666380260013
2022-09-19;1780221,3723209545;0,9012455149272516
2022-09-20;1746977,950262849;0,8993663057323614
2022-09-21;1722977,4309681102;0,8979645108640362
2022-09-22;1723548,6966007396;0,8979983302556013
2022-09-23;1690250,8605716869;0,8959889037538512
2022-09-26;1650255,2589100047;0,8934680898667902
2022-09-27;1624209,0089100047;0,8917597156679737
2022-09-28;1286967,7874134227;0,863396079794356
2022-09-29;1218521,5501430675;0,8557228266349364
2022-09-30;1267310,29173166;0,8612771898989026
2022-10-03;1324516,2832255526;0,42182433728866026
2022-10-04;1291456,483573453;0,40702370574119423
2022-10-05;1265417,0955119296;0,3948216105646291
2022-10-06;1266231,0719828769;0,3952106398505356
2022-10-07;1264507,6682353183;0,3943863694439989
2022-10-10;1280045,2723307773;0,40173750383728396
2022-10-11;1286442,2880168124;0,4047124484640027
2022-10-12;1285809,0719828769;0,4044192901478512
2022-10-13;1284917,8873210116;0,40400621130541275
2022-10-14;1268438,275382535;0,3962630309346792
2022-10-17;1294683,8764262362;0,40850187928518195
2022-10-18;1293679,6839213534;0,4080427409166535
2022-10-19;1297575,0798258944;0,4098198310585249
2022-10-20;1295177,8716349765;0,4087274832304093
2022-10-21;1280395,4914164706;0,4019011430767341
2022-10-24;1276015,0798258944;0,39984793915571576
2022-10-25;1284782,0798258944;0,40394321196504296
2022-10-26;1306527,8716349765;0,41386395464524167
2022-10-27;1309599,6839213534;0,41523880218660475
2022-10-28;1300181,8716349765;0,41100310923201966
2022-10-31;1321102,2880168124;0,4203302145699192
2022-11-01;1311998,8765152104;0,24288587871843778
2022-11-02;1292842,0690200932;0,23166726987148178
2022-11-03;1284982,8765152104;0,22696800504527792
2022-11-04;1288298,4727676518;0,22895749897053497
2022-11-07;1297140,0690200932;0,23421309676632673
2022-11-08;1296034,8765152104;0,23356007271494708
2022-11-09;1285719,6840103276;0,22741100656025157
2022-11-10;1291982,4727676518;0,23115607413209088
2022-11-11;1294929,6840103276;0,23290593398174958
2022-11-14;1298122,4727676518;0,23479263524543809
2022-11-15;1295789,280262769;0,23341480621465277
2022-11-16;1296648,8765152104;0,23392300374730007
2022-11-17;1298122,4727676518;0,23479263524543809
2022-11-18;1296894,4727676518;0,23406807772464513
2022-11-21;1299841,6840103276;0,23580472242547493
2022-11-22;1299718,8765152104;0,23573251534322423
2022-11-23;1311384,8765152104;0,2425313923439249
2022-11-24;1315682,8765152104;0,24500584886670704
2022-11-25;1321208,8765152104;0,24816363697525107
2022-11-28;1322129,8765152104;0,248687368646886
2022-11-29;1323050,8765152104;0,24921037116006128
2022-11-30;1324892,8765152104;0,2502541947935317
2022-12-01;1331339,8765152104;0,2538848313360336
2022-12-02;1327962,8765152104;0,25198746585305404
2022-12-05;1326120,8765152104;0,25094846623220546
2022-12-06;1328883,8765152104;0,25250588552547565
2022-12-07;1327655,8765152104;0,25181449946014667
2022-12-08;1337172,8765152104;0,2571395262638569
2022-12-09;1353750,8765152104;0,2662365773884324
2022-12-12;1356513,8765152104;0,2677311351454706
2022-12-13;1367258,8765152104;0,2734858821710785
2022-12-14;1366951,8765152104;0,27332271634351324
2022-12-15;1356206,8765152104;0,26756537389959933
2022-12-16;1349452,8765152104;0,26389954491751827
2022-12-19;1354978,8765152104;0,2669015777796447
2022-12-20;1356513,8765152104;0,2677311351454706
2022-12-21;1374012,8765152104;0,2770570833116831
2022-12-22;1368793,8765152104;0,2743006134392418
2022-12-23;1370635,8765152104;0,27527588213966686
2022-12-27;1367872,8765152104;0,2738119941044355
2022-12-28;1373705,8765152104;0,27689551781267957
2022-12-29;1373398,8765152104;0,2767338800832278
2022-12-30;1371556,8765152104;0,2757625341509529
2023-01-02;1367564,536452199;0,8738315524820691
2023-01-03;1385851,895350362;0,8754964401148136
2023-01-04;1377539,3441227924;0,8747451423577108
2023-01-05;1394216,0526989948;0,8762433597642674
2023-01-06;1413282,2122410785;0,8779129228753639
2023-01-09;1386348,6349629413;0,875541050718916
2023-01-10;1395061,507761861;0,8763183605276519
2023-01-11;1387410,0589894305;0,8756362667786689
2023-01-12;1394283,7571782123;0,87624936921452
2023-01-13;1400595,189703847;0,8768070205344367
2023-01-16;1398396,8026989948;0,876613351724108
2023-01-17;1394326,2795781146;0,8762531432047886
2023-01-18;1400267,8343190204;0,8767782204119083
2023-01-19;1386259,8476361285;0,8755330793581184
2023-01-20;1405528,145350362;0,8772393886130667
2023-01-23;1392253,655154134;0,8760689233560311
2023-01-24;1418429,1516407977;0,8783559304000771
2023-01-25;1442294,3435391437;0,8803687366468064
2023-01-26;1434546,4500912677;0,8797226158596849
2023-01-27;1442529,8210019122;0,8803882651625792
2023-01-30;1470511,0428952228;0,8826642647272884
2023-01-31;1458115,1965779315;0,8816667607266577
2023-02-01;1468578,2524815837;0,9999466747647626
2023-02-02;1408233,765810136;0,9999443897152026
2023-02-03;1398946,0024815837;0,999944020512129
2023-02-06;1403531,7617131511;0,999944203413906
2023-02-07;1419936,5057774822;0,9999448480404163
2023-02-08;1431901,4140645305;0,9999453088878824
2023-02-09;1438043,7126027385;0,9999455424893612
2023-02-10;1415367,6560231487;0,9999446700082167
2023-02-13;1415769,8426686565;0,9999446857261556
2023-02-14;1416084,3566457073;0,9999446980115199
2023-02-15;1407400,8125859539;0,9999443568029251
2023-02-16;1386701,1176701824;0,9999435262005776
2023-02-17;1390071,008424882;0,9999436631076374
2023-02-20;1386433,6798039714;0,9999435153069931
2023-02-21;1372989,1563283245;0,9999429622000894
2023-02-22;1351697,806650285;0,9999420637657376
2023-02-23;1333678,0956517498;0,9999412809724975
2023-02-24;1341726,0673390666;0,9999416331822982
2023-02-27;1381867,407556657;0,9999433286577643
2023-02-28;1412380,6521550457;0,999944552992383
2023-03-01;1390233,7660143005;0,9999872578073222
2023-03-02;1385481,3180200683;0,999987214099329
2023-03-03;1379529,5760995972;0,9999871589367705
2023-03-06;1388051,2099954712;0,9999872377716427
2023-03-07;1371254,4178697693;0,9999870814443456
2023-03-08;1366335,841701709;0,9999870349397468
2023-03-09;1361628,5217210876;0,9999869901179131
2023-03-10;1348387,15166875;0,999986862358862
2023-03-13;1322462,29853078;0,9999866048154769
2023-03-14;1367527,706279956;0,9999870462394054
2023-03-15;1349354,1775972473;0,9999868717740622
2023-03-16;1375286,373909198;0,9999871193179474
2023-03-17;1352399,4848062622;0,9999869013359495
2023-03-20;1344551,9956628906;0,9999868248854854
2023-03-21;1368279,812793933;0,9999870533597383
2023-03-22;1410928,2150842773;0,999987444700358
2023-03-23;1442233,652073108;0,9999877172284198
2023-03-24;1389221,2472726929;0,9999872485203142
2023-03-27;1396163,6983110534;0,999987311927294
2023-03-28;1390807,703003131;0,9999872630655731
2023-03-29;1386647,30867406;0,9999872248506142
2023-03-30;1426257,577461444;0,9999875796442427
2023-03-31;1469244,4993974792;0,9999879430370364
2023-04-03;1436321,300912471;0,9999950543888584
2023-04-04;1437437,8209930374;0,9999950582303283
2023-04-05;1405809,462731929;0,9999949470487879
2023-04-11;1422824,1106506302;0,9999950074738152
2023-04-12;1415199,4880615189;0,9999949805757502
2023-04-13;1458375,5015655472;0,9999951291785818
2023-04-14;1488017,75140533;0,9999952262084091
2023-04-17;1515596,6401534989;0,9999953130757614
2023-04-18;1526530,486131282;0,9999953466460754
2023-04-19;1530985,2829986527;0,9999953601862097
2023-04-20;1522845,2533355667;0,99999533538512
2023-04-21;1542378,9961715653;0,9999953944609941
2023-04-24;1547346,59175262;0,9999954092465989
2023-04-25;1537273,7256179764;0,9999953791660455
2023-04-26;1577509,7968154862;0,9999954970253477
2023-04-27;1573723,9359603836;0,9999954861926756
2023-04-28;1587373,5097518875;0,9999955250061909
2023-05-02;1561524,3269363358;0,9999954509279771
2023-05-03;1546870,7046981766;0,9999954078342765
2023-05-04;1532104,721551509;0,9999953635763086
2023-05-05;1482752,8288665726;0,9999952092577465
2023-05-08;1490917,6948944046;0,9999952354937814
2023-05-09;1480607,457337947;0,9999952023160538
2023-05-10;1474719,9036575272;0,9999951831621645
2023-05-11;1522534,0030990555;0,999995334431537
2023-05-12;1525868,7989822342;0,9999953446281663
2023-05-15;1537490,202928157;0,999995379816655
2023-05-16;1490853,002275081;0,999995235287035
2023-05-19;1516338,6013198807;0,999995315369125
2023-05-22;1499640,2395187332;0,9999952632061734
2023-05-23;1502740,8412795975;0,9999952729795893
2023-05-24;1483688,420671077;0,9999952122787171
2023-05-25;1554863,19722137;0,9999954314394723
2023-05-26;1505449,6558242752;0,9999952814851023
2023-05-30;1500506,4060607865;0,9999952659404852
2023-05-31;1501771,495935054;0,9999952699284492
2023-06-01;1503134,0671325638;0,9999952742161966
2023-06-02;1496849,6506668045;0,9999952543753305
2023-06-05;1496433,462731929;0,9999952530554778
2023-06-06;1452998,7968154862;0,9999951111545003
2023-06-07;1447599,1383834793;0,9999950929187229
2023-06-08;1421389,894563289;0,999995002436238
2023-06-09;1412491,8964935257;0,9999949709540661
2023-06-12;1400233,4984146073;0,9999949269270898
2023-06-13;1419608,50140533;0,9999949961650542
2023-06-14;1428705,2552658035;0,999995028025128
2023-06-15;1386014,8080764725;0,9999948748840292
2023-06-16;1409306,740541072;0,9999949595879843
2023-06-19;1379314,116990657;0,9999948499862785
2023-06-20;1369634,7009979202;0,9999948135903511
2023-06-21;1350590,1562972977;0,9999947404572767
2023-06-22;1353643,0990768387;0,9999947523194012
2023-06-23;1328433,2847686722;0,9999946527336298
2023-06-26;1321513,2356582596;0,9999946247328918
2023-06-27;1296164,3940139725;0,9999945196098107
2023-06-28;1299417,342973323;0,999994533329367
2023-06-29;1306982,4097610428;0,9999945649715133
2023-06-30;1303699,046502681;0,9999945512834056
2023-07-03;1315695,6540542557;0,9999946009651952
2023-07-04;1321484,6957641556;0,999994624616803
2023-07-05;1311603,386849971;0,9999945841199406
2023-07-06;1292238,4569412186;0,9999945029598906
2023-07-07;1275169,068353267;0,9999944293766175
2023-07-10;1289494,168504329;0,9999944912611455
2023-07-11;1302575,0099121048;0,9999945465815214
2023-07-12;1320108,6034866287;0,9999946190134584
2023-07-13;1330753,1383834793;0,9999946620553251
2023-07-14;1313771,814179988;0,9999945930590441
2023-07-17;1235530,7533355667;0,9999942506597997
2023-07-18;1241265,052209468;0,9999942772201504
2023-07-19;1283312,112580867;0,9999944647240846
2023-07-20;1302111,1975341751;0,9999945446390123
2023-07-21;1320503,0105453446;0,9999946206206484
2023-07-24;1312604,5919128372;0,9999945882509688
2023-07-25;1306591,5045181229;0,9999945633454648
2023-07-26;1295663,7091079666;0,9999945174920168
2023-07-27;1326424,6911941483;0,99999464463631
2023-07-28;1312101,7395950272;0,9999945861769599
2023-07-31;1325558,3061462357;0,9999946411360437
2023-08-01;1336807,9783419068;0,8994206142104674
2023-08-02;1315443,362047046;0,8977870661257956
2023-08-03;1314681,831010669;0,8977278591605601
2023-08-04;1315876,5893572266;0,8978207177879394
2023-08-07;1310621,290246814;0,8974110016518536
2023-08-08;1303898,5346163209;0,8968820642016136
2023-08-09;1314128,6807650025;0,8976848102105918
2023-08-10;1316666,2257021363;0,8978819971565116
2023-08-11;1327488,5851839478;0,8987145148509548
2023-08-14;1323399,530443042;0,8984015618207425
2023-08-15;1320549,8801210816;0,8981823198016211
2023-08-16;1344804,224168628;0,9000186622232708
2023-08-17;1343982,4699953492;0,8999575304128474
2023-08-18;1320560,024736255;0,8981831019706737
2023-08-21;1320947,5769136841;0,8982129739816603
2023-08-22;1276844,3785875733;0,8946971709043288
2023-08-23;1304256,1229570801;0,8969103360808217
2023-08-24;1323325,6848619874;0,8983958923201899
2023-08-25;1321701,540246814;0,8982710382897279
2023-08-28;1333557,3280199463;0,8991754440884714
2023-08-29;1337869,02063927;0,899500382095753
2023-08-30;1341616,0220964844;0,8997810676335928
2023-08-31;1349174,3801210816;0,9003425151253546
2023-09-01;1347994,9295324204;0,8581002612144032
2023-09-04;1351811,987866771;0,8585009379249482
2023-09-05;1362090,5378316757;0,8595687121581066
2023-09-06;1356920,4366964218;0,8590336447060575
2023-09-07;1353688,6537755844;0,8586971030218371
2023-09-08;1350317,2271093247;0,8583443026980853
2023-09-11;1367344,2206472275;0,8601082847343168
2023-09-12;1371855,2361577866;0,8605682849447833
2023-09-13;1386328,887235057;0,8620239900169323
2023-09-14;1408173,13077296;0,8641643387415269
2023-09-15;1393456,493825328;0,8627297448951164
2023-09-18;1405418,9027685043;0,8638981388337948
2023-09-19;1403645,2834829208;0,8637261631298127
2023-09-20;1409919,1929296372;0,864332559380582
2023-09-21;1398274,2467168686;0,8632027094584035
2023-09-22;1381877,0633367416;0,8615794896232767
2023-09-25;1351137,6795324204;0,8584303204014305
2023-09-26;1346301,4010747788;0,8579217638544706
2023-09-27;1367749,315045726;0,8601497172904344
2023-09-28;1342279,963483226;0,8574961009709285
2023-09-29;1354801,3382238266;0,8588131536423401
2023-10-02;1355919,6317974254;0,9999737121369969
2023-10-03;1330723,9186245129;0,9999732144068165
2023-10-04;1307259,829684846;0,999972733630519
2023-10-05;1322950,5728145763;0,999973057020983
2023-10-06;1310398,8698879406;0,9999727989466849
2023-10-09;1307779,713027589;0,9999727444697538
2023-10-10;1326293,2434040233;0,9999731249256519
2023-10-11;1335783,1528278515;0,9999733158563586
2023-10-12;1341062,3404537365;0,9999734209003946
2023-10-13;1328806,292197816;0,9999731757520015
2023-10-16;1325157,5166660473;0,9999731018923596
2023-10-17;1325139,6721149608;0,9999731015301452
2023-10-18;1308626,7599216625;0,9999727621116918
2023-10-19;1296043,6693683788;0,9999724976631835
2023-10-20;1261704,6636425182;0,9999717491497409
2023-10-23;1243735,7436138317;0,9999713409944944
2023-10-24;1262848,1456180736;0,9999717747302813
2023-10-25;1257458,364451997;0,9999716537497133
2023-10-26;1268316,979220979;0,9999718964343237
2023-10-27;1285680,3433643505;0,9999722759784672
2023-10-30;1292752,9803959057;0,9999724276562775
2023-10-31;1316381,9096065685;0,9999729225772067
2023-11-01;1311762,8788639233;0,9999728272311268
2023-11-02;1327815,2963749096;0,9999731557321103
2023-11-03;1324659,3455845043;0,9999730917766574
2023-11-06;1310243,1683536693;0,9999727957142729
2023-11-07;1267957,2537113354;0,9999718884612083
2023-11-08;1319318,8872829601;0,9999729828551176
2023-11-09;1371438,8339153454;0,9999740096104599
2023-11-10;1349093,6957851574;0,999973579129726
2023-11-13;1348694,6806713268;0,9999735713130372
2023-11-14;1355703,7849994823;0,9999737079516055
2023-11-15;1308197,4525219128;0,9999727531731123
2023-11-16;1283932,6170574352;0,9999722382397251
2023-11-17;1289864,5096698925;0,9999723659118794
2023-11-20;1297161,8471447155;0,9999725213707124
2023-11-21;1294706,3245807812;0,9999724692551144
2023-11-22;1308094,986251466;0,9999727510388019
2023-11-23;1324273,2004963085;0,9999730839304831
2023-11-24;1338054,2130581066;0,999973361146973
2023-11-27;1337275,8549152538;0,9999733456418937
2023-11-28;1323349,3498378918;0,9999730651399585
2023-11-29;1329359,898788087;0,9999731869228519
2023-11-30;1332847,094504945;0,9999732570752708
2023-12-01;1325514,4445909054;0,8293002750432608
2023-12-04;1317007,4726022275;0,8281976709890767
2023-12-05;1322701,510978082;0,8289372551252784
2023-12-06;1308795,6384156735;0,8271197240603955
2023-12-07;1298118,7375253232;0,8256978005346459
2023-12-08;1292660,9642327817;0,8249618752492113
2023-12-11;1299321,7178147824;0,8258591786656286
2023-12-12;1291174,1524957211;0,8247603155000407
2023-12-13;1285072,3558190854;0,8239282402323295
2023-12-14;1301443,6596597226;0,8261431069732116
2023-12-15;1280525,7553666623;0,823303084557589
2023-12-18;1284427,9472535641;0,8238399035137277
2023-12-19;1292205,2442124875;0,8249001448251003
2023-12-20;1266400,0985177548;0,8213321750506163
2023-12-21;1261421,2207253964;0,8206269663136506
2023-12-22;1249251,8845704587;0,8188796399569562
2023-12-27;1276515,7562249692;0,8227480154361869
2023-12-28;1280361,8682397397;0,8232804672409333
