GC RIEBER SHIPPING;GOLDEN OCEAN GROUP;GRAM CAR CARRIERS;HAFNIA LIMITED;JINHUI SHIPP TRANS;KLAVENESS COMBINAT;MPC CONTAINER SHIP;ODFJELL SER. A;ODFJELL SER. B;OKEANIS ECO TANKER;PHILLY SHIPYARD;SAGA PURE;STOLT-NIELSEN;WALLENIUS WILHELMS;2020 BULKERS;AMSC;AVANCE GAS HOLDING;AWILCO LNG;BELSHIPS;BW LPG;EQVA;FLEX LNG;FRONTLINE;
percent/trade;8,44
hitrate;0,51
Number of trades;90
Return;193,76
2016-01-04;999401,0617820588;0,3995314399428403
2016-01-05;978847,8249809113;0,3869231752141124
2016-01-06;957805,5603477326;0,3734543404926581
2016-01-07;935800,3641349641;0,3587212193034371
2016-01-08;945292,9164878693;0,3651608871486023
2016-01-11;940020,0145942536;0,3615998519490057
2016-01-12;924351,8183814851;0,35077867046484124
2016-01-13;932808,2711936799;0,3566642417096791
2016-01-14;923116,3707343903;0,34990978871878375
2016-01-15;906970,7686111298;0,33833709171594006
2016-01-18;908106,6664878693;0,33916472741158354
2016-01-19;919883,9622413483;0,34762541676922964
2016-01-20;904334,3117820588;0,33640810851762376
2016-01-21;924754,2122413483;0,3510611700449881
2016-01-22;932638,7645942536;0,3565473157777782
2016-01-25;930276,9164878693;0,35491367586170275
2016-01-26;932241,9230872956;0,3562734075501614
2016-01-27;932023,8169471589;0,3561227668478213
2016-01-28;927189,2188407746;0,3527654287890016
2016-01-29;930649,2202751008;0,3551717409589871
2016-02-01;920801,2579948273;0,3482753077524135
2016-02-02;901541,8143646088;0,33435265350302606
2016-02-03;900118,3707343903;0,333300001422867
2016-02-04;907004,5669471589;0,33836174771672234
2016-02-05;902675,6207343903;0,33518874033660245
2016-02-08;865694,5186111298;0,3067890536598876
2016-02-09;863064,1207343903;0,3046763246544992
2016-02-10;863786,0145942536;0,30525742909861925
2016-02-11;859588,8209640351;0,3018651454600784
2016-02-12;865858,2254402009;0,3069201182644249
2016-02-15;878756,1207343903;0,31709276063266695
2016-02-16;877103,2188407746;0,3158058212566993
2016-02-17;891351,4098884431;0,326742618197041
2016-02-18;888297,5211936799;0,32442801857484344
2016-02-19;879213,1730872956;0,3174477648229168
2016-02-22;896280,2645942536;0,33044501793248915
2016-02-23;887801,3667175141;0,3240504700880737
2016-02-24;877024,5186111298;0,31574442475312836
2016-02-25;877919,6167175141;0,31644206934156616
2016-02-26;881793,3641349641;0,31944496194233224
2016-02-29;880447,0145942536;0,31840428039338137
2016-03-01;876499,8707343903;0,31533484884024243
2016-03-02;871328,6207343903;0,3112714282447491
2016-03-03;871494,1598884431;0,31140225131894494
2016-03-04;879456,0643646088;0,31763627450629134
2016-03-07;880840,1690704194;0,3187085040397457
2016-03-08;876674,9190704194;0,3154715580044269
2016-03-09;871490,4622413483;0,31139932966738915
2016-03-10;869002,4139053193;0,30942779112549945
2016-03-11;870994,0709640351;0,3110068868509566
2016-03-14;875682,1141349641;0,3146954736186631
2016-03-15;871734,9596587983;0,31159246300876225
2016-03-16;877805,0160285798;0,31635282832750317
2016-03-17;874734,2122413483;0,3139528463735302
2016-03-18;871418,9098884431;0,31134278855080866
2016-03-21;862377,6207343903;0,3041228087797271
2016-03-22;859333,2188407746;0,3016574905629673
2016-03-23;858178,5617820588;0,3007178887786389
2016-03-29;840860,2350189057;0,2863154998947279
2016-03-30;836994,1303130952;0,28301896661642534
2016-03-31;848033,8143646088;0,2923526086781077
2016-04-01;843744,4662582246;0,2887551379753779
2016-04-04;842751,2418166962;0,2879169003723677
2016-04-05;833425,6732856599;0,279949087574868
2016-04-06;832544,784789261;0,2791872251775948
2016-04-07;834632,034789261;0,2809898356712454
2016-04-08;835674,9427635041;0,2818871480059441
2016-04-11;839240,7096587983;0,2849382667198668
2016-04-12;836777,2155410615;0,28283310618126956
2016-04-13;844789,8169471589;0,28963523890889203
2016-04-14;854184,4139053193;0,2974480607247565
2016-04-15;845664,0643646088;0,29036961392138355
2016-04-18;847992,1141349641;0,2923178099361928
2016-04-19;853276,3575355378;0,29670040522261204
2016-04-20;846546,2254402009;0,29110909900305215
2016-04-21;848135,2188407746;0,29243721619284474
2016-04-22;857522,4098884431;0,30018281788584533
2016-04-25;851781,3733169404;0,2954660253358533
2016-04-26;848120,1690704194;0,2924246605930647
2016-04-27;850027,0669471589;0,294011991120308
2016-04-28;847973,6141349641;0,2923023706344292
2016-04-29;838043,0160285798;0,28391633244348424
2016-05-02;835370,0777618256;0,281625075564452
2016-05-03;831995,4164878693;0,27871127100539855
2016-05-04;830514,0314895478;0,2774247108004197
2016-05-06;833014,6233169404;0,27959377940050456
2016-05-09;830419,1927635041;0,27734218847856645
2016-05-10;828264,7620117036;0,27546245595392155
2016-05-11;829709,6596900788;0,27672420167793654
2016-05-12;835840,9190704194;0,28202974657512514
2016-05-13;832646,4366828767;0,27927522409319094
2016-05-18;837815,4230872956;0,28372180798903557
2016-05-19;826137,4991332856;0,27359680789523116
2016-05-20;806583,5186111298;0,25598663667067323
2016-05-23;813138,0213920441;0,2619839428237307
2016-05-24;812063,1639053193;0,2610070950615884
2016-05-25;815797,3439399567;0,26438971523295646
2016-05-26;817003,1233169404;0,26547537045942377
2016-05-27;814827,4164878693;0,2635140836638707
2016-05-30;820006,9030906525;0,2681660188151773
2016-05-31;826834,5911590424;0,27420922769250977
2016-06-01;822322,4258682099;0,270226741227113
2016-06-02;822617,6260978547;0,27048862381599004
2016-06-03;820579,643710312;0,26867681755492717
2016-06-06;824384,3733169404;0,2720520476712709
2016-06-07;825507,0643646088;0,2730420581563745
2016-06-08;829457,7550155488;0,27650454425298626
2016-06-09;823431,4139053193;0,2712095915290502
2016-06-10;813723,6235153046;0,2625150614463113
2016-06-13;806082,3183814851;0,255524029242057
2016-06-14;796423,2028610078;0,2464949359434965
2016-06-15;795833,8222553101;0,24593690327558185
2016-06-16;784778,2471248475;0,2353140282793794
2016-06-17;796042,4139053193;0,24613449483956032
2016-06-20;791122,896292862;0,24144665854075106
2016-06-21;793558,3117820588;0,24377464443635996
2016-06-22;791363,4486457673;0,24167723753881376
2016-06-23;793456,0777618256;0,2436772074635163
2016-06-24;786979,9245769349;0,2374533355339703
2016-06-27;779503,9164878693;0,23013995979427737
2016-06-28;784320,1866828767;0,23486743465585347
2016-06-29;791002,0698711243;0,24133078869737556
2016-06-30;787193,6596900788;0,23766037861111008
2016-07-01;785725,896292862;0,23623630159162787
2016-07-04;784484,0549842683;0,23502726068804078
2016-07-05;777675,3788234559;0,22832979823049898
2016-07-06;773727,2162582246;0,2243921321651062
2016-07-07;775953,6141349641;0,2266175380124069
2016-07-08;776034,8371421662;0,2266984834110843
2016-07-11;784130,503922638;0,23468234753551198
2016-07-12;783749,9688407746;0,2343107619187842
2016-07-13;784599,9164878693;0,23514022385554562
2016-07-14;785306,5926486817;0,2358285004792558
2016-07-15;786693,5536929932;0,23717575456063603
2016-07-18;790829,7122413483;0,24116544029806777
2016-07-19;790104,7028610078;0,24046912476935575
2016-07-20;791104,741618332;0,24142925087233072
2016-07-21;796171,9028922883;0,2462571031358585
2016-07-22;791996,5562755433;0,24228342695080404
2016-07-25;792497,4971248475;0,2427623826383768
2016-07-26;792585,1073371735;0,24284608563484264
2016-07-27;793853,350539383;0,24405569859958917
2016-07-28;789798,9971248475;0,24017513484762362
2016-07-29;785398,7471248475;0,23591816426404913
2016-08-01;784505,9190704194;0,23504858038680784
2016-08-02;781681,4662582246;0,2322845783200054
2016-08-03;776670,8075668183;0,22733169491986996
2016-08-04;780553,2175494996;0,2311748859714196
2016-08-05;784551,0630733338;0,23509259660288578
2016-08-08;790309,0211936799;0,24066548603802218
2016-08-09;791041,252631363;0,24136836796863104
2016-08-10;786051,6167175141;0,23655278645202202
2016-08-11;785519,1528922883;0,2360352840815362
2016-08-12;784654,5643646088;0,2351934931088808
2016-08-15;784650,8667175141;0,23518988897782306
2016-08-16;786851,7028610078;0,2373290744547392
2016-08-17;780368,7471248475;0,23099314433223866
2016-08-18;778636,9028922883;0,2292827192511262
2016-08-19;779861,4190704194;0,23049287756382636
2016-08-22;782788,5254089204;0,2333703203245361
2016-08-23;783453,1677791444;0,23402069049130428
2016-08-24;787746,2188407746;0,2381951164792985
2016-08-25;774669,9811450806;0,22533603844979685
2016-08-26;769614,005213913;0,2202468868519746
2016-08-29;764702,7230560151;0,2152389439786121
2016-08-30;769286,0211936799;0,2199144402017121
2016-08-31;757401,5153114167;0,20767399542219586
2016-09-01;750198,2565051881;0,20006623411324972
2016-09-02;751791,3788234559;0,2017613750412617
2016-09-05;751888,066373047;0,2018640229486936
2016-09-06;750747,036797699;0,20065096887011968
2016-09-07;753601,5891506043;0,20367880704144864
2016-09-08;754033,6677791444;0,20413511739420026
2016-09-09;751742,1053287354;0,20170905389762248
2016-09-12;745800,2754089204;0,1953490280506652
2016-09-13;742500,8641349641;0,19177344367536278
2016-09-14;741441,4776470033;0,1906186333244519
2016-09-15;741959,317664322;0,1911835296077901
2016-09-16;742736,284789261;0,19202962238725113
2016-09-19;751804,1596900788;0,2017749453058943
2016-09-20;750416,7779914704;0,20029917495436056
2016-09-21;749290,7981864777;0,19909744262131077
2016-09-22;753619,9164878693;0,2036981728341451
2016-09-23;751600,6879741517;0,2015588515420469
2016-09-26;747830,0153114167;0,19753298984934736
2016-09-27;745881,4984161225;0,19543665077871067
2016-09-28;750583,3358508912;0,2004766322082518
2016-09-29;752697,5757533875;0,2027224003116918
2016-09-30;752414,7357360688;0,2024226959074671
2016-10-03;751672,7121507836;0,40166508798993
2016-10-04;768136,731437893;0,41448962446671633
2016-10-05;769945,5512544824;0,4158651539029962
2016-10-06;783001,4787065698;0,4256051382839666
2016-10-07;775253,6796533776;0,41986469991835745
2016-10-10;781215,0042154504;0,4242916179819388
2016-10-11;772026,608013363;0,41743973404952245
2016-10-12;766520,481098385;0,4132550438304819
2016-10-13;754572,9550916863;0,4039648213598359
2016-10-14;762315,5418798638;0,4100185535034154
2016-10-17;755475,7364122582;0,4046770737853545
2016-10-18;753973,8985235406;0,4034912521960896
2016-10-19;756194,7493555261;0,40524312491138675
2016-10-20;755411,2294237328;0,40462623725066393
2016-10-21;758371,046016903;0,40694989814380983
2016-10-24;758084,2263147546;0,406725518783748
2016-10-25;755694,6992017938;0,4048495688005188
2016-10-26;753116,9526998712;0,40281250545113806
2016-10-27;757391,1788160516;0,4061826455542314
2016-10-28;768843,4612428857;0,4150278323781849
2016-10-31;758169,7050916863;0,40679240668061145
2016-11-01;762338,9029295159;0,41003663284557207
2016-11-02;752600,3798830224;0,4024026055434422
2016-11-03;757617,9202787591;0,406360364443825
2016-11-04;752204,8178865624;0,40208834696278767
2016-11-07;758491,2213403893;0,4070438609819139
2016-11-08;756857,7460558129;0,4057641235372337
2016-11-09;763921,1759702874;0,41125859547765325
2016-11-10;780827,7476160241;0,42400609166584385
2016-11-11;787402,436636181;0,42881555204925337
2016-11-14;788052,3822748376;0,4292866360141827
2016-11-15;787471,0236932946;0,42886530100404063
2016-11-16;800526,6991312219;0,4381798551213759
2016-11-17;800155,8523218347;0,4379194693383148
2016-11-18;796915,0203935815;0,4356336440201796
2016-11-21;794708,3047525598;0,4340665330971412
2016-11-22;798683,8930952264;0,4368835656092463
2016-11-23;790724,0273763848;0,43121492390033606
2016-11-24;789690,480529995;0,43047049803201126
2016-11-25;784391,590019436;0,4266230900385283
2016-11-28;786505,0260851098;0,4281638245545796
2016-11-29;785787,356722088;0,42764155946559074
2016-11-30;792371,231098385;0,4323973304007219
2016-12-01;793881,8695947839;0,4334773934128589
2016-12-02;792940,483106823;0,43280481238272167
2016-12-05;799792,5341741754;0,43766413555047673
2016-12-06;808293,8987924767;0,44357859590799636
2016-12-07;810253,452430935;0,44492427062697876
2016-12-08;808245,0431711389;0,44354496215589073
2016-12-09;815654,8227464868;0,44860005293575395
2016-12-12;812053,1355745507;0,44615443696686496
2016-12-13;806895,9296533776;0,4426145806952923
2016-12-14;806436,4555513574;0,4422970055618131
2016-12-15;808660,9230539514;0,4438311370523542
2016-12-16;815683,7971880151;0,4486196395765331
2016-12-19;809846,8815080834;0,44464560356447996
2016-12-20;807646,3396417809;0,44313246527608807
2016-12-21;820634,5764238549;0,4519460439443945
2016-12-22;825323,7837907983;0,45505989901399446
2016-12-23;829977,1249086572;0,4581151545175331
2016-12-27;844167,2716791345;0,4672240429429261
2016-12-28;837888,1273004723;0,46323141308359217
2016-12-29;842286,202770443;0,4660342000073277
2016-12-30;839622,5176126672;0,46434020449581553
2017-01-02;833888,6583719769;0,8608122165221408
2017-01-03;855533,864955;0,8643336999497663
2017-01-04;844116,5213184872;0,8624987059312291
2017-01-05;876440,3817530194;0,8675698696196897
2017-01-06;874021,2981472531;0,8672033344357171
2017-01-09;853445,8444099942;0,8640017819685314
2017-01-10;838651,217199854;0,8616026404711437
2017-01-11;845515,5319314519;0,8627262189247032
2017-01-12;849482,4433808842;0,8633672597585634
2017-01-13;859055,8377199689;0,864889907116892
2017-01-16;854801,9811873952;0,864217542096833
2017-01-17;866075,6767883817;0,8659850205509452
2017-01-18;883600,2253237286;0,8686429556040491
2017-01-19;887348,4106302777;0,8691978115521957
2017-01-20;914255,3861399213;0,8730473828366838
2017-01-23;935021,4068918744;0,8758668912063281
2017-01-24;931336,3615599194;0,8753757301693693
2017-01-25;949583,1838245908;0,8777704618160536
2017-01-26;928085,1402178326;0,8749391526742052
2017-01-27;907766,130828909;0,8721398495886415
2017-01-30;883423,4819536725;0,868616675470929
2017-01-31;872155,0225554028;0,8669191703029513
2017-02-01;873777,9196052867;0,8657332578012601
2017-02-02;844180,5574531871;0,8610258035028245
2017-02-03;854919,5974312144;0,86277152258165
2017-02-06;839957,5046539622;0,8603270831910402
2017-02-07;852888,357643159;0,862444699098965
2017-02-08;835346,1273842173;0,8595560441059742
2017-02-09;848644,2729835826;0,861756782664503
2017-02-10;866164,6284904795;0,8645530990164605
2017-02-13;880977,7194938975;0,8668305541960906
2017-02-14;871924,7881317454;0,8654478961173109
2017-02-15;868694,6326980906;0,8649475773711061
2017-02-16;875023,1074943858;0,8659243239798132
2017-02-17;858544,2221908885;0,8633508774059288
2017-02-20;887068,1996689158;0,867744876082378
2017-02-21;926967,9736671763;0,8734375749720159
2017-02-22;904764,2522201854;0,8703316202174142
2017-02-23;916741,544475587;0,8720257466484671
2017-02-24;904208,5110626536;0,8702519239365298
2017-02-27;905890,3270454722;0,870492805621154
2017-02-28;926373,1622391063;0,8733563109848459
2017-03-01;956123,4564259959;0,8918260723599674
2017-03-02;947878,824822755;0,8908851776389206
2017-03-03;942093,7808545543;0,8902151445087064
2017-03-06;940533,0288518382;0,8900329638432544
2017-03-07;947400,1670735789;0,8908300492390234
2017-03-08;957396,2905133677;0,8919698868533276
2017-03-09;936745,5853646708;0,8895883458579634
2017-03-10;958494,4287198497;0,8920936559553091
2017-03-13;982134,6592095805;0,8946909890405437
2017-03-14;1006841,714583726;0,8972751842794622
2017-03-15;1055516,6926377728;0,9020123222003297
2017-03-16;1053965,5850881054;0,9018681149994876
2017-03-17;1065419,3199494793;0,9029230767138068
2017-03-20;1066151,5082009747;0,9029897450833347
2017-03-21;1009526,4247258616;0,8975483681683226
2017-03-22;987309,504844041;0,8952429515942912
2017-03-23;988567,809914918;0,8953762922957554
2017-03-24;997939,2896703196;0,8963587959097872
2017-03-27;965444,6584142161;0,8928704730105941
2017-03-28;1001963,7937138987;0,8967750828530473
2017-03-29;996544,8964246226;0,8962137782638409
2017-03-30;1005478,3999837352;0,8971359010874459
2017-03-31;990578,2092584086;0,8955886283145738
2017-04-03;1006907,3617445307;0,6965927780442811
2017-04-04;988347,6873442011;0,6908952494090514
2017-04-05;993925,1087156611;0,6926297940209624
2017-04-06;1006612,8609930354;0,6965040113909454
2017-04-07;1020115,1514173823;0,7005210980650625
2017-04-10;1038876,9072653132;0,7059295829398493
2017-04-11;1027225,0128866511;0,702593918994279
2017-04-12;1021969,2191969233;0,7010644159774809
2017-04-13;1021969,2191969233;0,7010644159774809
2017-04-18;987683,9244657832;0,6906875187232494
2017-04-19;974803,461590417;0,6866004508280734
2017-04-20;956854,992725976;0,6807217731880927
2017-04-21;952196,3481146174;0,6791596964233513
2017-04-24;968832,8642927485;0,6846690728057739
2017-04-25;958141,2166487055;0,6811503773293157
2017-04-26;972776,803097375;0,6859475221644555
2017-04-27;956036,9934431391;0,6804485940513555
2017-04-28;953852,8458372431;0,6797168800964102
2017-05-02;951284,8399200602;0,8789036404793942
2017-05-03;924775,4337005778;0,8754323192599427
2017-05-04;887638,5621872111;0,8702206777749641
2017-05-05;891625,0967178508;0,8708009325830866
2017-05-08;905547,3290290996;0,8727872886500891
2017-05-09;899418,5791969462;0,8719204454456385
2017-05-10;910317,7219505473;0,8734539291022178
2017-05-11;888427,0763855143;0,8703358620606986
2017-05-12;885983,5925293132;0,8699782569871346
2017-05-15;891395,0657653972;0,8707675918280438
2017-05-16;897739,1893997355;0,8716808485786534
2017-05-18;889295,5437812968;0,8704624893411229
2017-05-19;892273,1297264262;0,8708947662507988
2017-05-22;897724,7821579142;0,8716787892336497
2017-05-23;895138,4636268779;0,8713080314807259
2017-05-24;877817,8569526835;0,8687687541680176
2017-05-26;861285,8193245097;0,8662498227686966
2017-05-29;856485,4316177531;0,8655001863092124
2017-05-30;861593,1047744914;0,8662975245007182
2017-05-31;847819,3832245036;0,8641253865377159
2017-06-01;847511,5581855937;0,8640760354607047
2017-06-02;856036,5328750773;0,8654296556777064
2017-06-06;830389,7610283061;0,8612734207623077
2017-06-07;830361,2714576884;0,8612686610741918
2017-06-08;808341,7222328349;0,8574895643599104
2017-06-09;854814,0382957621;0,8652372026889855
2017-06-12;869117,6228923961;0,8674550740346408
2017-06-13;857393,4100589915;0,8656426214268014
2017-06-14;863563,1017036601;0,8666025322825887
2017-06-15;837692,9580497905;0,862482870514217
2017-06-16;825232,1347789927;0,860406392181622
2017-06-19;846495,7126407786;0,8639129185638924
2017-06-20;845324,0217552348;0,8637242903114646
2017-06-21;832880,1806602641;0,8616882312049504
2017-06-22;843468,2113552256;0,8634244546141568
2017-06-23;849069,5473270579;0,8643254473745857
2017-06-26;840261,0561561747;0,8629031654656972
2017-06-27;850952,7057895823;0,8646256951794137
2017-06-28;848784,4744911357;0,8642798797061825
2017-06-29;839746,7836780711;0,8628192054789411
2017-06-30;860255,3780594035;0,8660896125504874
2017-07-03;860121,8474664183;0,7198359936266726
2017-07-04;857369,2565412016;0,7189365248206337
2017-07-05;843016,2072953673;0,7141511863353899
2017-07-06;840684,8421353789;0,7133584779007892
2017-07-07;822158,3346547575;0,706899300781752
2017-07-10;833726,5719346495;0,710966171803496
2017-07-11;850511,0705289335;0,7166701397483785
2017-07-12;873366,0885781737;0,7240845667047554
2017-07-13;871768,3730020018;0,723578888362739
2017-07-14;880074,3852395506;0,7261877100424553
2017-07-17;893518,5041551085;0,7303075631508262
2017-07-18;884848,5528192015;0,7276650541071095
2017-07-19;894900,735600421;0,7307241203754952
2017-07-20;891429,8931970091;0,7296756765793545
2017-07-21;873277,4386987181;0,7240565574274999
2017-07-24;872580,8125771971;0,7238362575912123
2017-07-25;883760,9578103514;0,7273299067742578
2017-07-26;877064,0157899351;0,7252478970552869
2017-07-27;870183,6295213194;0,7230754813349245
2017-07-28;874752,6806153746;0,7245219270595461
2017-07-31;884205,9609078856;0,7274671361545775
2017-08-01;902845,1162385435;0,7330935523477419
2017-08-02;902797,2868928404;0,7330794118967896
2017-08-03;890615,5383157225;0,7294284992925935
2017-08-04;902857,0701512785;0,7330970862142742
2017-08-07;911216,6008271666;0,7355456622095428
2017-08-08;917434,6989221068;0,7373380546446071
2017-08-09;912395,7904290648;0,7358874456861552
2017-08-10;905901,6390542479;0,7339940978504075
2017-08-11;899967,719313571;0,7322401930824609
2017-08-14;919993,7755040617;0,7380686813632079
2017-08-15;916974,297028491;0,7372061752043498
2017-08-16;922292,0806321593;0,7387214009359703
2017-08-17;905979,7744817229;0,7340170392950851
2017-08-18;916674,1430825682;0,7371201265205598
2017-08-21;921417,5073174925;0,7384734055499262
2017-08-22;920517,124365756;0,7382175992418896
2017-08-23;927459,4752034636;0,7401771298928664
2017-08-24;931334,5401982756;0,7412581920304195
2017-08-25;957976,6746720762;0,7484540186347359
2017-08-28;950654,6531800719;0,7465165904891705
2017-08-29;934637,7712506743;0,7421726468073704
2017-08-30;933792,450941989;0,7419392473002653
2017-08-31;945688,0510568114;0,7451853362362687
2017-09-01;947397,3756188841;0,7456450809798755
2017-09-04;943618,3864831419;0,7446264441142014
2017-09-05;954040,0510568114;0,747416072848843
2017-09-06;951238,061810443;0,7466720556820614
2017-09-07;963413,8009194823;0,7498736446110352
2017-09-08;962827,5634316893;0,7497213500031706
2017-09-11;966479,482033679;0,7506670475317732
2017-09-12;957427,2305230589;0,7483096625278028
2017-09-13;948864,3298654051;0,746038316363308
2017-09-14;952200,5113839598;0,7469281103355233
2017-09-15;947012,3837022276;0,7455416772763234
2017-09-18;939979,2740525694;0,7436377701005108
2017-09-19;937791,4785088988;0,7430396966940096
2017-09-20;949048,6021241636;0,7460876268970121
2017-09-21;936883,4168519469;0,7427906413744322
2017-09-22;941151,0267953367;0,7439569464467871
2017-09-25;913453,0576562376;0,736193140155751
2017-09-26;892974,7393998594;0,7301433376297165
2017-09-27;905504,2871560545;0,7338773695790464
2017-09-28;920680,264946887;0,7382639859568171
2017-09-29;916871,4581765623;0,7371766995183145
2017-10-02;909743,9011659117;0,7351175617153463
2017-10-03;927988,2817162962;0,7403251878248496
2017-10-04;932781,8698129149;0,7416596628279757
2017-10-05;936380,5683450194;0,7426525166137046
2017-10-06;925611,5508317442;0,7396584101193615
2017-10-09;916104,6934823485;0,7369567207003259
2017-10-10;918692,7936906309;0,7376977544502564
2017-10-11;913868,5027970762;0,7363130669041911
2017-10-12;907684,8614930601;0,7345166885795174
2017-10-13;917821,3447579832;0,7374487048795302
2017-10-16;923727,3799104185;0,7391273789255991
2017-10-17;918426,2774247618;0,7376216374915725
2017-10-18;922630,5227288695;0,7388172439356482
2017-10-19;898974,1938447447;0,731944271142185
2017-10-20;908216,6941499205;0,7346721500412745
2017-10-23;915553,2618379088;0,7367982914815038
2017-10-24;918516,6162766905;0,7376474431869948
2017-10-25;920759,9482984038;0,7382866368147852
2017-10-26;921472,7848786802;0,7384890940787294
2017-10-27;923555,1274022551;0,739078723504869
2017-10-30;919352,9399899931;0,7378861019816365
2017-10-31;909279,3993825407;0,7349822475698257
2017-11-01;910438,4921693297;0,7353196456124775
2017-11-02;900798,6316937895;0,7324871794017833
2017-11-03;893652,9799088927;0,7303481461226851
2017-11-06;916883,7101850004;0,7371802115376246
2017-11-07;925922,0644540282;0,7397457172623797
2017-11-08;960157,5632066221;0,7490253766781371
2017-11-09;955499,5429677458;0,7478018859046652
2017-11-10;952529,0806321593;0,7470154059805784
2017-11-13;940100,623604724;0,7436708617090115
2017-11-14;920730,8804025145;0,7382783744039594
2017-11-15;902016,7419061156;0,7328484366640491
2017-11-16;912669,3877686949;0,735966620569406
2017-11-17;913967,9663533659;0,7363417629209863
2017-11-20;934653,4072465391;0,7421769600505439
2017-11-21;951074,7836312742;0,7466285649637786
2017-11-22;956626,0201959105;0,7480988623892233
2017-11-23;955938,0174531431;0,7479175654113667
2017-11-24;950762,689354846;0,746545394078372
2017-11-27;943930,4193467589;0,7447108623512895
2017-11-28;946143,3172234984;0,7453079482053812
2017-11-29;941935,485108325;0,7441701830272304
2017-11-30;948890,7560319395;0,7460453890781622
2017-12-01;967759,4542855711;0,750996818797999
2017-12-04;966746,5773324461;0,75073593389868
2017-12-05;950147,6875390501;0,7463813405897324
2017-12-06;937108,3076562376;0,7428523674514073
2017-12-07;940120,1794557066;0,743676193723514
2017-12-08;952569,6127786131;0,7470261705572327
2017-12-11;974550,5536279173;0,7527319831091862
2017-12-12;976788,0073556395;0,7532983810808778
2017-12-13;961589,1329850645;0,7493990161813084
2017-12-14;951790,8131684752;0,7468191755778535
2017-12-15;954006,9469193907;0,7474073081610578
2017-12-18;958516,1941384764;0,7485956061785575
2017-12-19;962080,5834016295;0,7495270282834277
2017-12-20;944281,732525775;0,7448058408258553
2017-12-21;960314,6074265928;0,7490664195964133
2017-12-22;953504,4891366453;0,7472742021659365
2017-12-27;962238,8218202086;0,7495682181066218
2017-12-28;971718,621033618;0,7520113564366049
2017-12-29;968069,5558404417;0,7510765819443479
2018-01-02;966368,599081584;0,6996143757245391
2018-01-03;973919,9816156111;0,7019434446413341
2018-01-04;980564,3704438887;0,7039631015922833
2018-01-05;972589,6953836165;0,7015357696126644
2018-01-08;978473,0427575789;0,7033303706587212
2018-01-09;974096,9369798384;0,7019975898750491
2018-01-10;969612,7023225508;0,7006193976007146
2018-01-11;960961,0661035262;0,6979240417175742
2018-01-12;983546,717630931;0,7048607557610181
2018-01-15;990576,073854991;0,7069551318904373
2018-01-16;995573,9368730269;0,7084262412221561
2018-01-17;977567,0762010298;0,7030554301773257
2018-01-18;966294,8682504378;0,6995914555140837
2018-01-19;969347,491747447;0,7005374879631355
2018-01-22;996406,1872544966;0,7086697788226582
2018-01-23;987221,0619302473;0,7059592363763463
2018-01-24;987992,2138963423;0,7061887423479432
2018-01-25;981429,3241525374;0,7042240049572767
2018-01-26;977759,899447032;0,7031139903779111
2018-01-29;973266,3074899397;0,7017432611389101
2018-01-30;940203,1307969771;0,6912547667552847
2018-01-31;945683,1545663557;0,6930438767851015
2018-02-01;942070,2238624525;0,999896117982402
2018-02-02;937223,8486373854;0,9998955808095193
2018-02-05;926300,8270004225;0,9998943494891495
2018-02-06;898108,1952178908;0,9998910330001497
2018-02-07;913532,4239547682;0,9998928728165442
2018-02-08;912785,5452506972;0,9998927851606731
2018-02-09;900652,032009883;0,9998913407708019
2018-02-12;927011,0551116896;0,9998944304331278
2018-02-13;911566,3361633254;0,9998926417621061
2018-02-14;898917,6424911452;0,9998911311215312
2018-02-15;923105,2738464308;0,9998939837542407
2018-02-16;934641,0826461745;0,9998952922598943
2018-02-19;947527,8699615431;0,9998967163302775
2018-02-20;961816,1262329054;0,9998982506604904
2018-02-21;954557,3114631606;0,9998974769200355
2018-02-22;952163,0361869765;0,9998972191191481
2018-02-23;964464,6147010756;0,9998985300714177
2018-02-26;949610,5647247267;0,999896942852987
2018-02-27;954232,8249824477;0,9998974420571042
2018-02-28;952845,2532699538;0,9998972927080887
2018-03-01;938073,4635984449;0,840629302547279
2018-03-02;918941,3815137892;0,8373112527490084
2018-03-05;933081,4522344618;0,8397766649443509
2018-03-06;950454,1528722792;0,8427052775730639
2018-03-07;939905,4645216017;0,8409399372609586
2018-03-08;944192,0971776991;0,8416620700359057
2018-03-09;949635,852281764;0,8425697368140059
2018-03-12;949169,915312007;0,8424924560462598
2018-03-13;937216,0564138441;0,840483503102129
2018-03-14;922264,7546712904;0,837897500258634
2018-03-15;915143,3358594923;0,8366360587490224
2018-03-16;907886,4448072462;0,835330262930278
2018-03-19;894929,5623609571;0,832946157504098
2018-03-20;895897,7090589552;0,8331266832765885
2018-03-21;911403,5238058119;0,8359657185312492
2018-03-22;902961,9379102736;0,8344321993221937
2018-03-23;902140,7664243727;0,8342814916256124
2018-03-26;903588,1106016188;0,8345469352667398
2018-03-27;911515,3984586744;0,8359858512446712
2018-03-28;896445,505697444;0,833228655612189
2018-04-03;870818,3220464735;0,8283207663749692
2018-04-04;841281,4144231825;0,8222932070143517
2018-04-05;866855,173551753;0,8275358713693501
2018-04-06;848728,283331111;0,8238524329968047
2018-04-09;848770,5554296522;0,8238612058356626
2018-04-10;859938,36524792;0,8261486773968125
2018-04-11;845661,3566133528;0,8232136055568543
2018-04-12;861440,642580226;0,8264518589373954
2018-04-13;858771,7216207533;0,8259124999209092
2018-04-16;856951,2300264387;0,8255426716045889
2018-04-17;871070,0196783094;0,8283703734737817
2018-04-18;892910,685396388;0,8325684476614746
2018-04-19;890075,7767984419;0,8320351749226083
2018-04-20;894146,601898387;0,8327998766218389
2018-04-23;902138,2121850996;0,8342810224239794
2018-04-24;885036,3931200056;0,8310787857790359
2018-04-25;874009,0346185713;0,828947509426126
2018-04-26;874127,3432962446;0,8289706605083199
2018-04-27;871145,8634016066;0,8283853158966878
2018-04-30;863925,8198110609;0,8269510891707467
2018-05-02;869079,5237810164;0,8279772816356861
2018-05-03;872391,9616796522;0,828630445118118
2018-05-04;873970,4792921095;0,8289399634222593
2018-05-07;891021,6514780073;0,832213479989421
2018-05-08;856512,1915056257;0,82545324673923
2018-05-09;872600,2160303144;0,8286713440942122
2018-05-11;877988,7015096693;0,8297228405120571
2018-05-14;868576,2080003767;0,8278775992497495
2018-05-15;854326,7790681868;0,8250067470451589
2018-05-16;844709,6553518324;0,8230144272551204
2018-05-18;845383,8982584028;0,8231555835596519
2018-05-22;856691,9985754042;0,8254898815394794
2018-05-23;843503,0368940382;0,8227612520447222
2018-05-24;844917,5198270826;0,8230579687989306
2018-05-25;842059,8475534468;0,8224574861395647
2018-05-28;850335,1352312117;0,8241852935843661
2018-05-29;848659,3955289869;0,823838134658974
2018-05-30;855387,9605619459;0,8252238410541117
2018-05-31;877925,7868253737;0,8297106379615765
2018-06-01;875506,5458297988;0,9999484372031568
2018-06-04;876128,2994499465;0,9999484737952355
2018-06-05;876864,7431030532;0,9999485170700356
2018-06-06;884221,0960197707;0,9999489453866678
2018-06-07;884947,3087654372;0,9999489872835249
2018-06-08;877169,0244446059;0,9999485349289596
2018-06-11;876107,4039879104;0,9999484725663178
2018-06-12;878903,6297798415;0,9999486365004902
2018-06-13;884927,533302333;0,9999489861435444
2018-06-14;913373,7486648818;0,9999505749248614
2018-06-15;910701,1477356215;0,9999504298789239
2018-06-18;913120,5658455153;0,9999505612206689
2018-06-19;910410,0375976821;0,9999504140285221
2018-06-20;912972,109359767;0,9999505531815325
2018-06-21;904023,5386390944;0,9999500637270735
2018-06-22;914388,1995582839;0,999950629758587
2018-06-25;900871,2417221328;0,9999498889918262
2018-06-26;892159,3194008132;0,9999493996585859
2018-06-27;909960,7548637649;0,9999503895460149
2018-06-28;879686,6004829665;0,9999486822169024
2018-06-29;875257,9100113173;0,9999484225556363
2018-07-02;865182,5930252334;0,9999478219204577
2018-07-03;867845,2860832473;0,9999479820114467
2018-07-04;873750,9658890029;0,9999483336008544
2018-07-05;876641,8488540908;0,9999485039800273
2018-07-06;855948,1395378371;0,9999472589937729
2018-07-09;858519,8431587478;0,9999474169799135
2018-07-10;871744,4491691848;0,9999482146789688
2018-07-11;852620,6497421523;0,9999470531634777
2018-07-12;846283,077442195;0,9999466566597386
2018-07-13;840618,125968959;0,9999462971773236
2018-07-16;837483,5957985183;0,999946096178619
2018-07-17;836679,8148613235;0,9999460443943363
2018-07-18;848159,9502945205;0,9999467747019395
2018-07-19;869070,7748565932;0,9999480553627351
2018-07-20;868806,442501094;0,999948039558699
2018-07-23;870055,7424774428;0,9999481141679165
2018-07-24;881715,2724838515;0,9999488002901092
2018-07-25;869941,992664363;0,9999481073835519
2018-07-26;888332,2279052993;0,9999491816634145
2018-07-27;894125,0084419509;0,9999495109009018
2018-07-30;891074,8393936416;0,9999493380755895
2018-07-31;894621,9495468398;0,9999495389463893
2018-08-01;890415,9072192641;0,7979652406166432
2018-08-02;890038,0820086928;0,7978794759431425
2018-08-03;889567,1702044936;0,7977724790306693
2018-08-06;883507,562664363;0,7963854853447384
2018-08-07;882081,3908542128;0,7960562761765714
2018-08-08;883623,2387240859;0,7964121407378126
2018-08-09;873222,2517436476;0,7939871971803929
2018-08-10;859643,5505145522;0,7907330736577054
2018-08-13;853716,1104930373;0,7892801115557435
2018-08-14;844161,1852153273;0,7868950068815708
2018-08-15;834322,8190425368;0,7843820647592935
2018-08-16;847316,7585643263;0,7876886515605248
2018-08-17;874070,6690295668;0,7941871636467507
2018-08-20;884881,5537036391;0,796701645759013
2018-08-21;899796,2157748671;0,8000714379408238
2018-08-22;909407,6622508498;0,8021844646427276
2018-08-23;907577,9417232008;0,8017856590646152
2018-08-24;903717,1962436171;0,8009388730081631
2018-08-27;906263,1102488966;0,8014980842409541
2018-08-28;903083,191997859;0,8007991233142296
2018-08-29;901444,009563777;0,8004368971809892
2018-08-30;897051,2729533644;0,7994596641350402
2018-08-31;891314,1797679396;0,79816885263399
2018-09-03;881070,8034432002;0,9958789695903671
2018-09-04;890281,0464241572;0,9959216029717664
2018-09-05;885054,5993206569;0,9958975191171076
2018-09-06;881884,6484310695;0,9958827726727201
2018-09-07;865203,5577614375;0,9958033926912836
2018-09-10;858980,360848672;0,9957729888370885
2018-09-11;851452,7135860987;0,9957356180606477
2018-09-12;858834,7260162898;0,9957722720518404
2018-09-13;851818,2546646663;0,995737448036426
2018-09-14;864496,5875485011;0,9957999607791103
2018-09-17;861307,3807976313;0,9957844090797567
2018-09-18;862469,839988;0,9957900909623929
2018-09-19;863387,8507778712;0,9957945672147717
2018-09-20;861736,0886662074;0,9957865063076922
2018-09-21;882088,3011906215;0,9958837232404872
2018-09-24;882642,7055733271;0,9958863087508659
2018-09-25;883691,7611267634;0,9958911922304228
2018-09-26;896939,7482845851;0,9959518801781577
2018-09-27;896996,3516209193;0,9959521356274551
2018-09-28;914114,638646371;0,9960279384876652
2018-10-01;943555,5451611585;0,9920820128163168
2018-10-02;951741,1222676344;0,9921501125265255
2018-10-03;950420,7993191786;0,9921392074762767
2018-10-04;946949,0363110609;0,9921103877535125
2018-10-05;932849,8514889784;0,991991143374516
2018-10-08;928815,5970982618;0,9919563573899708
2018-10-09;942428,2776822157;0,9920725418680629
2018-10-10;926428,6312474317;0,9919356327495842
2018-10-11;884691,6658124037;0,9915551813107466
2018-10-12;900204,6134327955;0,9917007082587708
2018-10-15;901352,3235787458;0,9917112759148209
2018-10-16;926965,1544179029;0,99194030036828
2018-10-17;931908,629454524;0,9919830544781495
2018-10-18;918620,7583722181;0,9918670891708152
2018-10-19;924900,4220227308;0,9919223080282088
2018-10-22;907670,1333016462;0,9917689693209323
2018-10-23;857734,7199734754;0,9912897769675101
2018-10-24;870252,8096093244;0,9914150685511337
2018-10-25;873144,8871468611;0,991443504023608
2018-10-26;879681,9479092665;0,991507088747887
2018-10-29;892160,1527413435;0,991625874916378
2018-10-30;867214,0109452314;0,9913849861517618
2018-10-31;895258,1753243513;0,9916548534047482
2018-11-01;905349,7454804487;0,9917478734036485
2018-11-02;923082,5687951155;0,9919064003955451
2018-11-05;922167,4165276594;0,9918983683658973
2018-11-06;908629,6360425062;0,9917776611973398
2018-11-07;896451,0682362623;0,9916659581561118
2018-11-08;870256,8417176313;0,9914151083271766
2018-11-09;850275,2859200544;0,9912133624987169
2018-11-12;841539,5114640302;0,991122150995998
2018-11-13;819959,3085049696;0,9908884982020617
2018-11-14;799129,2683133192;0,9906509985181144
2018-11-15;804558,3178929396;0,9907140843024962
2018-11-16;811274,882157237;0,9907909626219251
2018-11-19;811480,0669907636;0,9907932911508419
2018-11-20;774489,65987292;0,9903535694525539
2018-11-21;795398,0620202131;0,9906071424228723
2018-11-22;808720,8055409498;0,9907618789296735
2018-11-23;806133,6143673963;0,990732230264902
2018-11-26;822867,1624592848;0,9909206964932824
2018-11-27;884992,9144600935;0,9915580558989705
2018-11-28;883133,693322093;0,9915402834585834
2018-11-29;905998,7058629103;0,9917537843428115
2018-11-30;878615,6189679212;0,9914967813542226
2018-12-03;902595,8048668642;0,8858766146176842
2018-12-04;892479,4020653506;0,884583007019651
2018-12-05;888535,5554390688;0,8840707181015601
2018-12-06;834822,1950379153;0,8766117030721681
2018-12-07;868068,2235222597;0,8813373349097817
2018-12-10;831321,3884201784;0,8760920982930139
2018-12-11;835658,1815872927;0,8767351398539229
2018-12-12;853047,8583260317;0,8792479368210152
2018-12-13;855675,1992550631;0,8796187046522335
2018-12-14;841916,9363766451;0,8776514826669306
2018-12-17;812065,94762428;0,8731540348605514
2018-12-18;780760,6336842318;0,8680680295096146
2018-12-19;766303,8434334536;0,8655790522702397
2018-12-20;733485,2133656283;0,859564600613243
2018-12-21;748233,081312253;0,862332618730746
2018-12-27;727435,9689503451;0,858396761666986
2018-12-28;744709,6995850344;0,8616812847466869
2019-01-02;739581,8537503023;0,8607222603408277
2019-01-03;751200,6170159121;0,8628764586316883
2019-01-04;785514,1353150149;0,8688664095879399
2019-01-07;778126,5950642367;0,8676214262092158
2019-01-08;797059,1459904452;0,8707658153081183
2019-01-09;807046,4154091616;0,8723650995574284
2019-01-10;770655,7367878695;0,8663381274333698
2019-01-11;761183,2699833651;0,8646747860268477
2019-01-14;748528,1740704317;0,862386891433708
2019-01-15;752542,4935379763;0,8631209668984832
2019-01-16;752632,481746747;0,8631373327866235
2019-01-17;754763,9708576937;0,8635238394246244
2019-01-18;769812,3765221377;0,866191695502936
2019-01-21;769980,9771462221;0,8662209951406095
2019-01-22;749107,7678337832;0,8624933643644467
2019-01-23;738344,9949303408;0,8604889454244883
2019-01-24;729387,3440552492;0,8587756015746276
2019-01-25;726142,5985527773;0,8581445447649275
2019-01-28;677582,4236298342;0,8479782159468234
2019-01-29;678816,9003105898;0,8482546783438183
2019-01-30;666044,5958882113;0,8453447569138878
2019-01-31;663966,8425312777;0,844860793815272
2019-02-01;668549,18956001;0,8459241436653681
2019-02-04;662446,1827812929;0,8445046683629384
2019-02-05;669563,7155152102;0,8461576000963231
2019-02-06;672819,3434334536;0,8469020103411001
2019-02-07;670308,9409485598;0,8463286365574713
2019-02-08;669004,7867871065;0,8460290704675301
2019-02-11;671201,9183827181;0,8465330833209149
2019-02-12;707601,7024555941;0,8544275847191776
2019-02-13;706141,9549713869;0,8541266551886773
2019-02-14;709463,2235012789;0,8548095440734329
2019-02-15;728747,8839112063;0,8586516802897043
2019-02-18;724443,3462792177;0,8578118090084835
2019-02-19;706236,3802738924;0,8541461587643865
2019-02-20;714364,5552502413;0,8558057113469196
2019-02-21;707150,4645806093;0,854334693898033
2019-02-22;721508,8618145724;0,8572335083671425
2019-02-25;723803,7807617922;0,8576861690679909
2019-02-26;716343,1463204165;0,856203986298477
2019-02-27;714665,6771965761;0,8558664671187931
2019-02-28;704445,5506172915;0,8537753715769523
2019-03-01;698597,124450757;0,852551226911694
2019-03-04;715980,8159256716;0,8561312166582181
2019-03-05;723085,1815872927;0,8575447381494329
2019-03-06;716235,3788567324;0,8561823502104786
2019-03-07;698725,533348157;0,8525783244392232
2019-03-08;694335,8084507723;0,8516462961731495
2019-03-11;685498,3101807375;0,8497337085249358
2019-03-12;700907,4737892885;0,8530372513701439
2019-03-13;700789,5478211184;0,8530125210863219
2019-03-14;708287,3000260134;0,8545684937743491
2019-03-15;716521,0892124911;0,856239697010879
2019-03-18;714426,5572796603;0,8558182253533434
2019-03-19;721552,4857426424;0,8572421398046122
2019-03-20;734438,9030533571;0,859746959951277
2019-03-21;737915,988098218;0,8604078370103397
2019-03-22;732901,432628705;0,8594527390759418
2019-03-25;710066,2113934298;0,8549328397401958
2019-03-26;710436,2261029024;0,8550083947037314
2019-03-27;709955,3463326235;0,8549101863724505
2019-03-28;703682,3133221407;0,8536167714703855
2019-03-29;709330,3060208102;0,85478233763741
2019-04-01;730281,7985535403;0,8589485742526954
2019-04-02;730624,5032330294;0,8590147354386922
2019-04-03;744762,8782521029;0,8616911611853798
2019-04-04;751429,1568337221;0,8629181634136718
2019-04-05;760079,009002759;0,8644781823162955
2019-04-08;802901,7952004214;0,8717062416611363
2019-04-09;796764,8253327151;0,8707180768926783
2019-04-10;811337,1441002627;0,8730400923557946
2019-04-11;820721,6642647524;0,8744918120620561
2019-04-12;814940,2538262148;0,873601422435995
2019-04-15;814812,9860878725;0,8735816799167042
2019-04-16;810885,8883133669;0,8729694395132013
2019-04-17;810885,8883133669;0,8729694395132013
2019-04-23;835586,9835510988;0,8767246367990085
2019-04-24;837209,2598801394;0,8769635098182862
2019-04-25;830805,6180802126;0,8760151753411259
2019-04-26;823407,8956528445;0,8749012616625291
2019-04-29;833091,967319562;0,8763554410268721
2019-04-30;856528,2924500246;0,8797386031596933
2019-05-02;839552,1244414921;0,999988057844099
2019-05-03;834546,5076888676;0,9999879862149507
2019-05-06;809279,2567142125;0,9999876111215333
2019-05-07;804696,3097480412;0,9999875405637685
2019-05-08;817786,466549265;0,9999877399996612
2019-05-09;800523,497389185;0,9999874756176556
2019-05-10;808263,593426096;0,9999875955536801
2019-05-13;768903,6103023167;0,9999869605731815
2019-05-14;818054,0410503026;0,9999877440097428
2019-05-15;823642,7414210911;0,9999878271708682
2019-05-16;841327,5063308354;0,9999880830446152
2019-05-20;850702,9942668553;0,9999882143798429
2019-05-21;854619,3732474919;0,9999882683886291
2019-05-22;853605,6544879552;0,9999882544564879
2019-05-23;819724,2065089818;0,9999877689809848
2019-05-24;804482,3368152257;0,9999875372498584
2019-05-27;804331,5646937962;0,9999875349137133
2019-05-28;815471,3857921239;0,9999877051941592
2019-05-29;776583,4906791325;0,9999870895242078
2019-05-31;756480,2700980778;0,9999867464324539
2019-06-03;740882,9170898076;0,9999864674132366
2019-06-04;761355,2774089451;0,9999868312959082
2019-06-05;771552,5332110997;0,9999870053406276
2019-06-06;761425,1678756352;0,9999868325046505
2019-06-07;761112,9226745244;0,9999868271027094
2019-06-11;773185,1999400731;0,9999870327802992
2019-06-12;729699,1672710057;0,9999862600057575
2019-06-13;769708,6206287022;0,9999869742106451
2019-06-14;763822,7228873845;0,9999868738359614
2019-06-17;771282,4892924901;0,9999870007908954
2019-06-18;794186,5115646;0,999987375682902
2019-06-19;812708,8888820286;0,9999876634026105
2019-06-20;826887,7182906743;0,9999878749410165
2019-06-21;824587,0560077305;0,999987841111155
2019-06-24;809552,8088420506;0,9999876153078002
2019-06-25;781702,5060123082;0,9999871740690609
2019-06-26;789138,0424121495;0,9999872949194968
2019-06-27;811357,3956931706;0,9999876428533095
2019-06-28;814871,9582637425;0,9999876961499836
2019-07-01;841695,9128078099;0,9999880882606124
2019-07-02;835760,4507335301;0,9999880036649877
2019-07-03;831479,8757938023;0,9999879419061737
2019-07-04;850797,032627451;0,9999882156825042
2019-07-05;841717,7466109868;0,9999880885695979
2019-07-08;863850,5523551579;0,9999883937536074
2019-07-09;864842,3927577611;0,9999884070641761
2019-07-10;879459,2471831914;0,9999885997419561
2019-07-11;879280,923082697;0,9999885974299069
2019-07-12;875616,8626464482;0,9999885497153096
2019-07-15;880184,4095977421;0,99998860913435
2019-07-16;887119,0864986058;0,999988698177607
2019-07-17;872942,9453090306;0,9999885146418664
2019-07-18;847379,583660471;0,9999881681568091
2019-07-19;861502,3656619664;0,9999883621186004
2019-07-22;888718,4489139195;0,9999887185166807
2019-07-23;877739,4669116612;0,9999885774051015
2019-07-24;859357,2159846898;0,9999883330678203
2019-07-25;874787,1104720708;0,9999885388544973
2019-07-26;878705,022314417;0,9999885899566949
2019-07-29;858507,5494483586;0,9999883215210356
2019-07-30;839659,7206023808;0,9999880593743977
2019-07-31;844392,3230498906;0,9999881262985424
2019-08-01;850479,6193393345;0,9999882112843989
2019-08-02;813540,7243503209;0,9999876760166309
2019-08-05;760459,4844554539;0,9999868157836651
2019-08-06;774388,344503748;0,9999870529270899
2019-08-07;762675,4989665623;0,9999868540914575
2019-08-08;782378,5219062443;0,999987185151335
2019-08-09;773882,4413360234;0,9999870444633171
2019-08-12;755944,5629733677;0,9999867370401904
2019-08-13;787607,7659133549;0,9999872702342576
2019-08-14;751782,5821155186;0,9999866636144604
2019-08-15;724975,6851810094;0,9999861704846632
2019-08-16;752428,4893001195;0,9999866750628138
2019-08-19;809079,7180160161;0,9999876080661352
2019-08-20;829023,345291483;0,9999879061760879
2019-08-21;846805,2234595891;0,999988160131658
2019-08-22;855918,7741721745;0,9999882861988082
2019-08-23;860799,2776511784;0,9999883526129525
2019-08-26;854298,3233512517;0,9999882639798265
2019-08-27;881048,0394767399;0,9999886203000202
2019-08-28;896242,8640216466;0,9999888132304764
2019-08-29;899868,8572963353;0,9999888583072125
2019-08-30;909425,4969829198;0,9999889753889788
2019-09-02;925041,3909228917;0,9999891614986579
2019-09-03;900295,6080630894;0,9999888635885067
2019-09-04;909219,87966572;0,9999889728957965
2019-09-05;912778,0770419713;0,9999890158817251
2019-09-06;928793,1732066746;0,9999892052798769
2019-09-09;946239,0371402379;0,9999894043027571
2019-09-10;944250,3147891636;0,9999893819867466
2019-09-11;936431,28490864;0,9999892933282788
2019-09-12;923207,8801997777;0,999989139973161
2019-09-13;958105,3984836217;0,9999895355329665
2019-09-16;956932,9098285313;0,999989522711306
2019-09-17;905184,961149561;0,9999889237417905
2019-09-18;931260,0908511754;0,9999892338752026
2019-09-19;929401,2682689305;0,9999892123427208
2019-09-20;924125,6280215855;0,9999891507582378
2019-09-23;930687,0345882054;0,9999892272461264
2019-09-24;932344,3025325413;0,9999892463949962
2019-09-25;921646,5241016026;0,9999891215752517
2019-09-26;953155,4331248875;0,999989481188473
2019-09-27;954543,709453928;0,9999894964868997
2019-09-30;947277,8232806798;0,999989415922013
2019-10-01;958862,1754039403;0,999989543791992
2019-10-02;944803,3877986546;0,9999893882023642
2019-10-03;919247,5005687352;0,9999890931850771
2019-10-04;972108,8115428563;0,9999896862756124
2019-10-07;1011808,3294681187;0,9999900909470054
2019-10-08;1036602,8370860692;0,9999903279616857
2019-10-09;1060425,1121486302;0,9999905452424295
2019-10-10;1063208,6268848057;0,9999905699952921
2019-10-11;1112390,7166103001;0,9999909869237424
2019-10-14;1111409,1677516575;0,9999909789637804
2019-10-15;1096834,811470377;0,9999908590954152
2019-10-16;1081678,9692309971;0,9999907310184979
2019-10-17;1076816,285816538;0,999990689161662
2019-10-18;1080842,9309314366;0,9999907238488868
2019-10-21;1060729,068462717;0,9999905479517295
2019-10-22;1047726,0651095982;0,999990430645289
2019-10-23;1060472,935123789;0,9999905456688003
2019-10-24;1093453,8159488316;0,9999908308314345
2019-10-25;1062774,4126857396;0,9999905661425065
2019-10-28;1075368,2251361485;0,9999906766239482
2019-10-29;1070262,5184100743;0,999990632146614
2019-10-30;1062186,493866312;0,9999905609208789
2019-10-31;1047572,5785220738;0,9999904292432213
2019-11-01;1044665,6767734166;0,9999904026114957
2019-11-04;1047702,3361972447;0,9999904304285572
2019-11-05;1029150,8774188634;0,9999902579276013
2019-11-06;987792,9409907933;0,9999898500364388
2019-11-07;972712,123794901;0,999989692672568
2019-11-08;966332,1721194859;0,9999896246211745
2019-11-11;969212,735172617;0,9999896554574726
2019-11-12;985494,68958317;0,9999898263659226
2019-11-13;1005921,7035640355;0,9999900329595023
2019-11-14;1019693,8755992528;0,9999901675761746
2019-11-15;1029996,3976825352;0,9999902659248328
2019-11-18;1035435,4799998875;0,9999903170573632
2019-11-19;1027873,6128238316;0,9999902458218287
2019-11-20;1062019,9806140538;0,9999905594409333
2019-11-21;1114743,2593692418;0,9999910059448462
2019-11-22;1163287,5314830418;0,9999913812689591
2019-11-25;1170460,8956493016;0,999991434090285
2019-11-26;1153493,131126749;0,99999130808664
2019-11-27;1167440,9131816502;0,99999141193165
2019-11-28;1150565,4940074559;0,9999912859698912
2019-11-29;1146886,5376590367;0,9999912580172251
2019-12-02;1147918,3185695286;0,9999912658747623
2019-12-03;1093008,7260936375;0,999990827097609
2019-12-04;1102502,9314120885;0,9999909060900689
2019-12-05;1082242,6024211522;0,9999907358457941
2019-12-06;1136301,9227450963;0,999991176585944
2019-12-09;1131060,1377643223;0,9999911356947149
2019-12-10;1143860,8031581517;0,9999912348929788
2019-12-11;1136290,7833369847;0,9999911764994454
2019-12-12;1117250,8300136204;0,9999910261312074
2019-12-13;1105230,613083231;0,9999909285336125
2019-12-16;1117972,8957790013;0,9999910319271649
2019-12-17;1114299,7860988255;0,999991002365358
2019-12-18;1114476,3877643223;0,9999910037911371
2019-12-19;1145739,3590091344;0,9999912492642605
2019-12-20;1164903,3149684544;0,9999913932236022
2019-12-23;1173016,9486964818;0,999991452755761
2019-12-27;1157533,3674281712;0,9999913384247581
2019-12-30;1156426,1325191136;0,9999913301316227
2020-01-02;1192112,4316981907;0,9999915896671401
2020-01-03;1224108,5088962193;0,9999918094986807
2020-01-06;1174315,7287372227;0,9999914622089173
2020-01-07;1191935,7085803624;0,9999915884201767
2020-01-08;1188148,9335368748;0,9999915616114495
2020-01-09;1186388,9413798924;0,9999915490932128
2020-01-10;1181695,9992259617;0,9999915155316058
2020-01-13;1178746,451061594;0,9999914943011299
2020-01-14;1170402,319408762;0,9999914336615788
2020-01-15;1124682,5419429417;0,9999910854290138
2020-01-16;1118435,2187846776;0,9999910356342606
2020-01-17;1146954,3572276707;0,9999912585341397
2020-01-20;1128619,1423152562;0,9999911165228542
2020-01-21;1151677,967354166;0,9999912943872843
2020-01-22;1152148,084984171;0,9999912979394857
2020-01-23;1079161,036041605;0,9999907093918126
2020-01-24;1070103,6783450719;0,9999906307561035
2020-01-27;1030711,2455524083;0,9999902726758826
2020-01-28;1055003,2001765843;0,9999904966521852
2020-01-29;1077245,8418544407;0,9999906928743956
2020-01-30;1049831,5189288731;0,9999904498367822
2020-01-31;1019580,3977130528;0,9999901664818395
2020-02-03;995916,1103557225;0,9999899328244088
2020-02-04;960254,0524524327;0,9999895589481436
2020-02-05;981596,8503993626;0,9999897859672706
2020-02-06;946471,5319179173;0,9999894069055234
2020-02-07;880364,16954838;0,99998861146023
2020-02-10;881575,7353404637;0,9999886271117102
2020-02-11;922756,7486575719;0,9999891346637436
2020-02-12;925096,0535510655;0,9999891621390897
2020-02-13;912513,4785045262;0,9999890126966964
2020-02-14;903726,0220264073;0,9999889058607225
2020-02-17;892388,8569911595;0,9999887649175823
2020-02-18;891248,5004962559;0,9999887505422433
2020-02-19;904009,0247653599;0,9999889093337762
2020-02-20;909051,9180339451;0,9999889708583656
2020-02-21;879961,4487727757;0,9999886062481816
2020-02-24;806574,9569247838;0,999987569583867
2020-02-25;812694,3988231297;0,9999876631826532
2020-02-26;820614,3726543065;0,9999877822486528
2020-02-27;782321,8285220738;0,9999871842226671
2020-02-28;824731,4190257664;0,9999878432394769
2020-03-02;830341,6406406041;0,9999879253768975
2020-03-03;853771,2428516026;0,9999882567345282
2020-03-04;805450,3603709813;0,999987552228107
2020-03-05;736474,1327174779;0,9999863864025746
2020-03-06;707836,7311328526;0,9999858356285906
2020-03-09;684580,5326026555;0,999985354444248
2020-03-10;707665,9837020512;0,9999858322109754
2020-03-11;711132,2667335148;0,999985901269249
2020-03-12;680850,9272044774;0,9999852742179581
2020-03-13;727079,3083976384;0,9999862104969276
2020-03-16;690523,2938006993;0,9999854804863978
2020-03-17;649837,2257121678;0,9999845714250272
2020-03-18;607732,7824596043;0,9999835025151738
2020-03-19;607003,9548572178;0,9999834827066993
2020-03-20;641236,6754916783;0,9999843644901482
2020-03-23;593672,7761081334;0,9999831118037402
2020-03-24;648288,5995830174;0,9999845345693824
2020-03-25;660813,9454711552;0,9999848277076692
2020-03-26;649146,79962002;0,999984555015348
2020-03-27;655362,9247497197;0,999984701511211
2020-03-30;743794,910702097;0,9999865203939786
2020-03-31;753761,285040247;0,99998669862388
2020-04-01;765116,6646643763;0,755659333824155
2020-04-02;726826,7390242701;0,7427872345515184
2020-04-03;680026,8165274744;0,7250856716195674
2020-04-06;710089,6171523219;0,7367246175263654
2020-04-07;686131,4787779932;0,7275316446939696
2020-04-08;689129,7217017298;0,7287170910511825
2020-04-14;734788,2940322047;0,7455741782160991
2020-04-15;731151,0226813441;0,744308481084062
2020-04-16;746968,403037179;0,7497228600484334
2020-04-17;771226,318133462;0,7575950001307107
2020-04-20;786024,6139403468;0,7621587005918846
2020-04-21;825691,5342093592;0,7735847979532121
2020-04-22;819304,0042182093;0,7718195998264117
2020-04-23;824476,9753676539;0,77325125972988
2020-04-24;803961,2149230128;0,7674650069229565
2020-04-27;839117,9891234522;0,777207594200641
2020-04-28;799502,8489447718;0,7661682934675216
2020-04-29;771493,9429503565;0,7576790884042444
2020-04-30;755033,6274977808;0,7523963056243032
2020-05-04;732840,8644498987;0,8539262441350779
2020-05-05;702318,6737760706;0,8475779991069627
2020-05-06;672156,3226942224;0,8407382123664235
2020-05-07;678982,402638833;0,8423393344135978
2020-05-08;693799,933598916;0,8457065036512708
2020-05-11;675503,4701818628;0,8415273610768089
2020-05-12;655280,9664396448;0,8366367665108234
2020-05-13;635014,90516607;0,8314231419599554
2020-05-14;611768,4781335993;0,825017434948462
2020-05-15;635693,4002451105;0,8316030692151011
2020-05-18;643276,9445203943;0,8335882881652086
2020-05-19;655349,4487318201;0,836653837538667
2020-05-20;647624,5876897974;0,83470544578402
2020-05-22;646273,0540136499;0,8343597696721671
2020-05-25;657587,677979867;0,8372098183920496
2020-05-26;669924,351064126;0,8402076035130628
2020-05-27;681239,3155836267;0,8428616565827783
2020-05-28;679860,3489946527;0,8425429315302886
2020-05-29;657886,3047193689;0,8372837118608872
2020-06-02;649310,9292495289;0,8640166023932536
2020-06-03;649556,8133990803;0,8640680777398037
2020-06-04;627836,0167214909;0,8593653375866891
2020-06-05;646919,864763979;0,8635139975261724
2020-06-08;672664,3598926106;0,8687376475889984
2020-06-09;665754,1799991169;0,8673752130814083
2020-06-10;660467,3410298863;0,8663135922438453
2020-06-11;636390,7200439015;0,8612558236920023
2020-06-12;646939,6790282765;0,8635181777763774
2020-06-15;632112,4790093937;0,8603167803285331
2020-06-16;659177,9639709034;0,8660520965678973
2020-06-17;648751,9945275822;0,8638994453853803
2020-06-18;651239,2792060414;0,8644192555919076
2020-06-19;645864,7362077275;0,8632910247105573
2020-06-22;630659,9835403004;0,8599950709304796
2020-06-23;638217,2788283863;0,8616529053794438
2020-06-24;622521,8259265461;0,8581648022844375
2020-06-25;630663,4027402439;0,8599958299801461
2020-06-26;608029,090544466;0,8547840759009088
2020-06-29;615771,4403874913;0,8566099359739999
2020-06-30;600937,8556907215;0,8530704873616969
2020-07-01;605473,2607991734;0,8541710889990384
2020-07-02;612930,719073061;0,8559453727558728
2020-07-03;608406,4983146229;0,8548741564938304
2020-07-06;626039,8185718098;0,8589618365426436
2020-07-07;621333,0059983769;0,8578934236389572
2020-07-08;620376,0487811604;0,8576742180230572
2020-07-09;610349,5336291828;0,8553361616621001
2020-07-10;609719,9759700337;0,855186791080494
2020-07-13;610767,2460620442;0,8554350993249313
2020-07-14;607321,4572951832;0,8546148745414253
2020-07-15;616596,9650924244;0,8568019123329457
2020-07-16;615161,1960494557;0,8564676919975197
2020-07-17;621164,124737505;0,8578547878954583
2020-07-20;609604,423064951;0,8551593411697783
2020-07-21;604078,4574086705;0,8538343733671484
2020-07-22;587400,0274856129;0,8496841979383338
2020-07-23;593342,7982957402;0,8511897228446085
2020-07-24;592904,8189494648;0,8510797965531962
2020-07-27;599141,1543233433;0,8526298759058478
2020-07-28;604171,7661988774;0,8538569473081268
2020-07-29;631748,0550029316;0,8602362040321043
2020-07-30;615599,441512827;0,856569872699105
2020-07-31;618553,3185718098;0,8572548176341339
2020-08-03;623248,0708615818;0,8583300769138612
2020-08-04;625368,4045445957;0,8588104137962598
2020-08-05;628411,3555772343;0,8594940949444814
2020-08-06;626381,1399266758;0,8590386896500739
2020-08-07;614340,0553805867;0,8562758435019426
2020-08-10;622788,5114352742;0,8582255378169077
2020-08-11;633510,4112575093;0,860625011533308
2020-08-12;637000,2760531941;0,8613885902693528
2020-08-13;637695,6779029408;0,8615397448624648
2020-08-14;628781,1779029408;0,85957673453741
2020-08-17;638758,1660583058;0,8617700548434397
2020-08-18;643440,6427667179;0,8627759883446521
2020-08-19;651723,395434145;0,8645199683161187
2020-08-20;656842,5853717366;0,8655758499388795
2020-08-21;660652,1720511952;0,8663509937636253
2020-08-24;657087,4205539265;0,8656259372792264
2020-08-25;660930,4151542225;0,866407258255861
2020-08-26;656212,7019012013;0,8654468192908611
2020-08-27;638404,5538404026;0,8616934892907766
2020-08-28;630229,8860967198;0,8598995252202397
2020-08-31;628761,1513974705;0,8595722619530468
2020-09-01;621504,8497963266;0,9999744434370988
2020-09-02;594488,5877228098;0,9999732820307821
2020-09-03;584444,8986873941;0,9999728228823233
2020-09-04;586937,1326141672;0,9999729382809426
2020-09-07;595268,9286232309;0,9999733170554964
2020-09-08;585979,3374777155;0,9999728940480128
2020-09-09;599404,3308983163;0,9999735011461073
2020-09-10;589356,4029732065;0,9999730493675694
2020-09-11;612005,7307119684;0,9999740467662472
2020-09-14;614123,1335525827;0,9999741362490364
2020-09-15;614568,4196472482;0,9999741549886402
2020-09-16;602685,3851032571;0,9999736454074053
2020-09-17;610611,554545434;0,9999739875086396
2020-09-18;601669,3059463815;0,9999736009006439
2020-09-21;580945,1821041421;0,9999726591625571
2020-09-22;577055,0017681436;0,9999724748460052
2020-09-23;578642,7318973856;0,9999725503719107
2020-09-24;575273,041461976;0,9999723895843498
2020-09-25;591168,3693285303;0,9999731319728672
2020-09-28;588079,0648651437;0,9999729908294035
2020-09-29;599418,936903985;0,9999735017918032
2020-09-30;609313,6821298914;0,9999739321005698
2020-10-01;604455,9649252362;0,9899424341788323
2020-10-02;616862,9132093854;0,9901447217476511
2020-10-05;636788,1870188183;0,9904530960574284
2020-10-06;631195,9110483594;0,9903685123005063
2020-10-07;617628,2605108685;0,990156934127003
2020-10-08;627634,9475531048;0,990313866879252
2020-10-09;632913,2214445538;0,9903946458262358
2020-10-12;645627,3239454693;0,990583800549082
2020-10-13;644486,991956181;0,9905671398661118
2020-10-14;667101,6668295331;0,9908869128117671
2020-10-15;649377,4009603924;0,9906381779774874
2020-10-16;650724,3712877698;0,9906575565301141
2020-10-19;642653,5082563824;0,990540228015362
2020-10-20;627270,274951405;0,9903082357063644
2020-10-21;615006,982562489;0,9901149810886655
2020-10-22;627119,5505213208;0,9903059063488305
2020-10-23;628209,0778612561;0,9903227191909894
2020-10-26;597866,1079477734;0,9898315767152266
2020-10-27;603979,8270735211;0,9899345054574265
2020-10-28;566105,6523737378;0,9892610935295529
2020-10-29;578311,6812796063;0,9894877522795641
2020-10-30;575616,6576170392;0,9894385341828005
2020-11-02;586373,1318239636;0,989632274530856
2020-11-03;582335,2742495007;0,9895603857055234
2020-11-04;581303,1157297558;0,9895418491855129
2020-11-05;573392,4691175885;0,9893975662732566
2020-11-06;575398,2095121808;0,9894345245558079
2020-11-09;608175,6718477673;0,9900039479797628
2020-11-10;616044,482272572;0,990131628757056
2020-11-11;633371,4036840863;0,9904015943601627
2020-11-12;623138,169892735;0,9902439684375626
2020-11-13;633523,2962507672;0,9904038956590688
2020-11-16;648241,4901518292;0,9906217732965393
2020-11-17;655654,5630087323;0,9907278069943791
2020-11-18;657640,8109259076;0,990755811451735
2020-11-19;665682,6364988751;0,9908674865169879
2020-11-20;678111,2892164654;0,9910348703082977
2020-11-23;710905,3347410626;0,9914484315194408
2020-11-24;727004,2951788373;0,9916377995377076
2020-11-25;716772,3382963605;0,9915184287556597
2020-11-26;727501,8408636517;0,9916435185290859
2020-11-27;746513,5290731854;0,9918563355967832
2020-11-30;725062,225171513;0,9916154014894446
2020-12-01;711172,4339833381;0,9999389748535779
2020-12-02;694939,7929637553;0,9999375494073663
2020-12-03;704902,5875156047;0,9999384320575866
2020-12-04;715253,2428801181;0,999939323026708
2020-12-07;736031,7623219611;0,9999410359659231
2020-12-08;722534,0783171775;0,9999399344567714
2020-12-09;740169,3471195819;0,9999413655779125
2020-12-10;750216,4511389853;0,9999421508261391
2020-12-11;773704,689255965;0,9999439070196705
2020-12-14;844359,4232719066;0,9999486007963918
2020-12-15;816969,4852540614;0,9999468775729099
2020-12-16;828193,7609431865;0,9999475975261323
2020-12-17;848179,8346564891;0,9999488323110949
2020-12-18;925579,4922764422;0,9999531111025283
2020-12-21;890329,0766165378;0,9999512546506061
2020-12-22;948056,8821523311;0,9999542227869105
2020-12-23;969111,5701573016;0,9999552173317793
2020-12-28;1014049,5599205615;0,9999572018926584
2020-12-29;1073458,4240515353;0,9999595704864362
2020-12-30;1130268,0575640323;0,9999616025582384
2021-01-04;1228665,1919299304;0,9236706831316124
2021-01-05;1195391,9411221682;0,9215460874933292
2021-01-06;1164636,3082352816;0,9194742821455711
2021-01-07;1107743,207547301;0,9153385241985577
2021-01-08;1150050,9185563265;0,9184530239081021
2021-01-11;1110722,8235360323;0,9155656363831479
2021-01-12;1083443,0420933901;0,9134396815371361
2021-01-13;1010623,7452546298;0,9072026803245663
2021-01-14;1064438,2511435687;0,9118942083683831
2021-01-15;1025478,1832901179;0,9085468844797006
2021-01-18;1000318,6320415675;0,9062466980460273
2021-01-19;986759,4742299258;0,9049584248145507
2021-01-20;992343,4641948878;0,9054932307776457
2021-01-21;987670,2324582278;0,9050460652979694
2021-01-22;978693,8049226939;0,9041751625602802
2021-01-25;950825,2066274821;0,9013665454951273
2021-01-26;981697,8253470599;0,9044683890108214
2021-01-27;962176,2150851428;0,9025301464642014
2021-01-28;959202,4356709658;0,9022279643249902
2021-01-29;968654,2572456538;0,9031819928953306
2021-02-01;960887,274821654;0,914245009843734
2021-02-02;987014,3404039294;0,9165150135915046
2021-02-03;993384,7676161677;0,9170503902618217
2021-02-04;991436,0698036104;0,9168873502757121
2021-02-05;1004924,1175531298;0,918002884641431
2021-02-08;1011431,3389161974;0,9185304275009819
2021-02-09;990582,9272011667;0,9168157692496973
2021-02-10;981254,726561442;0,9160249866185459
2021-02-11;985503,6563881785;0,9163870389932319
2021-02-12;987969,3555005938;0,9165957138904774
2021-02-15;1012842,1680817553;0,7345738395719005
2021-02-16;1037730,2600235888;0,740939608152603
2021-02-17;1016876,7999110171;0,7356269630528135
2021-02-18;974800,4292955347;0,7242155422644893
2021-02-19;981160,8469066569;0,7260033269354583
2021-02-22;993192,2354326197;0,7293224833996897
2021-02-23;941345,0659737536;0,7144141744499166
2021-02-24;941284,87161159;0,7143959114807238
2021-02-25;945581,350095267;0,71569362301136
2021-02-26;937696,5094532915;0,713302966275995
2021-03-01;931622,2383522269;0,9637171623656052
2021-03-02;974741,3891309974;0,9653221882361429
2021-03-03;961653,5979594466;0,9648502345517656
2021-03-04;920232,2904223677;0,9632680805025752
2021-03-05;891765,4062728164;0,9620955262752318
2021-03-08;847749,319894242;0,9601274838947177
2021-03-09;882860,479016709;0,9617132047315422
2021-03-10;909949,2477258918;0,9628529849382241
2021-03-11;912153,1114067313;0,9629427362708924
2021-03-12;931158,8120302436;0,9636991048422496
2021-03-15;939899,1166729209;0,9640366739247739
2021-03-16;928768,5981783149;0,9636056833994773
2021-03-17;915078,9079550978;0,9630612200577746
2021-03-18;936897,0371698615;0,9639214373941958
2021-03-19;958519,0421699759;0,964735287538783
2021-03-22;997102,5516576049;0,9660998777362145
2021-03-23;1017510,9328165528;0,8239420902006581
2021-03-24;988604,2914233682;0,8187941832907297
2021-03-25;963294,1883712289;0,8140330854351375
2021-03-26;1014449,0704470155;0,8234107031605611
2021-03-29;1006057,8615074632;0,8219378279483461
2021-03-30;998692,4476652619;0,8206246092593816
2021-03-31;1002201,961052942;0,8212527464609525
2021-04-06;1017848,8135782486;0,9999666986082201
2021-04-07;1022661,1873160606;0,9999668553157839
2021-04-08;1013340,2720252281;0,9999665504440617
2021-04-09;1010143,2759004837;0,9999664445797717
2021-04-12;1023314,6507750755;0,9999668764811606
2021-04-13;1030997,2878695732;0,9999671233062274
2021-04-14;1040397,879072786;0,9999674203660008
2021-04-15;1080763,0845719583;0,9999686371762714
2021-04-16;1094495,1190711267;0,9999690306685493
2021-04-19;1102087,4541198022;0,9999692440178073
2021-04-20;1083896,0765534646;0,9999687278302348
2021-04-21;1075555,9428020723;0,9999684853378937
2021-04-22;1073738,368599058;0,9999684319913444
2021-04-23;1096324,2299162156;0,9999690823378807
2021-04-26;1122730,995212198;0,9999698095249366
2021-04-27;1151863,1091400392;0,9999705730812587
2021-04-28;1148010,479551912;0,9999704743269182
2021-04-29;1208658,5401350267;0,9999719558659553
2021-04-30;1177375,3735800989;0,9999712107260994
2021-05-03;1184259,7799437423;0,9999204771354878
2021-05-04;1154217,4535019775;0,9999184072899417
2021-05-05;1159675,8256533523;0,9999187913312113
2021-05-06;1101176,0380328079;0,9999144771346496
2021-05-07;1148310,8701861282;0,9999179876003329
2021-05-10;1171638,8867619415;0,9999196205152527
2021-05-11;1132735,3648207565;0,999916859901304
2021-05-12;1102674,3562906166;0,9999145933434559
2021-05-14;1100930,0360639472;0,9999144580246312
2021-05-18;1131603,1717923065;0,9999167767178678
2021-05-19;1112949,9823363204;0,9999153818846108
2021-05-20;1176550,9963219543;0,9999199561002268
2021-05-21;1219574,1274111648;0,9999227798229636
2021-05-25;1214861,9707281967;0,9999224803045146
2021-05-26;1196030,9671981712;0,9999212597895786
2021-05-27;1202845,3514421363;0,9999217058702394
2021-05-28;1227132,740501203;0,9999232554662429
2021-05-31;1225913,0040314575;0,9999231791083723
2021-06-01;1242946,66718246;0,9598069156637761
2021-06-02;1248347,4929223205;0,9599808062236388
2021-06-03;1240739,711492076;0,9597354225412715
2021-06-04;1258819,2268529083;0,9603137137137717
2021-06-07;1255045,0745110656;0,9601943697209796
2021-06-08;1265639,1593823577;0,9605275643937307
2021-06-09;1284765,172836795;0,9611151817657193
2021-06-10;1355657,5182566787;0,963148612723561
2021-06-11;1403988,9644389297;0,9644171987922586
2021-06-14;1432099,8373904373;0,965115658199832
2021-06-15;1449320,4506526138;0,9655301488383763
2021-06-16;1517269,5878319885;0,9670738406541995
2021-06-17;1543890,8562731887;0,967641585532745
2021-06-18;1486036,1394114639;0,9663817999478272
2021-06-21;1497608,427823558;0,9666415737977011
2021-06-22;1490922,950320735;0,9664919906097456
2021-06-23;1565223,5653348113;0,9680826040918911
2021-06-24;1612601,8373904373;0,9690203377788925
2021-06-25;1688810,080363765;0,9704183076591227
2021-06-28;1678451,4549307968;0,9702357431472137
2021-06-29;1670658,8445267822;0,9700969109383647
2021-06-30;1698697,864497676;0,9705904968366661
2021-07-01;1604238,322124362;0,9999631476018775
2021-07-02;1463536,1185873747;0,9999596046666841
2021-07-05;1480961,541858554;0,9999600799698984
2021-07-06;1458929,2784765959;0,9999594771109179
2021-07-07;1454900,2144316435;0,9999593648906339
2021-07-08;1388500,700954318;0,9999574216784409
2021-07-09;1441994,5229376554;0,9999590012108993
2021-07-12;1474148,0665320158;0,9999598954605222
2021-07-13;1440006,9763602018;0,999958944622977
2021-07-14;1470426,4450758696;0,9999597939566931
2021-07-15;1460781,9898260832;0,9999595285061412
2021-07-16;1476728,4886130095;0,9999599655388339
2021-07-19;1352247,5157202482;0,9999562801716084
2021-07-20;1387959,8852194548;0,9999574050878849
2021-07-21;1410938,4675329924;0,9999580987897838
2021-07-22;1413098,0893515348;0,9999581628269292
2021-07-23;1418154,6248663664;0,9999583120004732
2021-07-26;1449939,187686801;0,9999592258559309
2021-07-27;1406663,6468275785;0,9999579714529031
2021-07-28;1407221,6507071257;0,9999579881184314
2021-07-29;1448131,0174940825;0,9999591749443828
2021-07-30;1469392,942916751;0,9999597656776459
2021-08-02;1494299,4833192741;0,9999359668181534
2021-08-03;1454482,102349273;0,999934213868707
2021-08-04;1509444,1720781242;0,9999366092815365
2021-08-05;1533705,9938859856;0,9999376120645482
2021-08-06;1528609,18441867;0,9999374040457666
2021-08-09;1549254,135098449;0,9999382381828902
2021-08-10;1530587,499890319;0,9999374849523105
2021-08-11;1551540,9643525993;0,9999383292141509
2021-08-12;1581239,8005647575;0,9999394875144716
2021-08-13;1587929,7072954094;0,9999397424520059
2021-08-16;1557819,3847398674;0,9999385777635804
2021-08-17;1574035,960804931;0,9999392105689252
2021-08-18;1614680,7727937615;0,9999407407630283
2021-08-19;1542055,7836923515;0,9999379498773258
2021-08-20;1531397,1192521965;0,9999375180027795
2021-08-23;1591229,403054229;0,9999398674066952
2021-08-24;1588666,9829873955;0,9999397704165988
2021-08-25;1652131,639660827;0,9999420840638533
2021-08-26;1654461,1192521965;0,9999421656094332
2021-08-27;1675743,7055215752;0,9999429001283232
2021-08-30;1669103,641434661;0,9999426729723827
2021-08-31;1599038,0858087456;0,9999401610559512
2021-09-01;1579033,4618610844;0,999994592547211
2021-09-02;1648288,8409313664;0,9999948197496183
2021-09-03;1617673,8585419164;0,999994721711764
2021-09-06;1589850,7267508016;0,9999946293392495
2021-09-07;1646309,9248442159;0,9999948135227952
2021-09-08;1572817,8482374654;0,9999945711775163
2021-09-09;1585782,3667368398;0,9999946155606997
2021-09-10;1607682,9608911977;0,9999946889099997
2021-09-13;1682837,189320992;0,999994926099238
2021-09-14;1637568,1277498708;0,9999947858359279
2021-09-15;1642024,357825008;0,8712046259927041
2021-09-16;1692000,0584590107;0,8750087860589248
2021-09-17;1676214,1602885395;0,873831670018372
2021-09-20;1470750,2455031544;0,8562059452705981
2021-09-21;1448131,1409632831;0,8539599520285961
2021-09-22;1530001,6568591266;0,8617745671404629
2021-09-23;1512461,5275904804;0,86017155647451
2021-09-24;1506885,9525363117;0,8596541822297825
2021-09-27;1473566,849711147;0,8564807960109732
2021-09-28;1467844,840214458;0,8559213239021483
2021-09-29;1492085,9715296894;0,8582620939205354
2021-09-30;1462180,7455031544;0,8553632018848756
2021-10-01;1480760,836294458;0,9999014669385179
2021-10-04;1415291,3466933228;0,9998969089305436
2021-10-05;1480590,9207404114;0,999901455630668
2021-10-06;1449755,1877005554;0,9998993596299839
2021-10-07;1454952,1098311401;0,9998997191058475
2021-10-08;1411906,0933211304;0,9998966617544799
2021-10-11;1397188,2958662964;0,9998955732030145
2021-10-12;1390815,681154535;0,9998950947271447
2021-10-13;1348365,0660803772;0,9998917919915064
2021-10-14;1337084,305799768;0,9998908790583435
2021-10-15;1338381,0795348145;0,9998909847869535
2021-10-18;1376834,0186102844;0,9998940294207211
2021-10-19;1419114,103254602;0,9998971866334156
2021-10-20;1384642,2346747376;0,9998946270055403
2021-10-21;1340906,4745581604;0,9998911901006585
2021-10-22;1340245,4918997742;0,9998911364377611
2021-10-25;1355533,3939650513;0,9998923642167928
2021-10-26;1386183,103254602;0,9998947441372064
2021-10-27;1327592,208395288;0,9998900988589716
2021-10-28;1324631,7381957031;0,9998898532367029
2021-10-29;1338228,3564284302;0,9998909723457718
2021-11-01;1355365,1297529198;0,9999915585733534
2021-11-02;1354074,5242727257;0,9999915505275987
2021-11-03;1367507,6142957665;0,9999916335271537
2021-11-04;1375112,2401769615;0,9999916797953012
2021-11-05;1354971,5308874107;0,9999915561212459
2021-11-08;1342785,9459379173;0,9999914794942881
2021-11-09;1369780,5464742638;0,9999916474099799
2021-11-10;1386090,9716451622;0,9999917456966706
2021-11-11;1448753,7521245934;0,9999921027191092
2021-11-12;1423505,8049543358;0,9999919626493392
2021-11-15;1387990,7609670616;0,9999917569946113
2021-11-16;1359391,6795042015;0,9999915835770554
2021-11-17;1378253,5747831322;0,9999916987588268
2021-11-18;1348014,1450574852;0,9999915125406035
2021-11-19;1438570,4648244835;0,9999920468161958
2021-11-22;1429585,9298208214;0,9999919968327308
2021-11-23;1400764,1196477867;0,9999918321613456
2021-11-24;1382599,665939138;0,9999917248531126
2021-11-25;1424533,61066036;0,9999919684483143
2021-11-26;1386019,023639486;0,9999917452681911
2021-11-29;1443765,8692840496;0,8535024776061834
2021-11-30;1425148,6267303387;0,851588726396823
2021-12-01;1415423,7291527023;0,9999996763974157
2021-12-02;1405266,3054259052;0,9999996740583796
2021-12-03;1412159,2556636562;0,9999996756493471
2021-12-06;1380289,6661761035;0,9999996681603958
2021-12-07;1421817,7486682166;0,9999996778526804
2021-12-08;1426517,0247581233;0,9999996789139081
2021-12-09;1425985,4817636241;0,9999996787942216
2021-12-10;1440138,7402973403;0,9999996819509372
2021-12-13;1413723,725522541;0,9999996760082834
2021-12-14;1366348,1811635722;0,9999996647744821
2021-12-15;1360396,8929670085;0,999999663307981
2021-12-16;1385003,4783520927;0,9999996692898006
2021-12-17;1373449,1820545425;0,9999996665076636
2021-12-20;1406679,8839886417;0,9999996743859197
2021-12-21;1415423,9896555175;0,9999996763974752
2021-12-22;1464165,9552562465;0,999999687170177
2021-12-23;1472113,848612093;0,9999996888591347
2021-12-27;1539497,5520363082;0,9999997024777493
2021-12-28;1507009,7877693404;0,9999996960638343
2021-12-29;1519550,0247986545;0,9999996985720976
2021-12-30;1521637,9381196727;0,9999996989857014
2022-01-03;1513669,2184965953;0,9999694347095974
2022-01-04;1508458,7681620463;0,999969329132348
2022-01-05;1504691,871542488;0,9999692523498587
2022-01-06;1506214,0297627791;0,9999692834229913
2022-01-07;1518311,4674864158;0,9999695281632079
2022-01-10;1491839,1557057246;0,999968987448104
2022-01-11;1517897,7704887732;0,9999695198582301
2022-01-12;1552826,0788538798;0,9999702054596669
2022-01-13;1580833,5821452483;0,9999707333271767
2022-01-14;1591072,395716463;0,9999709216630486
2022-01-17;1570195,6077859744;0,9999705350473487
2022-01-18;1526512,770650421;0,9999696918754128
2022-01-19;1532248,4233639583;0,9999698053275623
2022-01-20;1504220,4574561461;0,999969242713721
2022-01-21;1445609,8681609973;0,9999679956949273
2022-01-24;1367398,700900112;0,9999661651431976
2022-01-25;1390898,2557719096;0,9999667367911026
2022-01-26;1441335,719834362;0,9999679007891082
2022-01-27;1482688,5331285342;0,9999687960497414
2022-01-28;1481915,6781764373;0,9999687797761249
2022-01-31;1451881,3138416156;0,9999681339385006
2022-02-01;1469832,3427591594;0,9999417512937597
2022-02-02;1520185,1673765453;0,9999436806553615
2022-02-03;1514925,685582188;0,9999434851272437
2022-02-04;1513714,1324568065;0,9999434398936232
2022-02-07;1507981,204325703;0,999943224867717
2022-02-08;1520854,2558737071;0,9999437054326376
2022-02-09;1553521,8588190349;0,9999448892000652
2022-02-10;1655772,6221895488;0,9999482925184241
2022-02-11;1675655,541548756;0,9999489060667703
2022-02-14;1635467,3756799968;0,9999476505409836
2022-02-15;1654613,7436666759;0,9999482563029084
2022-02-16;1696403,4526891978;0,9999495309725879
2022-02-17;1705319,8359213145;0,9999497948534039
2022-02-18;1704378,5908727916;0,9999497671275536
2022-02-21;1641809,0059232982;0,9999478527453273
2022-02-22;1708688,4400282176;0,9999498938306421
2022-02-23;1718009,1050291331;0,9999501656701905
2022-02-24;1659326,095688847;0,9999484032508268
2022-02-25;1719231,376528767;0,9999502010994421
2022-02-28;1718576,3080683025;0,999950182117632
2022-03-01;1645460,8875022787;0,9999997647109337
2022-03-02;1603210,92248496;0,9999997585102806
2022-03-03;1614784,2228008169;0,9999997602410585
2022-03-04;1566185,7774825948;0,9999997528013844
2022-03-07;1585545,9411426443;0,9999997558197805
2022-03-08;1554235,6978526968;0,999999750900744
2022-03-09;1578156,0998760122;0,9999997546763872
2022-03-10;1583936,712440099;0,9999997555717013
2022-03-11;1597684,4925762075;0,9999997576749616
2022-03-14;1541145,4550567525;0,9999997487849348
2022-03-15;1533403,3925605672;0,999999747516565
2022-03-16;1608612,0983138937;0,9999997593211214
2022-03-17;1622862,8429275411;0,9999997614345799
2022-03-18;1600988,2436386007;0,9999997581750163
2022-03-21;1646089,399293508;0,999999764800772
2022-03-22;1656975,7855564016;0,9999997663460388
2022-03-23;1687386,0205264944;0,9999997705569732
2022-03-24;1643368,2860923666;0,9999997644113257
2022-03-25;1676680,000665273;0,9999997690919222
2022-03-28;1715953,5720134634;0,9999997743767883
2022-03-29;1637762,0162387746;0,9999997636048754
2022-03-30;1714535,0029178518;0,9999997741901127
2022-03-31;1722340,088456716;0,9999997752134097
2022-04-01;1766639,643993585;0,9002075275440028
2022-04-04;1726849,791900842;0,8979081221541325
2022-04-05;1722304,2522852109;0,897638679240915
2022-04-06;1690129,5739957974;0,8956900460619116
2022-04-07;1673535,732273309;0,8946557670606635
2022-04-08;1652982,6976949857;0,8933459265733745
2022-04-11;1613474,8082925961;0,8907343721099289
2022-04-12;1603883,9779665158;0,8900809906235106
2022-04-13;1626198,3793394254;0,8915892794798407
2022-04-19;1702309,8982546018;0,8964364019773002
2022-04-20;1684714,5995447324;0,8953547751883054
2022-04-21;1722084,0596258328;0,8976255909068646
2022-04-22;1681599,2343485043;0,8951609073007192
2022-04-25;1591703,1149446652;0,8892398108933578
2022-04-26;1598953,6502382443;0,88974205851018
2022-04-27;1689599,85675575;0,6686402942485387
2022-04-28;1703661,7070918249;0,6713753035348814
2022-04-29;1706914,402202146;0,6720015305688463
2022-05-02;1685440,9024471152;0,9999978703372621
2022-05-03;1738950,4441226828;0,9999979358694786
2022-05-04;1799053,9312862265;0,9999980048287467
2022-05-05;1747976,6150173056;0,9999979465281995
2022-05-06;1737893,550949465;0,9999979346141856
2022-05-09;1646019,0887302267;0,9999978193322838
2022-05-10;1680383,7439159262;0,9999978639279867
2022-05-11;1709879,0972370016;0,9999979007751526
2022-05-12;1680506,798416506;0,9999978640843998
2022-05-13;1756001,7814144003;0,9999979559128442
2022-05-16;1827435,1364177573;0,999998035814998
2022-05-18;1893118,8116039145;0,9999981039643867
2022-05-19;1876220,3712276327;0,9999980868874776
2022-05-20;1958604,6688960898;0,9999981673582505
2022-05-23;1906104,6870311606;0,9999981168816637
2022-05-24;1919618,428783785;0,999998130138452
2022-05-25;1974781,2538036215;0,9999981823704879
2022-05-27;1990067,678318392;0,9999981963323529
2022-05-30;1904583,2675365317;0,9999981153773909
2022-05-31;1956117,8910030234;0,9999981650284456
2022-06-01;1922519,4820784323;0,9999906960625968
2022-06-02;1964959,36629579;0,8882251868787454
2022-06-03;2027909,6314782852;0,8916948948072874
2022-06-07;2015210,6283273452;0,8910124019438755
2022-06-08;1964367,1860131973;0,8881914911212047
2022-06-09;1918586,0367822403;0,8855235252691984
2022-06-10;1895858,44883058;0,8841511790640031
2022-06-13;1858627,6415834182;0,8818305716300123
2022-06-14;1890099,9360131973;0,8837982258113587
2022-06-15;1864961,3071527237;0,8822318912911447
2022-06-16;1826014,350090956;0,87972002194417
2022-06-17;1856081,9539270157;0,8816684977223763
2022-06-20;1867977,94221357;0,6851709936486067
2022-06-21;1922171,3526444782;0,6940472353703881
2022-06-22;1856262,1814103473;0,6831839568122872
2022-06-23;1864277,3894334186;0,6845460644608531
2022-06-24;1827191,4494538654;0,6781433934527246
2022-06-27;1871239,8528581013;0,6857197977398921
2022-06-28;1863934,114012276;0,684487968210691
2022-06-29;1860906,6502366413;0,6839746693588128
2022-06-30;1825731,5482392658;0,6778860287534738
2022-07-01;1753527,400604584;0,9999866402489771
2022-07-04;1808261,6892169497;0,9999870446353957
2022-07-05;1788354,8097613833;0,9999869004241462
2022-07-06;1713003,0675509952;0,999986324198755
2022-07-07;1789087,5876163028;0,9999869057894951
2022-07-08;1770501,720009186;0,9999867683328295
2022-07-11;1784321,1964267276;0,9999868708114151
2022-07-12;1786365,9505618594;0,9999868858396699
2022-07-13;1789763,7698367618;0,9999869107365571
2022-07-14;1759611,9882129214;0,9999866864458523
2022-07-15;1808713,072227814;0,9999870478685405
2022-07-18;1868939,9277499698;0,9999874652528227
2022-07-19;1878651,6950839541;0,9999875300517146
2022-07-20;1865698,0317615054;0,999987443472049
2022-07-21;1861873,9019549869;0,9999874176820142
2022-07-22;1890587,9561389468;0,9999876087809574
2022-07-25;1880001,0560458682;0,999987539001955
2022-07-26;1907269,671722748;0,9999877171593345
2022-07-27;1941320,0541232608;0,9999879325980102
2022-07-28;1958304,1083072207;0,9999880372566321
2022-07-29;1955233,3528903506;0,9999880184687678
2022-08-01;1962556,700121338;0,9999916222132126
2022-08-02;1971063,2245125123;0,9999916583692561
2022-08-03;1990496,0289177247;0,9999917398068858
2022-08-04;1933805,1757454225;0,9999914976535392
2022-08-05;1958799,8098167726;0,9999916061449927
2022-08-08;2014555,2002281495;0,9999918384556601
2022-08-09;2060553,202829773;0,9999920206468975
2022-08-10;2089426,5127815553;0,9999921309117639
2022-08-11;2160989,2076744386;0,9999923915022187
2022-08-12;2166945,22315448;0,9999924124147597
2022-08-15;2120079,9152473756;0,9999922446878188
2022-08-16;2199044,2972816774;0,9999925231694459
2022-08-17;2171441,2511467286;0,9999924281250606
2022-08-18;2187814,870562012;0,9999924847930174
2022-08-19;2146546,5394157716;0,9999923403097534
2022-08-22;2122286,7186226198;0,9999922527519738
2022-08-23;2163913,009043152;0,9999924017825471
2022-08-24;2178731,9534439393;0,9999924534628659
2022-08-25;2145788,0523361512;0,9999923376022277
2022-08-26;2109436,2531532594;0,9999922055565474
2022-08-29;2071227,34324115;0,9999920617687645
2022-08-30;2035224,0841011354;0,999991921340888
2022-08-31;1978102,656900818;0,9999916880544422
2022-09-01;2009395,9855325625;0,9999885528526965
2022-09-02;2049399,3611352846;0,9999887762959853
2022-09-05;2105204,0049875183;0,9999890738133774
2022-09-06;2074899,7207239077;0,999988914234453
2022-09-07;2002931,0376985476;0,9999885159042401
2022-09-08;1956246,8230188296;0,9999882418457801
2022-09-09;2058459,3451211855;0,9999888256953474
2022-09-12;2049839,101918976;0,9999887787037451
2022-09-13;2076230,2418039248;0,9999889213386
2022-09-14;2143604,521760742;0,99998926954501
2022-09-15;2120562,7382098087;0,8136153775457255
2022-09-16;2053512,0542040712;0,8075296005481546
2022-09-19;2063918,3490038759;0,8085000380259253
2022-09-20;2094002,6099596864;0,8112512928723397
2022-09-21;2101606,3724985966;0,811934199227833
2022-09-22;2086216,4467669374;0,8105468461988442
2022-09-23;1974974,211049164;0,7998757233686236
2022-09-26;2013983,2948733217;0,8037519544685708
2022-09-27;2037931,6401797181;0,8060581240512158
2022-09-28;2031258,3212405092;0,8054209643259651
2022-09-29;1986933,1065607911;0,8010802255764091
2022-09-30;2048662,9711314088;0,8070740327123894
2022-10-03;2028484,7114775889;0,9071988724627044
2022-10-04;2017455,8696501963;0,9066915558108709
2022-10-05;1965202,8768218271;0,9042105674495442
2022-10-06;1992997,094717335;0,9055464411281618
2022-10-07;2042010,6876433603;0,9078135733782391
2022-10-10;2043972,640859913;0,9079020605979883
2022-10-11;1957473,2696746103;0,9038323172358935
2022-10-12;1980880,104330372;0,9049686712457937
2022-10-13;2038426,5043547861;0,9076514811718116
2022-10-14;2094813,704305958;0,9101372747226443
2022-10-17;2164034,076772999;0,913011689400937
2022-10-18;2213876,0433257334;0,9149700955548987
2022-10-19;2204387,467184376;0,9146040924204087
2022-10-20;2197566,469625782;0,9143390331900441
2022-10-21;2216213,570783909;0,6958294172834222
2022-10-24;2259835,3757155496;0,7017008493212558
2022-10-25;2270120,9732497293;0,7030524006459753
2022-10-26;2277581,180372532;0,7040250511995059
2022-10-27;2244480,3457167703;0,6996601130697562
2022-10-28;2230233,7661269265;0,6977415625715333
2022-10-31;2225565,754072483;0,697107590725547
2022-11-01;2262942,4023459055;0,903871335672811
2022-11-02;2358178,6305868723;0,9077535400561512
2022-11-03;2449224,8212607005;0,9111826612654936
2022-11-04;2408996,0377829173;0,9096994651817376
2022-11-07;2465046,370180378;0,9117527226999164
2022-11-08;2458590,847109089;0,9115210117849999
2022-11-09;2428739,183504353;0,9104335154370097
2022-11-10;2385138,0404379466;0,9087962093183798
2022-11-11;2353032,0455038645;0,9075517772898453
2022-11-14;2322893,528688679;0,9063523024623197
2022-11-15;2296456,11889864;0,9052742054173456
2022-11-16;2294456,6020834544;0,9051916561030863
2022-11-17;2294538,3779013255;0,9051950350092479
2022-11-18;2289721,549532185;0,9049955962412474
2022-11-21;2311937,8379843333;0,9059085296270208
2022-11-22;2315090,646028767;0,9060366681710617
2022-11-23;2286525,847109089;0,904862815847061
2022-11-24;2222587,2890646555;0,9021259449934053
2022-11-25;2236191,2233908274;0,902721364652788
2022-11-28;2235731,8911566967;0,712434841972824
2022-11-29;2274934,5945868725;0,7173902950367563
2022-11-30;2290451,3948493237;0,7193048514224566
2022-12-01;2272554,7011870006;0,9463448366355598
2022-12-02;2237523,9311674694;0,9455048091113852
2022-12-05;2262565,5139921764;0,9461079500271935
2022-12-06;2236028,7035978893;0,9454683682948183
2022-12-07;2172167,9221037487;0,943865162308114
2022-12-08;2197613,50373827;0,9445151326475754
2022-12-09;2225394,6904142955;0,9452077897588068
2022-12-12;2269166,2805632213;0,9462647163448286
2022-12-13;2287513,8863066295;0,9466957142963239
2022-12-14;2281639,813746815;0,7451114719146688
2022-12-15;2278837,396571522;0,7447980208584564
2022-12-16;2289346,6286577038;0,7459695240262506
2022-12-19;2291776,5863991585;0,5577758435261817
2022-12-20;2309742,1959877815;0,561215546259962
2022-12-21;2315884,568271717;0,5623793251046415
2022-12-22;2290748,568271717;0,5575773868052896
2022-12-23;2287012,5773354378;0,5568546593094809
2022-12-27;2290576,568271717;0,5575441651743153
2022-12-28;2253319,768009266;0,5502285196556057
2022-12-29;2261437,3866616096;0,5518430120044413
2022-12-30;2240075,8055764046;0,5475693433124548
2023-01-02;2278246,7282795142;0,7552022152998344
2023-01-03;2207753,585213108;0,7473858695922394
2023-01-04;2156465,118690891;0,7413778005267297
2023-01-05;2159801,775886936;0,741777343499869
2023-01-06;2198064,549339695;0,7462723502588844
2023-01-09;2220674,9548267554;0,748855747271336
2023-01-10;2223725,358665867;0,749200255368844
2023-01-11;2253718,537605686;0,7525379754493536
2023-01-12;2204185,5285419654;0,746976946876091
2023-01-13;2249745,7282795142;0,7521009840922193
2023-01-16;2268401,7282795142;0,754139778183724
2023-01-17;2306844,118690891;0,7582369144215434
2023-01-18;2324272,137794895;0,7600497192156076
2023-01-19;2296638,7309498023;0,757162611355693
2023-01-20;2329645,358665867;0,7606031536050567
2023-01-23;2283400,752083225;0,7557547655292627
2023-01-24;2219539,7309498023;0,7487272949853591
2023-01-25;2158367,577843113;0,7416057589965503
2023-01-26;2182094,9474567603;0,7444154514297199
2023-01-27;2191672,1545643043;0,7455323092362345
2023-01-30;2237474,366035862;0,7507413892426751
2023-01-31;2245367,775886936;0,7516176378442387
2023-02-01;2282059,1106833457;0,9999382279990557
2023-02-02;2250166,980071926;0,9999373524903759
2023-02-03;2245516,6672514915;0,9999372227516296
2023-02-06;2254383,3542975425;0,9999374696600419
2023-02-07;2337960,4776190757;0,9999397049869365
2023-02-08;2289441,774150753;0,9999384271925447
2023-02-09;2277857,7637824058;0,9999381140649862
2023-02-10;2243262,6576613425;0,9999371596736305
2023-02-13;2243128,758991146;0,9999371559225145
2023-02-14;2266972,821430111;0,9999378169176942
2023-02-15;2244189,191665554;0,9999371856178332
2023-02-16;2262864,8138388633;0,9999377040304493
2023-02-17;2292265,6433234466;0,8113627371739763
2023-02-20;2293607,2317481292;0,8114730758425889
2023-02-21;2341910,3024115814;0,8153615378943426
2023-02-22;2317577,3708319915;0,8134229639671366
2023-02-23;2367067,8677954925;0,8173239041813448
2023-02-24;2400377,7477851165;0,8198588880330769
2023-02-27;2429238,6801581634;0,8219990813753566
2023-02-28;2447218,3415198578;0,8233068503572424
2023-03-01;2447689,838438365;0,9764367890001048
2023-03-02;2390118,087519023;0,9758692123093841
2023-03-03;2445034,335460994;0,9764111974670702
2023-03-06;2400329,9252853044;0,7906274913163498
2023-03-07;2368346,464460338;0,7878000091342467
2023-03-08;2433338,7297324785;0,7934676779748314
2023-03-09;2407529,3506354936;0,7912535944815103
2023-03-10;2377434,4757976183;0,7886111675246843
2023-03-13;2283276,694519008;0,7798939132818101
2023-03-14;2344638,074546779;0,7856542962510029
2023-03-15;2248549,046283687;0,7764944914339141
2023-03-16;2251282,3018722185;0,776765846865371
2023-03-17;2269427,8468169817;0,7785507484495267
2023-03-20;2296420,4366225847;0,781153707696245
2023-03-21;2326597,984261859;0,5918085059107964
2023-03-22;2314747,6151460297;0,5897187662591611
2023-03-23;2308065,051482404;0,38122141695956
2023-03-24;2261921,4381096014;0,36859822005354737
2023-03-27;2281173,6540977606;0,373927004831068
2023-03-28;2297952,3927604803;0,37849834199315197
2023-03-29;2299929,3700859197;0,37903257347938085
2023-03-30;2279031,5741569647;0,3733385538330069
2023-03-31;2282274,2447960027;0,37422891864202856
2023-04-03;2198469,8942216784;0,9967798567100166
2023-04-04;2193347,9785894305;0,9967723370175574
2023-04-05;2191193,1645692736;0,9967691629416432
2023-04-11;2256896,607209578;0,9968632200272296
2023-04-12;2303005,075078383;0,9969260215035056
2023-04-13;2360882,936849013;0,9970013811495639
2023-04-14;2351150,074902907;0,9969889680145574
2023-04-17;2418808,600638762;0,9970731921177066
2023-04-18;2465975,796645537;0,9971291737381451
2023-04-19;2421454,296645537;0,9970763899661804
2023-04-20;2422014,75137271;0,9970770664901624
2023-04-21;2362732,335347548;0,9970037282800944
2023-04-24;2367143,6415473465;0,795695855137469
2023-04-25;2335916,043543959;0,7929646235404149
2023-04-26;2304216,319365645;0,7901163821345346
2023-04-27;2292539,985591078;0,7890474057191117
2023-04-28;2314085,203459883;0,7910114732465199
2023-05-02;2274315,280096728;0,999985285324448
2023-05-03;2247440,217962939;0,9999851093652316
2023-05-04;2178125,9192416253;0,999984635501945
2023-05-05;2224607,4931194633;0,8047370839892944
2023-05-08;2171483,5826732963;0,7999601058226717
2023-05-09;2200747,351350054;0,8026200754851308
2023-05-10;2214670,290299639;0,8038609412929809
2023-05-11;2273108,7321026176;0,8089034017814146
2023-05-12;2301381,1549846977;0,811251019786568
2023-05-15;2245841,2321026176;0,8065832348802812
2023-05-16;2248088,9619915336;0,8067766207521605
2023-05-19;2262251,88870357;0,8079863041534671
2023-05-22;2243109,9789898247;0,8063477269708396
2023-05-23;2254920,5168316215;0,8073620143843819
2023-05-24;2219589,5563786644;0,5938116925877204
2023-05-25;2243027,7862675805;0,5980561049777964
2023-05-26;2268255,3633702416;0,6025265322349593
2023-05-30;2271366,900723757;0,6030710297098447
2023-05-31;2192258,2105839867;0,5887476572318293
2023-06-01;2237965,100316828;0,9999870016451313
2023-06-02;2251290,201917475;0,9999870785807476
2023-06-05;2233429,3047464546;0,9999869752472148
2023-06-06;2136156,9562738594;0,9999863821502104
2023-06-07;2135115,506467646;0,999986375507803
2023-06-08;2162270,4712198433;0,9999865466115618
2023-06-09;2139053,4423502143;0,9999864005901014
2023-06-12;2161444,01485998;0,999986541467483
2023-06-13;2218855,4982736763;0,9999868896985044
2023-06-14;2199848,11478216;0,9999867764213528
2023-06-15;2223869,930585688;0,9999869192599092
2023-06-16;2247693,3827112373;0,9999870579035463
2023-06-19;2275109,2467859443;0,999987213860346
2023-06-20;2218117,2204874214;0,9999868853348737
2023-06-21;2270924,869382685;0,999987190300767
2023-06-22;2198265,1603143867;0,9999867668991518
2023-06-23;2182923,010877436;0,9999866738934847
2023-06-26;2128944,8503015693;0,9999863360177914
2023-06-27;2082105,930600947;0,9999860286337355
2023-06-28;2090865,4508722483;0,9999860871657018
2023-06-29;2128972,582677668;0,9999863361957809
2023-06-30;2156751,325773066;0,9999865121842235
2023-07-03;2186883,8730232227;0,8244640246030801
2023-07-04;2167429,5745002734;0,8228884581777322
2023-07-05;2155588,4952918994;0,8219155490162594
2023-07-06;2151062,268737029;0,8215408269160361
2023-07-07;2167120,6780311572;0,8228632131000292
2023-07-10;2168147,256926726;0,8229470841961826
2023-07-11;2187491,284499358;0,8245127665417046
2023-07-12;2161086,497870635;0,8223686122192854
2023-07-13;2124938,4514762866;0,819346864628371
2023-07-14;2087132,6331474292;0,8160745572014592
2023-07-17;2078748,7892448413;0,8153327637677766
2023-07-18;2098101,1768791187;0,8170360905559693
2023-07-19;2089192,2660743701;0,8162558803397082
2023-07-20;2101260,1190711963;0,8173111504630814
2023-07-21;2090797,2097770679;0,8163969265236123
2023-07-24;2109535,6235572803;0,8180278211734584
2023-07-25;2142895,6795417774;0,8208607178614449
2023-07-26;2132185,2715751636;0,8199608641666799
2023-07-27;2149252,242850493;0,8213905347741779
2023-07-28;2164769,8811027515;0,8226708542640221
2023-07-31;2238546,3507835376;0,8285151461811097
2023-08-01;2239799,5164828096;0,8271766578216792
2023-08-02;2222823,8280520234;0,8258568072904036
2023-08-03;2263061,7139124665;0,8289531231657262
2023-08-04;2280866,6268152986;0,8302883501836198
2023-08-07;2262185,032390097;0,8288868360874224
2023-08-08;2284140,470431784;0,8305315967827616
2023-08-09;2313889,298572043;0,8327103900403409
2023-08-10;2309260,8155398164;0,8323750891873772
2023-08-11;2336816,9109797273;0,8343517472724655
2023-08-14;2341795,684131125;0,8347039236296279
2023-08-15;2349287,418052176;0,8352310427095858
2023-08-16;2403533,006095389;0,8389497305565257
2023-08-17;2414795,2942423616;0,8397008478644584
2023-08-18;2392298,641715506;0,8381934297423811
2023-08-21;2390531,0986437593;0,8380737910217704
2023-08-22;2401821,446704367;0,8388349646976935
2023-08-23;2333199,8671412263;0,8340949510158205
2023-08-24;2400425,857478598;0,8387412645793841
2023-08-25;2416415,59183071;0,839808334478308
2023-08-28;2443905,4139857087;0,8416102210696237
2023-08-29;2446114,869941214;0,841753286812222
2023-08-30;2408081,505225638;0,8392539299820436
2023-08-31;2387656,3781885896;0,837878833074961
2023-09-01;2398726,5657574506;0,9999559116973606
2023-09-04;2437735,949310002;0,9999566172116343
2023-09-05;2407470,5795437666;0,9999560718275526
2023-09-06;2441511,951553044;0,9999566843067416
2023-09-07;2479039,247871098;0,9999573400127202
2023-09-08;2443717,529525456;0,9999567234013332
2023-09-11;2482135,8231427046;0,9999573932329592
2023-09-12;2454325,6638333173;0,999956910452293
2023-09-13;2415537,032951054;0,9999562185214561
2023-09-14;2454713,8471218916;0,9999569172663835
2023-09-15;2456979,6840435835;0,9999569569974603
2023-09-18;2505180,260787663;0,9999577851604391
2023-09-19;2539736,7137066694;0,9999583595487637
2023-09-20;2534273,0213696333;0,9999582697752418
2023-09-21;2588365,3578488203;0,9999591418643974
2023-09-22;2592144,6121670576;0,9999592014341007
2023-09-25;2560713,8108441206;0,9999587006629431
2023-09-26;2561241,095214543;0,9999587091652645
2023-09-27;2555641,4482724043;0,9999586186932241
2023-09-28;2516492,150382695;0,9999579749204606
2023-09-29;2517716,658027348;0,9999579953596275
2023-10-02;2542450,409658536;0,9999395050499689
2023-10-03;2486033,008749112;0,9999381321929566
2023-10-04;2343240,3901196565;0,9999343620863068
2023-10-05;2425388,744939908;0,999936585254298
2023-10-06;2458205,5990506257;0,9999374318362352
2023-10-09;2529463,156683072;0,9999391944452393
2023-10-10;2576318,171423062;0,9999403003044441
2023-10-11;2575696,238943204;0,9999402858892429
2023-10-12;2641883,423505887;0,9999417819086488
2023-10-13;2671485,4863263215;0,9999424270087649
2023-10-16;2685626,8903866853;0,9999427301644024
2023-10-17;2726947,716787442;0,9999435979613609
2023-10-18;2737602,3689023103;0,9999438174761112
2023-10-19;2723153,8809720124;0,9999435193833284
2023-10-20;2718398,0456906403;0,9999434205705332
2023-10-23;2720915,3289395417;0,9999434729155835
2023-10-24;2828897,7416592683;0,9999456306220532
2023-10-25;2878616,29418002;0,9999465696727974
2023-10-26;2836393,1391354646;0,9999457742975165
2023-10-27;2904026,504400357;0,9999470371877612
2023-10-30;2920475,805410489;0,9999473354957421
2023-10-31;3005757,8576718415;0,9999488297401947
2023-11-01;3106049,7980704126;0,9999800242670238
2023-11-02;3141927,5495581445;0,9999802523704324
2023-11-03;3043273,7924780664;0,9999796122118456
2023-11-06;3040486,9674887476;0,9999795935249713
2023-11-07;2971852,8924994287;0,9999791222433878
2023-11-08;2938364,0159277734;0,9999788842971665
2023-11-09;2955754,219144326;0,9999790085315704
2023-11-10;2960992,172193032;0,9999790456651795
2023-11-13;2995178,288587075;0,9999792848320204
2023-11-14;2914741,0103354272;0,9999787131614243
2023-11-15;2953667,6449484644;0,9999789937024625
2023-11-16;2896616,3742804346;0,9999785799659465
2023-11-17;2975695,1631674585;0,9999791492011195
2023-11-20;3002171,0616812524;0,9999793330825918
2023-11-21;2928077,577260476;0,9999788101169659
2023-11-22;2922074,774426919;0,9999787665867007
2023-11-23;2985511,9256262598;0,9999792177613346
2023-11-24;3039619,4197439966;0,9999795877006924
2023-11-27;2990018,8718085107;0,9999792490870335
2023-11-28;2876632,027402383;0,9999784311581092
2023-11-29;2820894,09132145;0,9999780049802054
2023-11-30;2810810,4645819482;0,9999779260742911
2023-12-01;2879670,844385529;0,999970794457019
2023-12-04;2870037,284830475;0,9999706964257707
2023-12-05;2861043,4336189274;0,9999706043083343
2023-12-06;2852621,0715583805;0,9999705175175717
2023-12-07;2702525,686692902;0,7915195307393795
2023-12-08;2730208,975953766;0,7936334440649213
2023-12-11;2696379,302369782;0,7910443004604593
2023-12-12;2673752,585633942;0,7892760061727888
2023-12-13;2635378,2912461245;0,7862076100337744
2023-12-14;2626420,8163620913;0,7854784656591983
2023-12-15;2660743,603913971;0,7882457285542972
2023-12-18;2746857,10833902;0,7948841890464008
2023-12-19;2743947,600663849;0,7946666972742824
2023-12-20;2763681,0849320376;0,7961328365915736
2023-12-21;2767659,7921006167;0,7964259100924447
2023-12-22;2820572,7058121646;0,8002448856611258
2023-12-27;2751106,3966538394;0,7952010056623375
2023-12-28;2758197,099382111;0,7957274976915774
2023-12-29;2756506,5062272036;0,7956022153121024
2024-01-02;2842325,377478497;0,9999766336253518
2024-01-03;2850628,802893536;0,999976701687861
2024-01-04;2979902,506247418;0,9999777124118984
2024-01-05;2939316,790305035;0,9999774046676897
2024-01-08;2849144,3630055357;0,9999766895491486
2024-01-09;2843548,8801793028;0,9999766436792752
2024-01-10;2886007,125059979;0,9999769872918658
2024-01-11;2722967,03658952;0,9999756093853691
2024-01-12;2781936,443432843;0,7642163481527156
2024-01-15;2765350,782643353;0,762802195672028
2024-01-16;2812466,965077435;0,7667758796869699
2024-01-17;2826122,478962933;0,7679027930592935
2024-01-18;2866423,6889772764;0,7711660225381141
2024-01-19;2878829,86571983;0,7721521713907777
2024-01-22;2867587,737573239;0,6254108500852291
2024-01-23;2841532,545854184;0,6219760866400076
2024-01-24;2906790,1194854705;0,6304627411098678
2024-01-25;2883406,211465451;0,6274658601163066
2024-01-26;2892911,795854184;0,6286899398512723
2024-01-29;2864250,9858795134;0,6249744668958398
2024-01-30;2864638,986100766;0,6250252621236245
2024-01-31;2861772,292687985;0,6246496425770324
2024-02-01;2881138,6716184886;0,9999985974072233
2024-02-02;2832143,2904691966;0,9999985731427139
2024-02-05;2859223,123980549;0,9999985866565447
2024-02-06;2932636,4996061595;0,9999986220371021
2024-02-07;2897647,1716184886;0,9999986053980868
2024-02-08;2941783,93432906;0,9999986263218579
2024-02-09;2946536,9581480296;0,9999986285377218
2024-02-12;2940470,8319273265;0,9999986257084255
2024-02-13;2931005,1599149974;0,9999986212701552
2024-02-14;2941910,7013731273;0,9999986263810497
2024-02-15;2895890,4807157787;0,9999986045521002
2024-02-16;2935842,66051009;0,9999986235419412
