Draw_down,Next_10_years
0.11514367758979664,-32.73775320052544
1.649596185649903,-32.56217912087669
1.820248556387703,-33.95133564683153
1.0728325044102727,-38.984022254142005
1.2422322118998743,-40.88050149856098
1.7504205644718336,-37.356322658063576
2.0327426403909903,-34.40922268454202
3.7831632048628236,-31.455400952868345
4.2913515574347825,-32.0943969864118
0.4444440205891927,-41.23884102600455
0.26809242940074174,-50.16128888363399
0.5774210362640556,-55.121437379500435
0.8398942457742464,-52.83218562571942
1.9190914214525072,-50.97831553376613
0.15432451554180032,-46.36785198738654
0.25341732499036657,-48.88211248161948
1.0643643656610728,-47.950821674437094
1.9766822032284366,-48.552224763381275
2.9396854392441294,-47.362923631850826
0.6859352802307285,-48.5446469184417
0.8329254167804441,-49.30829869117622
0.9799155533301597,-50.12369925612457
0.24462398778251784,-50.416871214768776
1.908029778899667,-50.3241874456691
2.5440334842322274,-51.25502007551454
3.9628246190178515,-51.40091508042395
5.2837568272394755,-52.014464519769824
8.610568409473775,-48.23340514820752
10.273974200590924,-46.7829871991324
0.6169870083032581,-42.40687625579639
0.8060695830440054,-45.98470291814311
0.09452012243808193,-45.60075528842649
0.7032330945466372,-44.52313583239827
0.09332924628489789,-44.41849741550249
0.13999386942734685,-42.803738367735576
1.3999119931730626,-40.7477474915837
1.4932323390911586,-37.28091241917938
0.6830584006550996,-39.20219828712918
0.3638013848964528,-39.8904602098867
1.546158054237224,-39.491914030994195
1.0909080505371094,-39.3841937424415
1.4545440673828125,-39.25276803086667
1.484940118801036,-46.46855868756668
1.7710061491567013,-48.05031385681162
1.9357545610022786,-47.669045285071725
5.642507415524608,-45.04583048257836
7.907743088944739,-42.486586289609896
8.11367860375171,-42.223215365826654
0.04022618115975387,-49.41650099853729
2.453743344228084,-48.577318486479136
2.7755451211465574,-48.986347187481485
0.6344165415079384,-50.91779547940097
0.5102007971040639,-51.1637083702357
0.7739967560310673,-52.0280792373938
1.3544906323643107,-51.510397145307415
4.373069123229336,-49.8988240666496
5.417955148077128,-48.93617320161182
5.766252950153097,-49.73306127570838
0.15337043058176109,-54.224271669721055
0.19171486659054338,-53.63042882662451
0.23005930259932567,-53.92006318147212
0.6901852212513451,-54.32432394615857
2.0322112277452526,-53.34637795603587
6.0199374977648255,-53.039575188094844
6.6334338469986065,-54.90760012228964
0.18961373840681786,-57.104862869458216
1.1376607313672766,-57.000382932982774
1.327267236749551,-57.955421260882034
2.768302716543193,-57.52729874198303
3.716349709503652,-54.903504984197326
6.105424949233209,-52.94830569128638
8.229048188217766,-52.56198685821071
0.3785025782776382,-57.294833201200646
0.3172370459130468,-59.15841615877665
0.5992247841559775,-57.1985838004421
0.42001726694629543,-58.34797868650256
0.2089117944876959,-57.95533756144478
1.1474267075097475,-57.157931148673356
0.659037580854745,-57.960893092041296
2.2545945898383373,-56.99077447017267
0.0676540959957744,-60.93432767706122
0.4397806600652357,-60.72035236240324
1.4546695295823906,-59.56059020819696
3.9918820246777105,-59.19661639837322
0.42373229081520875,-63.436987380531605
0.06433083842235704,-64.0167350660187
0.12866167684471408,-63.60708383771085
0.32164805718536693,-59.21264783259892
0.31426895797862764,-58.953339408547535
2.5141396754654064,-57.54352069005929
0.5026699585159162,-58.69908464731305
2.29343243476619,-57.974278024087425
0.8160710103607464,-59.113924302765994
1.4752078207758035,-58.2351070035364
1.506595858096138,-59.01848310832434
3.327060116083654,-58.474025069249755
4.990584187469498,-57.746944934146384
5.335846611337194,-57.493369497068336
5.900819309791248,-57.30486862515789
9.133709327257915,-55.924007279417275
10.075332486899999,-55.1832449439782
12.962966067154955,-53.047238829079134
16.509730471168982,-51.76691827176146
19.17765377683758,-50.213593418158375
28.625237490642856,-43.05189120664462
35.87570648527259,-37.24914584765634
37.66478270593977,-35.599196531814115
41.211553096609784,-31.92738755145921
44.56999526335779,-27.576443531355583
46.13936120943861,-37.645688202737375
46.484623633306306,-37.06744854912849
46.955432219799356,-36.50887701517313
47.83427331814479,-32.43081242374766
49.49780337618662,-30.018644362344553
51.224106515541116,-27.34877741591204
51.56936594608082,-32.339602243032054
53.10734684816931,-30.388220143019236
54.67671279425013,-27.908586219392518
54.896423068836484,-35.073068907383224
56.55995013355032,-30.997109209213818
56.59133817087066,-31.742591233119516
56.84243648277735,-31.345457597212356
57.940993842365124,-29.925368577341356
58.38041439153784,-29.411768513472055
59.13370932725792,-27.342552184734476
61.07972573452677,-23.38709441729805
61.7074715142935,-22.213115414058425
62.02134290751287,-14.958680682263314
62.36660533138057,-14.261885494494061
62.900189992514285,-12.690355657596381
64.0301323960944,-11.692845969698288
65.69365946080823,-7.685271080826209
66.10169496598861,-6.203704300567763
66.47834243384865,-4.7752829055133805
67.04331513230271,-3.5238084338960194
68.42435584778951,0.5964161375717804
69.52291320737729,2.9866113358777087
70.08788590583134,4.721928875908155
72.31638566899923,11.564631440545648
72.44193482495257,-2.391800051637447
73.06968060471931,-1.0489528366920529
73.9171366590724,2.1660570687404053
74.8587568253865,4.868906098681596
75.10985663395718,5.800763240123593
75.76899045104425,9.06736146536757
76.27118707485762,16.931219834609408
76.30257361551396,19.470201720428424
76.36534819349063,12.616192642206547
76.45951080878764,13.333333333333334
77.05587004789804,9.30232330590226
77.4639055530784,11.142064204198942
77.84055302093844,12.747876808241152
78.87633430588555,16.344723648069237
79.50408008565229,19.601832953214533
79.72379185690264,21.05263352141582
80.35153763666936,23.003187343980564
80.94789687577976,28.33607481959727
80.9792849131001,28.877888061453138
81.23038322500679,30.26755747502446
81.29315780298346,29.36241591944844
81.70119330816384,35.33447632483031
81.98367965739087,39.37282785712696
82.23477796929755,40.28269030520949
82.42310170322757,43.03572080877374
82.45448824388392,43.11269734574873
82.89391178638462,49.724773082375236
82.95668636436129,50.82872632224621
83.6472067221047,57.00576286531355
84.21217792389476,63.817086032131996
84.83992520032548,73.29192583375422
85.9698691005696,89.4854734806522
86.18957937515596,90.68182185169086
0.5812133211708005,153.26153094951923
1.162426642341601,155.52458696842325
1.2236088344611527,156.3022601106014
0.21367429307286573,155.27684445988424
0.2747257545759194,154.729127287826
1.0683714653643286,156.09379941613122
1.4652001429463555,157.8686524522312
1.4957200515100602,159.65292757028377
2.686200262068318,161.85698103677802
3.20512604046863,164.45917070812862
3.296697410535389,167.48736441749645
0.3351633497087138,160.53195844067395
0.20870510707652482,153.74961818836647
0.5649789930764891,154.00719476574233
0.028938702616462822,145.68615622764221
0.8972433153087503,148.77335318223612
1.6208323327343541,150.48542272825475
0.17181432342429617,144.06196311365085
0.6586470627047997,145.57511044643178
1.030918712860774,146.5567005165846
1.6323016171608076,150.45124483516622
1.6425288640485154,143.4191778739364
2.3663655831028443,140.71855974781883
0.8979641661352041,130.6425157144168
3.3469375298947703,134.9662106105932
4.653058733258929,138.1563777621445
5.90475692230017,144.01385999245443
1.3528138863240828,135.43609021769723
0.6998711320357545,134.7519650499685
1.0228830484718108,135.898821821894
1.4266556452896448,139.10431488941387
1.5612430881076946,139.48592442413928
0.6396633143354227,134.0128774688091
2.5053267996815256,136.35865160365358
3.4648166876329287,136.16785762733
4.530918822490812,140.28475831411254
6.8230312954628385,145.0514885939894
0.13064864505483365,127.86497529130234
0.8089806256780495,126.33518173706327
1.6701445583124066,129.6443685734551
1.7745310819186335,131.24336431170255
2.3486470069060754,135.5692299285952
2.9227529770467116,137.9301083896984
3.3924823784279265,138.51972436494103
3.522960555512307,140.1406433537802
1.8518465483575894,130.1631663270205
2.3773793411036315,130.96642489314496
0.5367192283348889,113.14692310564072
1.3895286472454582,99.90605703662003
2.176930569859934,102.98294142227333
2.5011621663310475,101.11639248868865
0.5941460957626784,95.77012336117097
1.8967048633294863,97.22803998847682
3.1992636308962945,102.28989897716406
3.3135214896219045,102.95438421041764
4.593232172369927,105.31736819330091
4.616080257188712,105.29467895448785
0.022804687850615554,96.98973833350703
0.533455589048504,93.72067584671788
0.06642776660371065,92.35540771995643
6.618453620580672,104.57638329103534
6.881436151976264,108.66086175525086
7.1225069557822005,110.0754991398029
9.818100892762867,117.54554878149396
10.585145119423931,120.63725079998784
0.43094325274083245,98.61501968766866
1.077354022072639,100.26138694615743
1.7668599386344173,101.75477747111259
1.8745936969299044,101.29555627147442
2.5640996134916825,103.89207089634078
2.887309107937028,104.61504735997048
2.9088525717725715,104.7048270141512
2.9950428662325153,103.86494412722618
3.1458717717579736,104.53837793304174
4.093948571699582,106.31319994148112
4.848093099326876,108.06158870220732
4.8911882465568475,107.63480469683095
5.796161679709599,110.86459256032842
6.873515701782239,111.75380392915572
7.1105349017676405,112.31732192858914
0.1485247045147544,97.98129079916285
1.3095956694013267,88.45117199317735
1.9234676637074597,82.24493619435361
2.3122514387466313,86.69877276862393
2.660117179197184,87.7023365321619
3.2944559966035376,88.89123955468291
3.6423139312481787,88.53259395119764
4.112949387076411,95.41186193368516
5.115612962227627,98.57667447074057
5.7704107969282905,100.69489620005614
5.89318051230597,100.02173191230959
7.386946366385639,102.73973826590735
7.878040839508182,102.42113799823976
8.737467876181496,104.17040509862532
9.760590468627022,103.74150018813984
0.020284193777951206,76.166328231569
0.04052004799329912,74.49827414533927
0.8084028190828921,74.42949758853315
0.9700880086439746,75.14285652004943
1.3698636453198336,77.45097810055186
2.1353698058561905,77.70687232841637
3.3037860793979603,78.14583778381348
3.525382799188616,75.6107737439219
4.47220235293973,76.65541939629638
4.593067702116711,77.21705917130214
5.439163569978793,78.9518586653809
7.151489284266264,73.92059751947842
7.83642110692618,65.814208984375
8.138599849317918,70.39473585144631
8.642225963487721,70.71664999751856
9.951649249494421,72.17001738460776
10.012089608807555,78.15089566396914
10.495566374964765,81.88160477950741
10.596290060853798,82.24424359359945
11.583400625905453,88.67623310590587
11.724415323095027,90.48380146511536
12.127317751375797,92.365900313615
12.731667551434631,95.12926910153313
14.242545893944037,98.05026582803663
14.605157310924266,101.0851594505684
14.947619379891904,123.92230739483831
15.491536505362248,126.43622440094933
17.485899298753505,134.86327904902276
17.526190310054048,135.14899822263428
18.11039076210029,138.00737113971888
18.755031573459664,140.51573418305324
21.132147447119106,149.27201158186867
21.474617200811384,148.2298698628441
0.42185433833315655,106.25377949002646
0.1598118834598587,105.4221670854209
0.019577680816427384,103.17272830712243
0.039162831179141086,102.33105280938446
0.6974053037595017,101.97035148127618
2.014717400909689,105.6346349761721
2.3246818825450104,105.09719836880451
0.3622544111391195,101.30118700156099
0.41469822652168853,100.58678316836915
0.2066127101495807,101.88217575738037
1.014276668863724,105.16129256418519
2.272732646549322,107.61099207645641
4.16979930637571,111.03488279675477
0.20576246209385354,96.88847969973219
0.44892979401347977,97.57609754615052
0.14774114275223743,92.32476132919942
0.812562195766454,90.78384466092234
1.3481132712151758,89.4796044368744
0.12576301655788338,83.81003782101803
1.3834000357071017,85.88085245732113
0.5557503861201368,84.6583703822702
0.03582385296026784,83.49758312516315
0.26867548085135456,84.10560627583467
0.12491023140726522,83.83061844849443
0.48179952418391414,85.0457165163531
1.5703088039590076,87.69035363613058
1.7487500467987924,86.05157988807959
2.1948599609953336,85.00273487548434
2.9800177665233774,85.12047729111445
4.389719921990667,86.24486283180674
0.38986570886647043,76.49884486811571
0.4961878039741804,77.80942764868045
1.0764016505449088,80.3424830494006
1.411680365112381,78.79005065210704
1.6057876774571376,82.11981009429404
2.152810032512773,83.31830500860457
2.17045982350209,83.20707469478809
0.10314175774855078,79.60764352150056
0.7564013074765445,81.63866523787873
0.9798860456703938,81.71875163498856
0.9970741526807545,84.33756447444448
2.217633043555358,83.66736859867086
0.35977229452704973,77.88858211126048
0.3769015076779198,77.02493506486691
0.479696392702733,76.60526091997312
0.0852066066811809,67.69571533965673
0.7668724618253989,68.21225780226136
1.7893647436943405,68.73155658775303
1.9938684007460372,68.09250737319115
3.271987003505907,69.53841825683519
3.9536463578027394,72.67565408249763
0.09994596004296762,53.510081181743196
0.19989827473751476,50.57586265103187
1.032815166570669,50.61438072168474
1.3993006324657624,57.104240617110925
1.8657320584038233,58.56391767791328
0.19795271197480815,55.371900826446286
0.1647149985654828,56.85530232215052
0.6753415476775587,58.12603595443948
0.7741680334270786,59.229740199746004
1.383627351763099,58.56021713509541
3.4425962512037565,60.866606567721846
4.019105029657371,60.70018646648595
4.035580299598574,64.14349469363547
4.957994345124357,65.51126297616858
5.633335892801916,65.42153103261836
6.127487171972788,65.2219703262212
6.638113721084864,63.23217386189369
7.082851757380977,65.20121023485781
7.445232294394349,66.18615329353528
8.96063038831495,68.42771045212548
9.174764913229616,68.06311061792009
9.850106460907176,64.5167214847892
10.113654228696603,59.538204224785986
11.019599287755607,61.032945439872655
11.925544346814611,64.54086655765494
12.600885894492171,60.34677653416286
12.798551432940059,58.99131158360164
13.55625047990036,60.17530162312899
14.01745750266325,62.20305925562103
0.30660390134504856,59.323409274913594
0.12840773248329876,56.79845008767305
0.8667751559234564,56.63860183435306
1.043335022699286,55.26358288981162
1.2841079403812408,57.65853509670351
1.8619580443302117,58.243377438405176
0.01576028018543133,58.77344884113912
0.9055453605302674,59.1460535584207
0.9523878157443537,58.60656513983565
1.0460608145500945,57.69958230329587
0.3270504399110613,56.734371185302734
0.18501810893119078,55.32900969536513
0.24669081190825434,55.78053426518078
0.5087909774117697,57.306685350190754
0.6783879698823596,58.30488397327319
0.7863122593758859,58.66356005459967
0.3046064064600959,58.890931241858226
0.46533349625865367,56.748614489936244
0.5403791586754813,57.847861403405545
3.6109542019712233,57.024171813050785
4.178804213496408,56.95183824245454
4.237046664500487,57.79231272051092
6.231797845484766,60.295032470536505
0.14111203561431804,29.447513008080563
0.06975781169329556,30.4244625522124
0.1114542106648266,35.369597893648574
0.13917672407065,35.08013682082971
0.20877039535767525,35.23013000190895
0.7376461942275054,36.97420479447329
0.1110982206379301,36.99430070548299
0.43050295624461316,39.832644914343284
0.15143255957576196,38.89425004723009
0.9085848544333778,40.24728013369565
1.2114499735849018,42.433104851969446
1.899775970557931,42.82907062607178
2.0925064094686836,43.54610854229331
2.4504388687405934,43.480097788896835
2.7533039878921173,45.79558147456843
4.102417060267386,48.420892842826596
4.8458103973608,50.02892480841247
5.066079757842344,50.63804906112311
5.947136193726125,50.02927467484341
5.988434073061116,52.30634169252345
6.2087034335426585,53.91164661332921
6.525327510458383,53.961706283148956
6.938327309850679,58.46154610135109
7.695479604708295,58.46382574805043
8.727968600167838,60.829551048702236
10.187226855805072,62.69160463690384
10.283592075260449,63.664272915285736
11.536339928180341,66.33986280150266
12.486233164969903,69.79707874718548
13.75275047867519,73.95051987655117
14.179514487342283,75.69778394482408
15.872795809714665,79.4959930385365
16.547357597412894,81.01287576766694
18.130504239544504,82.98301237791301
23.595814335993747,94.97297132337415
25.20649464818555,100.03680589433547
26.225219434370295,99.32823174225317
27.477972538800785,103.37888908311565
27.794601867227108,104.9380291710514
27.973568096863062,106.61314813580731
0.02753133973673235,43.77753760869314
0.21918309877996575,42.46293500853227
0.5753399574593322,45.88040036135032
0.06829976017435044,46.76691506611916
0.17759188365798215,48.9393763317115
0.5464397720770402,48.94230186788111
0.4638525963567509,49.09539493462991
0.5593501296580679,50.70654327611584
1.4051928592200864,52.52526425502343
1.5961879258227203,52.682658321048706
2.1828186042309516,52.32915741899594
0.5723605678191128,47.60143063697602
0.02685858157802464,43.728173460834185
0.9129971462500984,42.682925064255414
1.3829301319379164,39.48264289300836
2.242220358579478,40.681230242791
2.859834568756381,32.27366823300372
3.5580040365723327,35.94598223114803
3.8399576818565158,31.108625977203218
6.538671491787287,34.449066969226614
0.14717770068988142,30.96610138129564
0.45490546910416674,31.102149079391538
0.6154657447423375,31.32741606741476
1.2443140644329642,32.339796147036765
0.05243958595631281,25.3410286413523
0.07865437802030212,25.163998947780186
0.11742737292190084,26.47941977136335
0.30009881180939496,25.755780306996996
0.03890387635770274,21.030096911520605
0.622491704233181,21.701690563574623
0.16843385968379038,19.558726927889996
0.06446184343758468,23.052120124389056
0.11601951559196656,22.650999821869203
0.1418081871655624,23.934935624397397
0.321047889022931,24.89049086728481
0.19176875931728332,27.757138790384754
0.20455594427557428,27.658217579470417
0.10077375211387002,19.571243437325922
0.5794899223845078,19.082622323113956
0.7432556793962609,18.47949916158
0.3499110110511813,17.456742125979545
0.3998996603956321,18.920956597837463
0.062077032729201495,11.801242236024844
0.07449433360011745,14.573243469066544
0.21105622830405812,14.568299931081071
0.9931756939149543,14.470220583733346
1.4897635408724315,14.833023943030776
0.18484476039235864,8.901233437620563
0.30807146678891245,8.603212550306614
0.23410846825153012,7.558348801929728
0.36964396035121533,7.952016147218063
0.542141968398741,9.477206900632241
1.0596359925413177,8.206719909640608
1.1089224806172402,14.577618535796983
1.2937444607928479,16.21520130420646
1.7989239132437485,15.784193617001316
2.057670925315037,15.81330989134855
3.0680204297804323,17.376380433604094
3.1049829457282723,14.49644152385321
0.05998446664071062,0.6001680646411484
0.3598884951550233,1.9142836672533077
0.32139538816235125,-3.343677446610864
0.5594586462942495,-3.6389763971887956
0.5832704210261422,-5.040707918685194
0.6308758074275845,-5.666031584485717
0.6546875821594773,-5.835133956391418
1.1070114052225524,-4.56186908040085
1.3807923254522898,-2.8123136680352308
2.440189262742228,-4.233774108668234
3.178199893400987,-6.19620545001799
3.2020025866017083,-12.85046358516809
0.04746193178300075,-23.02944209145402
0.11865030323856396,-19.43454567717039
0.23730060647712792,-16.99571908221507
0.32848285583531894,-13.924201928595295
0.5279175968086861,-16.22833115656995
1.1614240832710305,-16.652817542192135
0.0463940094653336,-18.84427686964651
0.3245233927426312,-20.80232487168423
0.6374541378589521,-21.64936948703292
0.9735701782278936,-21.102526058167705
1.2980935709705248,-22.346178476221123
2.155772643332344,-22.992177746640834
3.1641119218399116,-21.48414592698099
3.26842806527819,-19.02707575798712
3.2800207129045003,-18.633907718424226
3.546589710114837,-20.740208943828513
0.03462862778249875,-12.20554258783605
0.1269775064516956,-10.702721759268607
0.034253001449741735,-10.496861360442562
0.06846691826343726,-8.73587022101024
0.3879908119903126,-7.194407965895409
0.7759903303537513,-6.267966807964755
1.335157144375783,-5.806149313235358
2.3850238541564095,-3.892917693960675
0.10199041258995384,-2.3936478432528587
0.0564942385617053,-2.5209086034576873
0.23726028630011267,-3.012461574378645
0.044924657587652995,-0.4044950678107444
0.12354066624046936,0.1686737044463679
0.0778466372882932,1.7362328486155727
0.28913980441530857,0.8587961316265365
0.4114714465322144,1.0943558840223018
0.18832189572078595,-0.7880123157566815
0.8086803530363631,1.1614930811855673
0.897305404581474,0.9836767968072868
1.2074846332392626,0.5606638240513453
1.6838337206066092,2.704227071412852
2.414977718228625,5.097066272930189
2.6919246654945215,5.521409728729154
3.5227655072922124,3.8466026459782072
3.733239440024226,4.200231831747359
3.7553999287855535,4.189686354421743
4.807794947695922,6.435469288557409
5.793725403822507,6.5145823799206966
6.137136913872187,6.680037540977716
6.934745474277986,10.236874485701538
7.43325505040666,12.709434007744072
7.987148944938454,13.604627238023154
9.60451810276128,14.632356206713586
0.2426930137892151,-3.925691739221002
0.6949860697273625,-3.610308954894106
0.7611720130079281,-2.2454387101200664
0.8273579562884936,-1.7018896032570638
0.021893697996726632,-1.6748755389747647
0.03284054699508995,-0.8539509640568134
0.19700153197435982,-0.5263771730261965
0.021791145747194453,-1.3837400958354378
0.33703541712788226,-2.868983643450014
0.32429255737777113,-3.3185094772536727
0.6269612124757875,-1.0442718169104663
0.735055982567605,-0.40292141914877466
0.237497136814906,-3.1165509887252396
0.4426169112292781,-1.6373911475198264
1.0687659431329641,-0.43649228343850255
1.1011515419523228,-5.2286877891212376
1.2199042285691883,-4.841530388170253
1.5329787445210312,-4.28680635013894
2.2023113203234703,-3.079802846802695
0.2355221197709532,6.084341689453605
0.2767371104643788,5.742338684196983
0.6279897360887183,5.5377015157946285
0.6812127838609918,7.587613349372151
1.1389033843329344,7.084412172301765
1.905261675653842,8.094616740493638
0.24452023549733662,8.078441525241399
0.26578780192319795,8.837012185560933
0.5634688422851781,8.638941448209682
0.946203925950584,9.509499607680262
0.9568295979635048,9.156288583065235
1.4884052018099008,8.040143161885767
1.7541930037330986,7.89957270108461
2.3282956292312074,8.871224178544603
2.7429239513353956,9.947527481623526
3.370187381698148,10.001104663139019
4.252604830771167,11.248062577640908
5.220068211947603,12.821088176715087
6.400166701382603,14.561562427884066
6.602168026428236,14.490613065501199
7.133743630274632,15.294792036326923
8.228788076406206,17.400366886200313
8.324467791722553,17.337349375204546
9.132464980705077,19.34011763567504
10.259402665275434,19.96208712603676
11.08866742068382,18.904706094967764
11.120560659122601,24.222488480389764
12.492026690390304,26.096469437558532
13.214969836069404,24.905062495519612
13.693384635051157,24.747470143344838
14.7777952979698,27.282926793983137
15.351897923467908,27.254453905647143
16.819051781251968,29.703484314543644
16.957258518220026,30.67468812859969
17.01041932308467,33.307713058130396
18.76461232681777,36.00313203554752
20.763341788448223,39.94365324037886
21.27364982586876,37.9068177420661
22.17733484136764,37.77322770304144
1.036163393910843,5.8012824718977845
1.3004898848814894,6.55597519723436
1.9771650564379972,7.7337916511166975
2.167480452601036,5.554954563339394
2.653840227994505,5.104808258738814
3.076764226868407,5.8252471625925795
3.5419733656857946,5.524490957666688
4.652147854404245,6.586829032274166
5.815182801354221,9.149081003989929
6.50243329119877,10.980435430242029
0.12528201995909535,3.4078971169088623
0.2608786342723255,2.406356327999143
0.31305754568043165,2.313408471383341
0.7095902036760895,2.658958212006718
1.2417848467791823,3.032547300392256
1.3356973336528501,3.246958853236275
1.6487548793332818,1.9204218128315649
2.1809495224363746,3.3923622547945995
2.316603546159707,2.959081962403166
2.8592355638212417,3.953164088457379
3.266205596375341,4.455237344957448
3.3288139209577863,5.192139022327344
0.3729416916026866,-0.8214629620139127
0.4143805355197994,-0.9258289972714974
0.8504910675336298,-0.020674113289883
0.9017289542373904,-0.6824485978315037
1.3013594535542707,-0.36337050999793663
1.8854354000792413,-3.519585113923793
2.3977829959012817,-3.0761158059588256
2.653956793812302,-3.547371312191612
2.6949455396145323,-2.4747246174998674
3.248281881238803,-2.202925091496982
4.395935492485683,-1.082531729039895
5.000509720813715,-0.26965807622564275
5.379649756131426,0.6930983803606124
5.953476561754866,3.1924170234753926
6.260880428565755,4.919107821238322
6.609280858982766,4.586351034856975
6.855205515992256,-2.0462052575675997
7.920889453438567,-1.146226098710067
8.730399592973859,-1.1114829540378446
9.908800626925329,-0.09099389526937612
10.113736538132589,0.19379635952990684
0.5205696946778179,-1.231271249245652
0.3142156664112709,-2.491100138539257
0.5257347621150091,-0.3252359963505455
0.727935693100115,1.1813789631047804
0.7987067902920104,1.5083527171941682
0.8492608797738287,0.5608270148560424
1.3244415524070194,0.5327912710970155
2.0321525243259737,2.2600565299545847
2.4871161892490874,1.6588969975543222
0.48814293402747294,0.32035208407197185
0.4033087225455129,-2.8740776909722223
0.5213519472741763,-3.6685446309030394
1.50502297223669,-2.6365719185699072
1.6427363153462946,-3.4803438362708548
1.6525676221295962,-5.001000032126175
2.0460375330774694,-4.197630275471857
2.223098617763295,-3.853120495232128
0.048835874651707224,-6.90834468225069
0.12696284226280735,-6.190105318618983
0.6738963233903572,-5.368730824300215
0.9278220079159719,-5.116327204747553
1.884950011407953,-2.8668099538765657
2.9885707362384393,-1.5604580924040787
3.105772364617552,-2.358629532793593
4.346124596902849,0.18378629843660513
4.629356277004473,0.10240498981927046
4.990722376025505,1.1924379899933213
5.625551489956158,2.5354492882902964
0.2241892345736597,4.327862718601605
0.2729299047586184,4.564564470510611
0.009644331615818381,-0.47251482949810947
0.43377381676170806,-1.510308398457221
0.5398087238531988,-1.2405493075315168
0.4000363629783895,-1.9412821891758612
1.0953438892065683,-0.8474550119921977
1.609672203446068,-0.02904782943362715
1.8382706395327923,1.4845709446354385
0.16016409451938624,-8.002267867556535
0.23069114484071096,-10.42360709042547
0.32297323488502366,-11.48860990407318
0.6459394296350119,-10.671494435934271
0.6551620065314149,-12.8274240369998
0.9043123854350026,-12.049541405112967
0.9689056243850002,-12.020128179800063
1.1719149582664314,-13.043885545972945
1.5779265858942588,-13.285210305476197
1.8732180098200029,-11.876996133502498
2.9159394500514035,-10.255680077388936
3.0728077389106785,-9.320259739335317
3.349639928773546,-8.840934404906122
4.217033846082795,-7.71676483693015
5.4443124262677856,-7.582711212938953
6.597768150471341,-4.880460760551584
6.985327584171326,-4.6130966122007635
7.317523395952753,-3.3452812909992593
7.917321780565609,-0.3106499205828891
9.015413882850604,1.1359054400756317
9.587523416369145,1.806487632602384
9.615212267463459,0.5819292624637983
9.744398745363455,0.7258962296234865
10.270374273994875,0.8432740773740195
10.796349802626294,1.5206385109618783
11.202361430254122,2.275792097698108
11.986716954820567,4.130847719504478
12.752606205189101,7.139079621504579
13.038668012083406,8.011463521754179
13.703059635646259,9.39906034115436
14.072159835283369,9.75085259218749
14.367444219074077,10.010768298090959
15.050295076699808,10.319357214791909
16.75740814049406,12.60392734948945
17.431022340953316,13.578445955146359
17.689402336888342,12.443953456586264
18.639848727210467,23.99909731376429
19.14736502177901,23.601916978920077
19.91326131228258,24.668735806966037
20.9283009415547,26.339128313431083
21.546558560230434,26.546695584543826
22.238631994752566,25.335240244455697
23.373628484893242,26.962908408954284
23.62277886379683,23.547186521236533
24.831598209918944,27.792781296463232
25.92969031220394,29.94892477998363
26.760172801522472,24.97165050895471
27.470705470107482,25.54707661688568
28.162778904629615,31.894672212882163
29.380827867783168,33.47707193941943
30.386637880023848,32.80752810052354
32.158351222903136,41.17247776740163
33.41330457391237,42.51661740406904
35.17578829976022,44.540926570145686
36.061641451132346,45.836342497598814
0.01835227903306386,6.921241735406385
0.5323071181425337,7.418343900422812
1.4959593126962971,9.251840245755638
2.083330269952152,6.9078591700614815
2.266888070353437,6.5546093501316145
0.15508647516900792,-0.10050307301843113
0.2450505012875036,-0.4549176447460816
0.30858955013924094,-0.43699539652431896
0.6080941796056964,-0.8218441314239991
0.8894566656554614,0.07326175209748968
1.0346699822934065,0.036684625083901294
1.1708122272230064,1.2948881164594956
1.8061334709181787,2.23680387682396
2.777271328842068,5.2744527180892495
2.9860236943317506,6.230707924163718
3.167542071249737,4.920798462708144
3.721182122676481,5.863500295380117
3.802870239427129,5.925086240089039
4.937377406370095,9.53790881889992
0.2801420366249534,8.0743124470445
1.0211502308122733,7.73304237660971
1.6627542982046586,7.002391810284539
2.2139928579051857,7.956751393769334
2.720045216536633,9.112863371614017
3.0544051788874405,9.684936155735231
3.4339444478610255,11.061201223387613
3.4700920298270295,5.88841128393311
3.958074044698626,2.549867440345284
4.31954296991236,5.062335426324856
4.364722276535138,3.902482454843977
4.382799514741292,2.891981153570825
0.4353669301445741,-2.329110001083883
0.7907590986373922,-1.0926036008335895
1.0750836793054086,-0.7813859761116482
1.3594014813023236,0.4143458185700788
1.67037301806909,0.4517936281490814
2.06130575914541,0.11793273107053007
2.132386904312414,-4.530184107711673
2.7010225083062447,-5.2963226542015835
3.625057059463994,-4.969115265963209
3.660597632047496,0.10144850137597183
3.998222903584114,4.599716289621835
4.113731459148271,12.09229361858258
5.135500890242875,14.489090294176515
0.21011894694852276,6.606420913777603
0.7616903670846201,7.613590647540073
0.39147190969026713,17.414849293804586
0.46899926503562306,19.139818458062255
0.6821825234618364,19.198077080793368
0.16132700808980155,13.726823556984854
0.3861644340718043,19.804482786733676
0.47011851500679197,18.454795321667532
0.7387549215261837,20.95738062955798
1.86366787232703,21.25748344718361
2.333786387333822,19.932957857463443
2.66118680762942,18.180252165478183
3.366354972943895,17.643990488144713
0.14217460013313954,12.964826766420467
0.01668830566662175,15.586149806425995
0.11679268077136123,15.860684315824681
0.3670663479807055,16.23545756467913
0.7817654929408112,18.834870616855397
1.4970022075371745,20.499829684914513
1.7465057480293427,20.044022394539798
2.9191571600098656,15.908506091652733
3.1520300922005746,18.06784808613898
3.51796058108018,17.44676966732723
3.6676614363477587,19.666751635317187
4.557548091233195,21.74973738223086
4.8985358402299175,24.32881509930256
4.998332180315895,23.233826609107254
5.472383831140125,23.464716971354665
5.888218835201331,24.28419480224928
6.694939758302249,30.778142461785702
7.767794830196793,32.01081323909759
8.108782579193516,31.233598337815287
9.481039361623218,35.52003396076063
9.539256008386243,37.53793391612828
9.747173510416847,37.983791121625785
9.896874365684424,38.27764687324388
10.820022237172779,39.79295831738096
11.036258215923418,41.33869376094269
11.926144870808853,43.437197080081624
12.208915973042552,44.79917548186031
13.622752448795207,49.37415605424701
14.562537273723633,51.67916113350534
14.961741669483379,59.80439500878667
15.277773988319996,62.50121608216709
15.352627588523092,63.30321154186932
15.768462592584298,63.38862334323567
16.09281338814095,64.00040411819428
16.392215098676107,65.13478217710274
17.947433952976304,71.92376730301146
19.67730909270419,76.46509571817026
20.409182760740624,75.35005528720247
21.906184968277795,76.77316591674081
22.16400698549,77.87157573945376
23.353289005771984,79.44878288975889
24.6007940179556,80.93976026905018
24.900195728490758,73.61018712546898
25.507317626281107,75.73964965772494
26.638389344938677,76.26119186175997
26.9294725787538,76.92920085175513
27.569862038285677,77.97681308727242
27.736193501854714,82.95546361764835
28.218563629398982,81.40425414556083
28.476379301472573,81.1395334642987
29.89021577722523,82.53855197174138
29.931801815686793,81.78040818573812
30.422484074812484,80.76737880425524
32.55988208702015,86.97743490505077
33.47471782692708,87.96100777446674
33.5578835587116,88.44661935404268
34.040253686255866,95.23389371370963
34.50598686036006,96.20316762772816
34.63905710732618,96.5390175739165
34.7222228391107,95.82112515152596
36.185957484906346,99.08769428332367
36.543575842204525,99.52817746270946
37.06753200821036,102.66949163650163
37.982367748117284,105.02883199054148
38.863935926282686,104.09467340411412
39.454420870632966,107.25274527192397
40.49400838078598,111.87980382593594
41.00132759335174,113.4197754243595
41.15102844861932,112.5070528229891
41.7914179081512,113.67339279370472
42.87258511162717,116.66908799138453
42.98901840515322,124.77023336485999
44.519294519570536,136.83107129578366
45.77511800847419,149.00308850074668
45.99134764208621,152.7563800721256
47.15568692248531,159.58451379420686
47.280438692731394,164.7578536788269
47.28875399688213,163.58471874914045
48.20359290935836,168.3365420564869
0.2612029134310036,199.73810678629604
0.47343222670890867,199.27006723791078
0.5877081121119299,197.9719116253141
1.412132337578314,200.47193850801435
1.4447834802032753,191.5852275861572
0.7933946733887841,190.94434202959397
1.2021157354337748,188.51394889493838
1.8533262873298406,188.91319555698288
2.481707537613546,194.64112192674946
0.6824258084951694,193.64012325043896
0.9363595751537458,191.74944881839718
1.9838121461635108,195.75778598818914
3.1264838255560266,196.20738853853476
0.555030575953337,183.77452468360397
0.9831949462098055,183.02371093440476
2.228040855370529,188.33833008878335
0.36470958214573607,164.75079330257967
0.7438660016143425,162.2189862117976
1.2883380018521176,158.2271686577458
3.1058248557728425,159.46180493180734
5.260731059851667,165.91387998309108
0.5541605945611154,145.2977071281608
1.0931469582559226,147.57081447553105
0.007569875731533143,145.71277393611211
1.1069527010625115,144.592339215503
1.6305106398956513,144.54835343261834
3.118921663520754,144.59969857029398
4.353029040888648,149.1398287037421
5.54225594753259,146.51200021168262
0.45812412571888067,116.0146842530084
0.918798676789055,115.67823841772797
1.4886014449769565,119.23940158980015
2.355534769395422,127.7384998879584
2.5263328663686506,129.80215153714167
2.711355993988133,128.48362958925833
2.8750415756382344,129.04456029407606
4.618563404382113,131.418351303936
7.0523792775400125,133.29759592002344
7.144896270750763,131.3611394601677
8.724743376646561,137.06534428581168
9.365217237392633,138.69346619278477
9.685454167765668,160.12133448212097
9.898949074281699,146.02321201545573
9.920297479053099,148.4831681382795
10.688872627229598,204.69323876369523
10.952182288012567,204.9149020376087
11.073160201317846,205.04160968991724
12.105039580876303,212.01521208956643
12.617423012993969,211.8169248538507
13.720470980991776,214.21972795078824
14.553091343482476,217.25659502287962
16.040421456167522,224.7584192189862
16.631085992047666,233.38454329624355
17.26444733747061,234.87011884622504
17.698549665825798,236.89579764510646
18.154000398952387,239.01398717882296
19.748083394296458,245.2425274113931
20.587821701511295,271.98675484010886
20.64474897110136,271.5720459153936
21.064620839409287,272.01588663924616
21.804729638090244,280.5333230200877
22.189017212178495,279.51344919816694
23.612302110549336,287.06914958191146
23.65499892009214,287.63050972719367
23.711931619083217,288.10634294499476
23.79021272284569,274.4140490863107
24.46627087781144,280.66705376703334
25.163677437548586,284.024327001236
26.195562246508054,288.69925626828217
26.643895034910507,291.39503787385917
26.814693131883732,297.64684656132704
26.98548579945595,297.7972911484819
27.11358165748537,303.12440174208234
0.7139280804449112,195.008800292418
1.700841855414131,196.65336647299463
1.3005177980614233,195.97618089685272
2.440221919246633,194.18046643142927
4.1882291387383646,197.43122743557691
5.313946214850614,200.67936654953837
6.15298754640877,203.56131629848292
7.054965246300554,207.90642469322864
0.06196158465781166,195.62613589592996
0.6812917347844049,195.8910753981803
0.7153584006609993,194.9907549933454
1.0287467770771779,200.81226501155675
1.9961797929886083,202.1480682702697
4.639595050571898,209.8735494775252
0.8371304627049131,200.60399461910364
1.3135457510298878,202.63448780980605
0.42301057879920606,193.0006608712079
1.007184632893578,192.15901267360326
2.316522606532848,196.28816414883005
1.1219499618937896,195.04255270908953
1.5682981003616652,190.8568214890081
1.5813058532802922,190.121649591668
1.8481137318478547,193.38989832363745
2.5118765252459134,198.51146084701205
2.655041244009855,200.52811589294873
0.6447970100645533,186.30834520453806
0.41067987961973323,183.48640585403598
1.1822593963649504,184.25791802510662
0.228660232847182,177.69449379270503
1.4109299816148426,176.89840428891418
0.1745987563306518,171.85935447250657
0.6863331413353323,173.80576809213068
1.113790509051925,174.15524370957002
1.625534080563831,170.67932990567752
1.70379393561912,171.16432865862566
2.474413280749766,172.75756611819867
0.43921000953020173,171.29563332874437
1.0528848621086029,172.07830061297724
2.298301648465092,174.09323713064106
2.917998861443389,171.4551235478689
0.005909014350244331,161.52071471000272
0.07094425778675026,161.98081682637599
0.24562732057582362,157.5071771858704
0.3392021828304317,157.94260202596885
1.4796179297146235,161.4092232972334
3.1054521590708406,165.76534692748317
3.193173015065767,174.16781847341315
3.2341064399333894,174.29589489160736
3.9183648118539343,173.9424286023036
4.1172047013024535,173.0649654008464
4.930117354085548,172.93307045963724
5.234231194518009,175.3764624223112
5.251775365716994,175.24844626605147
5.649455144614033,176.83629210200434
6.9068439312115,183.8610547142356
1.3379656184516018,172.13808120499468
1.7549950109546886,173.05153120450342
2.8033573756119203,172.12323493243434
3.4289014643665503,174.39573665414184
3.8806818332465736,178.43326668014626
4.210824946817396,177.8026237218527
4.523601410189672,178.34869980932993
5.375035683384314,178.5395123912168
5.913693493206679,184.28957205879425
6.220672235189517,185.05341754081215
6.307558514121782,184.4399115827853
6.365473862086702,182.99516260718954
6.799878742778257,190.4605022968313
8.439034219813182,197.6594149130916
9.730662257098894,201.94415665258697
9.979725651116812,201.53134742609794
10.251953416722714,200.3807754813166
10.431506019996837,207.33962163057686
10.62264522805991,207.2581248034681
10.634231832848863,207.32389270921794
10.871699784087907,190.85650709789505
11.29452689798043,191.387546555997
12.406602331992021,195.1663145498102
12.951057863203824,194.4041594390727
13.680854881089264,200.48984163746067
13.727192462255154,208.224246733651
14.381689805997283,212.79256677552135
0.33276724632564836,157.46702729597015
0.5566998679604683,157.33638252842647
0.09966664855877058,155.4231580442905
0.922118619055739,154.34047937671173
0.5126819798825335,152.55193433860708
0.9544586538011819,153.76099729290942
1.1017203191804013,154.60761485345867
1.1835360542661941,154.8073862041946
1.7234816236249821,156.19624196328675
2.176168726665538,159.79594092051434
2.2470740326294236,161.88696985539863
2.317971016374299,162.64098191965613
2.4870535399973335,162.04487239720885
2.8142915136834756,163.9878710654178
3.005186573331316,165.85133731482716
3.719665719764588,171.14371336676155
0.6814588943529085,171.9947353909108
1.5264612684785,174.6719820831089
1.9625966245823652,175.298894669046
2.7585442733661707,177.88867354180482
0.4008479988719357,174.78109732496912
0.04216836946022396,166.57350791306288
0.6114292929820991,168.97009970003566
1.117433640916589,171.4445599246626
0.7222887576920878,171.35704441556294
0.8112650850853601,171.36300177934666
1.0572617493316194,172.3550590547606
1.8057139078441327,177.42656509539609
2.999055689709094,180.87194349777417
0.21826024264988314,175.2929753542855
0.509273899516394,176.10864130463804
0.3064676831425179,172.83386880477875
0.7635576501560475,174.05391715591833
0.29488958830161044,177.9161333506676
0.6491127284899422,173.87074915801128
0.6644456087520018,173.15667003378053
1.5844574195932373,178.395211268253
2.0802413454625825,180.0239928884709
3.092250437876176,187.56326643019835
3.94582236725633,188.63407322725067
4.073601568789181,190.2440333156745
4.099151169876927,191.57917849928273
4.267820651783114,192.18366302663495
4.288269691481548,197.1109748146859
4.881159259336094,199.40353797273752
5.4280579854279924,202.0050756523559
6.112952633878428,204.1809530043591
6.511623118739041,205.5819754254333
6.5269559990011015,206.22813557760787
7.303855728047425,208.99316980728543
7.661635932534703,209.95790952735933
0.4947474346122609,195.01265991729133
0.47724151506761364,194.02351645035478
0.5805866138050696,191.0057457126498
0.18267755971769958,192.15513170281582
1.0269510423687933,193.05597241208594
0.17137093083695765,185.69254304163908
0.6071538267225237,184.1124957369129
0.6461703369348115,179.35439782724688
1.042357640473948,179.45284502492635
1.6272035084994592,184.1827443491198
2.3016719104209353,185.94187000976123
2.7268483385584097,189.1378582462393
3.5968205480074826,194.23609257734057
3.666976719356116,195.02815830289316
3.7464965628115054,200.0534528470481
4.8222625871983045,204.4473943719373
0.5468374420547931,187.58401781805546
0.1479871051098666,187.48146801254765
1.2092616220768648,177.32527641106827
0.12465443210022135,168.25800453886748
0.3695137784246071,168.02807333628294
0.6610259175496854,171.41780767440878
1.1193342616906552,173.37552859686605
1.1369653851018622,173.1523526925567
0.7947600332100395,170.95071028112858
1.35700979600699,181.1648314137235
0.029295444558371173,172.6329108264592
1.6027123954849258,175.571992068856
2.7200066815067974,178.78864893653193
4.301794671626034,188.10178771167406
4.326901403972048,188.27363120062236
0.26745418250800174,169.67984621095027
0.9479477290783795,164.0128802761613
1.2217068832449534,163.53258608292398
1.7283692454792705,171.36087452511768
3.767263632328656,176.70261150619703
3.9143587546100105,176.3990348472168
4.065543835786654,176.49815622689437
4.212638958068008,179.77648994337528
4.894994981383517,181.77521946637637
0.25404856636727285,160.20213036995546
1.1855804871601392,163.25090801442013
1.6291609628752635,167.10666990599526
3.234127410214011,172.3203882686394
3.3873675462570896,173.04448123588676
0.07632153143740948,167.51626928320684
0.36011225686550413,169.43881845979612
3.423028888384221,176.99241612245947
4.396517904441093,180.85186475049773
5.773643258444097,181.01297442443428
7.534623472920963,185.74851588263206
0.1816054908507808,154.5325133997203
1.8870899019768896,155.0177082873483
1.3237208313097388,151.99424275723825
2.241658748122859,156.26663414934708
2.4268225259712906,154.73815068798245
2.6671410879817694,157.12782969447093
7.347440815009171,172.11073736585462
9.124218372548535,181.79651653491928
9.423629199225273,189.3349621055602
0.05905271515132874,178.34153647256238
0.37795539916031,179.50918364571822
1.114173949234129,179.60743048417754
1.118108794445128,179.0730899387619
1.8582681971272146,179.7095688302505
2.2952763114388532,182.42738025767108
2.618107833261565,185.13038291015667
2.8425201656311514,193.61780956304017
3.0157494732714074,197.09750994447643
3.6732290673443653,200.7642990109009
4.185041292445866,203.08584045539746
4.657481035848302,204.33993686413703
0.13445086529003425,191.2175356731042
0.11137885091243979,174.9033422894966
0.5569169155695056,179.92832288564304
1.3909669262367272,174.24285958174536
1.5698653766042452,170.5018461545427
0.4212068583216418,164.74620911663715
0.4793055023504852,166.90747733033086
0.16640331066860042,171.33954911960228
0.3983479522690149,169.89715192890944
1.0670080953638486,172.0700201552495
2.166025131088496,174.05749646030716
0.024511124394651123,163.90230013056203
0.031514632343181845,164.41430101461216
1.1170649436530342,168.96380298427715
0.8119506775635117,167.2632855206947
0.1890902223294757,163.51831695938915
0.4566947897434027,170.50603445625887
1.0267118404786404,172.7543778159249
0.4177197004494068,162.86371063996492
1.8266839603647864,174.14311077510712
4.1241220784003465,179.5573811698109
1.7420134303616082,173.69645846332284
3.0104409630678193,171.48468452246232
3.1329761848693054,170.37506708880096
5.408185603465753,178.45039253371763
7.547609744521542,183.33213993089927
7.862235400631758,173.39060384132526
0.3939936201358266,171.588364632577
0.9010200548734942,171.50167654746983
1.8246387882614206,174.1019801089638
2.1669599829933364,177.83058241287318
0.08368071783694922,172.36645315898014
1.017191177947099,175.54191509137732
1.91996205067961,179.6661828823431
1.9453877073110162,180.5037819259998
2.1551857523195697,182.5021975313489
0.34205621206431697,182.9927233302973
0.7625659473593331,177.84206577255367
0.28199440845216006,168.06762839711064
0.19722207504761846,174.5351686338607
1.6136243821820384,179.04328018223234
0.7651108576711553,175.51676773121898
0.6532594237082724,179.93843032912866
1.600494196839065,181.13041572348706
2.8892065166635117,179.8740104812724
3.9700672724269137,188.80024678284423
4.480801980629579,191.14648684493886
4.917302045557706,193.65104552800386
5.959550275076869,196.42877860504896
6.891941744291196,198.65098210814995
7.788692972783017,200.61826249106335
8.130170519476671,190.72365885020574
9.365436070986515,203.9871414849581
11.488554118115184,212.28865977270505
16.055461760414033,228.63457646849778
33.23633231203307,314.16119345937875
33.5095152555726,324.5668141369493
0.673250884959537,287.79928977272726
0.01717110499554259,292.93257104760244
0.7069062690865872,298.03999285747585
1.3365425656932326,302.65708488692013
1.8173509736304756,306.88509161233617
2.5013566133689893,310.41770300745986
0.28447884366573145,292.87345051589176
0.6390411608970394,289.02640777203794
0.3307645354919,287.2816070652314
1.2693355419386982,283.9852441860709
1.5209353788815052,281.43245225271585
1.7160000949010117,280.30835867906274
2.3379468166102653,280.2784673860933
2.9881567850988158,278.9165477288034
0.18620982014645385,270.6373536578775
0.7809887865284312,269.5089558352955
1.2256735114367978,281.90155443084063
7.267925176120698,304.75047980694853
7.556977032765091,281.33851988133915
8.176760396969412,328.36126575066515
8.210110903155796,327.9446237095683
9.371873920158617,335.1018424071377
9.449694595199325,336.1663850644082
9.616447126131241,336.06700879135195
10.23345693603166,343.81385997649716
0.20685336436369145,298.4807800194106
0.6641269684108174,301.39195480160606
1.1567773735993707,299.953208900494
2.36527016488048,309.3139402234553
2.863361238006961,295.69042684589107
3.2580297821332285,308.6205484286147
4.107239136792762,316.122179109799
4.175284864651548,311.23673773450105
0.3875926673115102,300.3482883476108
1.282019468717064,301.3151499221476
1.9894366750555883,299.8783381477084
3.696981758272335,313.565605106264
4.203824163833276,320.43910981648185
4.7350591252725245,310.11720024238326
6.52934708183475,322.0002668938686
9.356286323112943,333.7380260730338
9.909200799288389,343.9423358363885
11.145148197390947,351.72194904030624
12.763253909053898,364.7486590128408
14.202472606142358,377.01154278872156
16.774634124069024,391.9201466306729
17.444101840285583,387.35351507218104
18.42526324356972,395.6374272029981
18.582462471941117,405.2365190924071
19.91869313469902,414.7126729550687
1.3007392379470573,255.79045110329398
1.15054544829667,263.3729235527762
1.196570901338811,261.27628145272604
1.7813196970433005,271.5360601344587
0.30772117706727614,269.3986674329182
0.14599378615061565,260.19616205590324
0.21501315458937081,262.8980422589421
0.4698420598684695,266.3768331097521
0.9980913552349935,266.2618085216673
1.7758553885454258,271.17800590063143
2.689001075065773,263.49328748967423
2.691658158733368,262.89762325349966
0.14756193902338605,228.7749979745683
1.161230162910691,235.12894034990498
1.6351980500635512,232.2705826589637
1.7431590985851115,230.74636845721392
0.5096736303591,203.80478302516832
1.6007170712255006,211.72826551976073
2.433089948262761,206.2632690777916
2.868488118036627,208.71722045978905
2.9273973200182017,201.46694850861056
4.3001685286205555,200.31044362541897
4.82264476914893,209.84337671151206
5.603791573506444,206.1643734668554
0.015359571794513617,213.49344851916766
0.3328011390145936,217.66155025092422
0.8960114801470894,218.88044191522243
1.2902587189398365,206.07917807210865
3.6224448500746416,220.91269177651503
0.08118510117904211,208.49815937590876
0.2816084002656207,208.05728975394783
0.04286340799101338,195.52047337923042
0.3050680536427357,201.06213799783137
1.1320140646759662,206.75253663996597
1.6816289787721876,209.20838590520967
1.890883350901355,209.5338372280874
1.9009702164328965,211.29014686946985
2.03459233213563,212.92432014609358
3.0455870925052513,217.4407134777453
3.2901416469827884,213.98108290424494
3.880096329181125,204.65836321721312
4.321302444391441,202.65087182971016
5.00202352832555,200.8439471281322
0.06542607464055399,174.45045882409082
3.721599458652986,186.8485842529869
4.526808602853053,181.64302027654995
4.750762363512339,183.59178504492743
5.3521523911502475,188.39793349579517
5.553460436537821,189.12451690731896
5.583654723566772,187.37808360964016
0.3290897350274541,170.33688571014886
0.46263234090436217,174.26930176525988
1.0111103809326485,179.04361396344964
1.1923498935625405,175.11948249894144
0.6084078297966657,167.6597947811226
1.0480794204089692,172.44692700085992
1.9321659285377912,176.97751148033026
2.47878721109132,181.99298513664377
2.8495355057238685,180.85521783920348
3.1822574043949463,176.78578545194452
3.389020039540779,169.22828838513811
3.8809770180009258,169.51340444845536
3.9784182977534255,171.3214300955756
4.011686861223818,175.30760877416796
4.10437756127867,175.06567897111213
4.223207328860729,174.62282393765508
4.817356166771022,186.17728205953497
5.397246012794943,192.4961226284401
6.243313377755726,196.13688460472116
0.17173092583149435,133.06392295152656
0.6822070435596093,131.4076540939267
1.0585993645503462,126.54604850001374
1.460865112935285,119.74550228546698
1.7196352823093168,119.71611742014045
1.7313946258364263,115.67519180969094
2.4088993678024724,103.30962523002205
3.3804594888102812,104.1975044271367
1.293296057113304,121.60945859559813
1.9117206892708827,130.78582212219263
2.5677765166272257,125.61119670664995
3.480139246903912,117.65293974155632
4.162057550899529,115.70527973485191
4.253767443088737,119.5392698535519
4.942739802172147,123.36673394499846
5.316619073920972,125.86052846961995
0.35860747713220165,107.58844799966003
0.13214496723154312,105.61771954956288
0.3384702525604591,109.57919264755616
0.30664234143485347,105.38046660617557
0.5377641681625511,101.58981522907422
0.7460077623971247,103.5713438872145
0.9496771068505641,103.89290194151559
1.0114609050394126,109.04593573763053
1.2517451985042831,110.84307569840468
0.13143278051804502,107.4313589954281
0.21981536062962698,112.06877312418189
0.5098803494887884,111.95590059456552
0.7478217463056185,114.36366308198825
1.262238791612341,114.48441569493488
1.337018199964965,111.48192146486618
1.5726981645676725,111.25846682929499
2.3907695391028256,111.78695637664894
2.771485455982536,107.90118293405486
0.14013810975928476,102.68861682693047
0.380370020545534,107.11622076205154
0.940922459582673,108.28824361543367
1.107752249615815,106.53650601383293
3.481180261027255,110.781030136873
3.6168720201814084,108.11909870806333
3.9282862705789663,105.51516732133315
0.06817478490009724,82.59023186307869
0.5719513133834293,82.75588688533114
1.424407816988955,81.99764735876707
1.7574976989599627,89.86192312137965
1.810089078320695,87.15155971540811
1.8736414534561276,86.98468702921143
3.2739404298301995,86.2525087344197
3.324344960125449,83.03562738366695
3.696885064228827,99.04883430640841
4.229392843091707,99.05956447771493
4.994188130946917,100.33214983923612
0.059152338366084974,115.18764637529169
0.26290596777357605,119.379207999047
0.10845045781992736,115.0323488045007
0.08844673057828954,108.45515161303013
0.48753338888766734,109.64232444850374
1.0872397470588089,113.20554180383171
1.4906384715035628,114.73558304213043
1.8357946782388916,120.47468331934151
2.2888052048152416,119.24273557689911
0.22363957251730565,121.21891809667254
0.7007472939130724,119.3904090583552
0.7305628702409478,120.78872554033208
0.8817922573881789,116.90305068242228
1.3269458969814962,116.56270497194711
1.3801940332967253,124.45035304281721
2.5580425485889244,125.96779194387683
0.07644622824017115,127.40448502963528
0.48838233767472566,127.59900174494068
0.9534102456997458,128.26239738550495
1.1678770058791732,129.8298309324607
0.23986032301875085,126.5496812238081
0.5891362504877631,127.55518913476817
0.6943396110108313,132.19484539568782
0.9152640996678556,135.59839226051636
0.413195385249822,134.2834025655585
0.2676366275771525,135.46838303049697
2.5290461496693464,138.79014733219813
2.7116197768088695,141.4113122448164
2.968879161533973,147.03756528597938
3.6804958992479255,144.28336740097464
3.9398319988329877,143.75066240827127
4.443986188326634,150.98137227066678
4.564315352697095,149.80434251868206
6.1244790484796425,154.38251444253387
7.562243196479512,159.20099354908177
8.937756550262577,161.36879524195012
0.6697992646271257,141.4569365422179
0.8809464919820628,144.1599027494647
1.227180433537063,149.3777609318787
0.20491585051594266,146.06407127865845
0.21566640315777638,140.5316482943949
0.15479237720671798,140.5926980543042
0.33339803455650946,143.34355305377827
0.6330626076692449,144.7145212806644
0.29190961870995175,135.0147269514954
0.6087634343292573,133.8885301951152
0.7580102872696282,131.851904992064
0.8463754031789508,132.22094551906505
0.1540367408091451,130.69909988336457
0.08743023990606437,129.72620701867493
0.0806821623476129,127.10335538462874
0.07634636179998022,124.1939881839686
0.2120439826597711,120.07512001310864
1.6300924500208867,121.74062843490137
1.7039322892141258,123.82942085197173
0.0037756562771844365,118.85580824669107
0.9383025434529543,121.93449441353219
0.9515462062967786,121.7750880561321
0.18369238161703297,119.9676915184161
0.009333046162682174,117.7611795883298
0.4611595996476462,119.66686823582265
0.6067961441642251,117.78154194061881
1.43016682107787,118.59492432688086
0.044017139369547396,119.10345133449032
0.22742934980460958,118.75989052762345
0.2467899420195374,118.07498160484782
1.259368564641033,118.97340512523462
1.5678615300422618,121.63596905337614
0.4325226823833188,117.00673611224184
0.19785835143716576,117.35696817198027
0.7570281760474745,117.31367288650507
2.086293511087895,120.31290571575681
0.4051481097695562,112.18267936456994
0.5590696203816528,114.38814280832305
0.9872184890682684,113.51938927328207
1.13583794680324,114.36471390206783
1.144681900584025,116.88769312779641
1.374678691276255,120.27446713720325
1.7886815533049607,119.97983050321928
0.04455197343280067,109.08717099240124
0.14392588224934338,109.64187235497225
0.6425037758850966,107.95368698408019
0.8589462472070932,107.15796263670036
0.9134833424176483,107.84129787868153
0.9765395833420015,110.02512773695217
1.431570144086943,112.87410508258009
1.5764268268834698,112.48787793983739
0.5400833504698151,106.92982661199622
0.9464194742079587,107.78382375355258
1.3849239605216792,110.7713900218669
2.358427687318969,113.06875451106893
0.09102906880801714,100.78621177116058
0.16182145380665705,98.90934305746467
0.6691891705037833,102.91538195990503
0.5366093454061706,100.47584619364973
0.3065383596974355,97.0086858817244
0.37357966501981704,101.51972368073746
0.6465880571741307,99.77603503560904
0.7672665657349975,101.45238981651165
0.8605535821595797,102.52944237612662
2.3934766241017247,106.79454534938984
2.53341696635767,108.8672113166758
3.733375457464233,111.77484545401886
0.4103616557059399,102.90481409207088
0.14211239308466941,94.55269716782686
0.8874434966901497,92.42349634667015
1.5314845711487943,94.03978567787941
2.0364398654006197,95.50912428422765
3.14460464269497,97.40576063625564
3.1778697019164643,97.37208496679392
4.225566814001812,99.34648545407458
4.5763124911358535,107.1120781978741
0.0270421698292281,97.0605126047021
0.11268029259462696,96.75265599561989
0.05793874088870231,94.67863007484691
0.35670867178402826,93.07543511926775
0.9255617760221821,94.59411706169777
1.5593015486239272,96.46520060328793
1.596146988838782,98.46933099460303
1.8658581299427852,89.5426886782508
1.9675519047545371,88.91394653743662
2.4244317652312177,90.09907726341318
2.4391663431296386,92.28955867902725
3.1053347807642333,88.22096872885913
3.827509007162912,87.52719873279136
4.840020984629622,93.83587160449574
7.178968809831112,96.90695762999069
7.389723648403826,99.27748952085892
7.6107962896929555,98.76529578785662
7.643215959257003,103.1229467049588
0.15204802143931537,89.32702515772003
0.366971232682106,90.18593838500398
0.08006183204072387,89.9953482119423
0.20669314073008005,90.39541765831031
0.1772280588813666,87.58335750258931
0.3838843381490192,87.86823501043531
0.9383849019089041,89.40495058074241
1.2412263159452193,90.20458697296864
0.1378700192481885,87.60123767831675
0.13646657779552337,88.29189431429361
0.5979010095676011,89.4900704819261
1.2000266184100652,89.568410192695
1.3927610804498511,90.3369882268813
1.907655583533508,93.64368130415616
0.3156294934900114,87.36772376664118
0.08133938747717656,87.54171312500124
0.1613028009061048,85.51734146226018
0.1413427846729629,80.87463967370624
0.26815703714692524,80.70199322226821
1.1558326171191582,85.18735185345298
1.5759023089240018,84.98590809519028
1.6710069514430976,85.5100909959903
2.3024256682560442,87.18497696657244
3.6630041650608955,92.12943570892298
3.7501834207034004,92.20739622373458
4.762036832489732,94.56990437955068
0.2159005769785541,85.54874956294071
1.1027286068367947,82.40393709570273
1.9981381183319578,83.8498597930958
2.697678982535699,85.39906533287464
1.391174053276887,83.98262457122154
0.5230767637143382,82.12953583891188
0.4114245553614244,76.12062868749045
0.46551934915970017,74.84769193370471
1.6525978019447298,77.97956751558097
1.7787745638116075,79.38310927056531
2.5995628115397715,82.122327173829
3.1202111245658117,83.35651679292603
3.2745692325349864,84.61295017350989
3.7388623304978768,78.04701175759993
4.121078846830383,79.75083401323472
5.195454346630557,79.86896701303311
7.248647478577055,85.1608759099609
8.107412127699108,87.51916426318341
9.633825690635517,94.54212588176829
0.30470899669650486,77.3859498806225
1.7668505339556353,80.41244565826628
0.5407884352780388,77.75497761831829
1.4408234917636469,80.08436275986743
0.29421801971878475,78.17069455269836
0.662579555051273,78.62287226053873
1.1298015055544066,78.92300420462641
0.5992694096707034,70.75450357910306
2.234340360197744,74.858297598315
0.5147636425312243,66.95570602091536
1.2201384460034013,68.70331730796714
0.5317205352513061,60.24839129274299
2.2731438998960645,64.57336238499227
2.5251202485537556,64.92978256083576
0.16058808733681143,62.485759340906895
0.4094412034370005,63.429966517838956
0.7513263958775639,63.40772507076002
0.9507252596196374,62.55112437859726
2.7886568115448678,66.36458990610011
3.5186164788437795,66.3810019691352
3.9882526138016914,63.88364754061464
6.196893672083363,64.59187155982325
6.336433288591253,61.54958065853127
0.9439303755196823,56.06054253122533
1.2714622896577346,57.5312724844771
1.6417135984009374,57.061162658587385
1.769877990528351,57.10661547496466
2.834851824355928,59.688044380561365
3.962895899397533,62.19497208534916
4.219218475340399,63.84604963886691
10.795223920774987,77.60635619159663
0.14433801338407032,47.719294321581344
0.8141929587989886,49.494757674586765
1.4230679629479697,47.79179533765384
2.9325339991556243,50.76339324890863
3.0900867113794996,48.603404458109814
3.761976596334069,55.23352048253602
4.53958407200708,56.78553941304916
5.193178113356679,56.833925154683584
5.702434141322208,56.83902776139359
0.5286670579232303,43.747700939448755
0.33370208613055063,37.60786629411667
0.16988638572908543,31.90830608085863
0.39545254897193066,32.544178522846224
0.36818143163427064,32.48337126216958
0.7301477592359664,35.404048731466645
0.15629011586873398,27.60428524257587
0.4458150405400325,27.861329387287032
1.6130843888965471,30.31833454611499
0.3201586640105492,28.180850723227497
0.12244453229600041,25.633303796538588
0.3284312783676367,21.457710335200574
0.3364510126155329,20.402379037756795
0.4386537764070269,21.157330306415545
0.9234461884286863,19.069966003420607
1.0898610375838327,18.267193122806688
0.11756892727079386,14.870963370088974
1.171274865561731,15.055645929108458
1.874937888421619,20.795167316603944
0.9694555370989908,22.146705280071664
2.0025840630298886,23.59509237468787
3.8919453075263912,26.125128862852176
4.018438280930798,26.488564071024896
4.228957572647889,29.633424895746472
4.734907871220975,29.464904034584684
0.31777201207729755,21.95380379031078
0.40843788298087924,20.10160611867447
0.18632152776213082,16.492205216370213
0.23069668775374183,17.786187192586937
0.6704458458071886,16.604231579559585
0.23521948099538342,12.188348266071934
0.22330098285759428,8.365007251951955
1.8268425288340004,9.725601364506996
1.9102628140141142,9.958082633618224
3.9603960396039604,12.73612934237223
4.761745082420476,10.80036712681363
5.185594191068043,13.196647327104749
5.568144601195492,11.842912320194184
6.261643867179271,11.420845665386606
9.65915356080156,14.567404247867453
9.923742956077522,17.869372955655102
10.448704444912577,17.858389937661727
12.147464434774594,23.652632738692432
13.449335188671792,23.261671070463
19.335999216610492,35.41700512035264
0.43931383128672247,-18.317145895585764
2.4070477325622646,-22.2364496372761
3.538445141968312,-21.8399498532522
4.288242916583014,-34.06589251351256
0.1847737525088929,-28.99280122927402
0.24826613143617973,-31.03003880582683
0.7956132110896904,-26.156520861980283
1.0130436646040641,-27.705148993252333
1.1040402606609634,-26.777949017925877
0.20513270208247925,-31.59411680556159
0.8791505884283403,-28.440992861975495
2.7903878948492546,-28.578226692637216
3.191142781840704,-28.07193881057593
4.932987169544275,-28.09460175262279
0.5188970782741384,-28.536529421150824
1.379296068583131,-29.448729191537964
2.4342802708166733,-30.172449531318595
3.1446336292813064,-32.01387941592597
4.962333099394809,-30.096865091398158
0.225301871199845,-35.395045557472784
0.23812401845804493,-39.831141673662394
0.06731674465971568,-43.100015744919226
0.722125927974725,-40.427790707091155
1.3110029338412403,-42.05835537436686
1.4841850547111972,-43.32425954150481
4.132773701092369,-44.47367176458402
0.24448804655806383,-42.59384475306255
0.6484516433530337,-43.063518942639654
2.222096035569781,-38.053655475080355
2.6335373993128597,-39.06187322866086
2.9169092939494408,-38.295678174161296
5.089687712294193,-35.41117365398706
0.14497658122439183,-40.223309011035674
0.872469490932419,-38.15428419879358
1.4653721791843073,-39.26632451743168
2.0267092843838683,-38.19859944348929
2.260056334354408,-35.53078224709084
2.1761391449401466,-36.3193338454118
2.5037373744226126,-35.68610353784375
2.7252930719236153,-34.389496130205394
4.453920235307307,-32.84200029577515
6.080905453263986,-29.364686002069035
6.299542303293781,-28.24076565893875
0.22282425865197772,-31.83514211300043
0.10315801164594135,-34.59861863984426
0.2978773746984734,-34.35994488295393
0.69266080184974,-33.89377265890005
0.7844771319714977,-34.62437439670523
2.937738962367089,-33.272816737718486
4.074631542593657,-32.45111742992642
4.358680458821511,-31.954982758267054
5.005710403637863,-33.48815987899482
5.480060220366344,-34.41161060205623
6.347711183838861,-33.56914834292065
6.394929347413661,-33.80294623244363
6.808664739509402,-31.85118885555648
7.9963116832432135,-30.604517068363513
8.351540604437234,-27.651526815306383
8.527042809356837,-27.54045542439702
9.680850642788226,-25.775893726824783
9.752744770855104,-22.053096165655095
9.96772163584781,-22.124537216795694
10.601363923499004,-19.15686916311045
12.07868672933857,-15.76306102204147
0.6591214310268367,-24.618804458360184
0.20632037328875907,-25.02742719046677
0.2807135854478516,-27.07714723109462
1.4246163061285821,-25.75464218539785
2.5285211102304546,-23.01156860316941
0.6956040210554035,-23.612934189336993
1.683527807212547,-22.402552824122758
2.0526088706524854,-20.983271720525522
2.102142179332721,-22.22040303724242
0.08502751508133487,-24.513069633193407
0.9549109611621576,-24.24856737958934
4.752762025161647,-20.93796005233404
4.811294293432023,-18.692085644728763
7.424874311404628,-16.06208734880207
8.382510408690658,-20.223014628686656
9.248937529245364,-20.26834485577757
0.23568379388013316,-25.28841160316037
1.291685607041408,-24.35980142695633
2.5886057902244013,-22.69477147545898
2.624616477390787,-21.592477677646297
3.9470702037376952,-20.410045480273535
5.6924537071667825,-19.075190552933574
11.18850292081357,-14.003809972878464
12.941742284314685,-15.412329011329447
13.427518941973085,-9.407425042507583
13.912640278648874,-7.318908993350395
14.095946344235957,-9.354875411812284
14.52476601844233,-9.577966382979717
17.199794261178337,-4.638901623917188
17.81977586104382,2.4576366125160605
17.98017765911673,4.371739106922947
18.43583352673294,4.66906752197341
18.823407937631345,6.3801563914582875
19.200497212807978,7.024902963808663
19.250253657170585,8.342648787724126
22.737088738133096,13.580363246468638
23.617640345779318,12.747810976880602
24.676910772134345,13.521589382950411
25.19476619106347,16.155850271726155
26.535552921484875,16.414167483721364
26.83409158766053,17.077971407552965
27.56209725730587,17.165560473603612
27.772247508022087,16.19034626033877
28.915974423940888,9.956895727910185
31.993633476736743,8.159651142403336
32.38840842672457,8.819253337330084
33.477799643121784,14.39326872492684
35.54397475511774,19.609157765783674
36.770847518635094,20.032101282212274
37.930286154697946,35.588389666287206
39.73852053456291,43.859125865825696
39.90480823390036,46.290019558671524
41.01711170953105,49.26410478530555
42.28588505733899,53.78306016161341
44.499363539474935,56.35623825014745
46.32592692755475,62.837111579728514
47.77604437386158,64.68847318535184
48.58915785819365,81.983483947027
49.14694789846553,84.94258722552017
0.5347069382311614,56.56422471814072
1.4163416928101067,58.14297506825417
3.14843496645997,60.62305385745045
0.19194721215781,58.33677074270416
0.2016106204710145,57.2916757764209
0.4077266379830918,57.52537160835214
1.2220864994591218,58.94010088207161
2.706873965393394,60.113552273145885
4.534210978672907,63.19991740457376
6.060860196916866,66.10644595195436
6.297804317293847,67.15386192357855
7.727863397698201,69.3878715748063
8.147675623452045,73.41469642525861
9.425142878970883,75.83351368650622
0.32165138936205545,60.79558226506017
0.17123302361643053,59.722757171739396
0.6861955765803139,60.84751934763483
1.0503825972029157,61.85405696147058
1.7007951124144216,63.02834149949403
4.122289782118749,66.37411647012513
5.720220292006315,72.87173798685487
5.774526625116823,73.1232590886622
7.120727821852766,75.94001365387183
8.048427865583285,77.8346010857046
8.426029634583035,79.2495376169755
9.480241674491287,80.72092626514494
10.090409944571352,82.83069681277134
11.178486424859587,91.34004001954264
11.768844543266423,94.8050260493875
12.26400474382939,95.27163312340534
14.816472593474083,100.95630976936059
15.331442945710279,102.58002151077253
16.270007375771826,104.75696969787296
16.663582054467152,97.87785911909731
17.36447146008383,102.53678829086932
18.642304235730197,108.58038199302551
19.399418595446207,119.60571963153639
19.98785809286422,122.14945738948842
20.474719867686904,122.9976952875987
20.806953269646037,124.25835900326791
21.521896963969468,125.82023037826391
22.377406943177387,127.39050712968533
23.79644554403785,139.54474434420493
26.116346892602227,147.47879453364337
29.30901021072932,161.81014945950332
29.76839514919579,161.74048506078697
32.4735649514429,173.24412687717074
36.34923394377458,189.98524221442264
37.070569141757936,194.85856239384424
41.863721131091026,219.2566417958954
42.547362445989066,221.25621571430315
42.70325430096721,224.94033149742828
43.981726616943185,233.56410720501216
45.76111109681244,244.3704931551859
48.466280899059555,235.4372797532381
51.92537515864695,253.34245026576542
52.50742705204119,255.1585351464304
53.03389353166571,270.6852246171551
55.22346124061933,290.64237929288157
55.51033407481015,292.28670894269806
56.39076272905585,296.729899822935
56.77538774277282,305.7070435323289
0.447358046065891,159.153600951826
1.0546128701639865,156.9373659040647
1.0807177648861646,148.60875148434474
0.2836767069231504,146.50784861759797
2.5737907636831605,154.5524302125363
2.595755253224823,153.6691094729255
3.248461432325278,156.14260469405454
0.9307883608932725,158.4431673093734
0.36871039064235983,154.36259505236544
0.5009741163373226,150.4450303794566
0.0707617924973759,144.35301102221732
0.827365759481354,149.81726877378162
1.1173299163748607,152.6176730706906
1.171850403389441,152.65944343307072
1.2461386806656458,148.17091147280698
2.301759157814614,153.6425196395365
3.6101996532189866,157.17198545171365
4.850948448045632,161.384339298896
5.755593615479109,167.34135433495157
0.3708760911961367,160.44228914204436
0.18519369130487434,158.6200477075292
0.5656100290126944,160.77085152506442
0.6015861156064221,163.8545531243411
0.1479834840550045,161.96797672573925
0.7194399218542104,165.70753884164918
1.0972883236775646,166.44941663384935
1.181518814915473,170.2457157580365
1.420158783436674,169.1566820927353
2.8280367798148416,174.1579156316385
3.1491508014248852,175.84112391711372
3.7206000992316155,177.43519904744133
3.911280738292358,178.92804019195384
4.631891618912612,176.10827429015671
0.18429538196846795,155.79792888561101
0.904653969520624,159.27153885149207
1.3723430295158416,164.280424313844
1.628493165415204,165.9842584805108
1.897978558886658,166.28898812245208
1.9570923054502647,165.80937361460028
2.5482156222719317,165.55736378948401
2.715702212733084,167.32392917964427
2.8629064777516966,166.53461294063882
4.060808774528739,172.13749920178128
0.4724557241462985,145.53933237315331
0.48759235961552,144.3415994255743
0.8696584290760407,146.82956606921567
1.3995839296370152,150.3293833784694
0.36981971857260465,133.69800958203527
0.5733607472996345,131.40552678706214
0.9348373406244147,131.1350325015797
0.12633420978621396,135.11272852967605
0.07856896412440591,141.77404260715534
0.3502573619902913,143.1217626440447
0.6684238411955884,144.14559928420414
0.7979018736320341,142.48804700851792
1.2283965744147787,147.3482329097941
0.31796590385406076,149.7964016270534
1.4460549823692415,152.95644244163643
1.8176587316721893,154.2393702918192
1.8276154170531491,156.14424556643172
0.057992920441088676,151.46055687295467
0.03365843533803036,148.1687696626573
0.051577791343943746,148.0720618457245
0.8861912729460535,150.307857762544
0.9191927097006194,151.41670604321936
1.1680606587144893,153.0389645102874
1.5776166120660307,160.584882686481
0.13471203041567556,157.1523743197696
0.5237047406575477,158.58650182604234
1.0777028475037758,161.60540563347635
3.1427501740366104,166.4277839931881
3.615054594431132,166.217804740677
4.013246925144082,164.2701107439629
5.761260668967607,173.06546107964203
0.7378510346287249,168.4157505644759
0.005335132643188218,166.72448113555402
0.04632463094992338,163.86367808559066
0.5543031012738201,167.75218346854908
1.6879338343612673,171.1077004713387
1.9653486300597,170.242174774708
0.1126450291031399,170.96681377208682
1.364961566476674,177.4809856024848
2.425299315640616,179.95652935631372
3.0578067382114416,180.91627453927458
3.9774753840366586,185.20892513257243
0.47010050881663623,163.02096887059383
1.4018802219004098,167.82479424022037
0.11140717108723094,165.17191077639396
0.03792165487565312,169.5957857753042
0.024598362294589286,172.1025736267708
0.37821546013326157,172.49999010948457
1.0844236813914014,174.76517192181038
0.013246407875804167,168.36458769820385
0.6566922251857,168.4889092661458
0.3923521850109476,171.80339078504792
1.0944667736138651,176.06061449971878
1.376014742088461,178.21942121894637
0.484915076768754,178.46628288382712
0.9069522567638564,182.6056539200128
2.8828226182601835,188.8624080514672
3.160492392879766,192.64785002741453
3.4089890339474325,192.43417188163525
3.9442064281351077,196.77887454846984
0.19925870761226225,177.72579646365674
0.1689901051468897,162.42925021705915
0.05440661600049282,165.66264362441302
0.1322783320365885,167.11185145874612
0.2855174389686519,167.53385585076802
0.3073114142502414,172.55062873949112
0.959800962597798,178.77232293591499