Draw_down,roc_next_6_months
0.11514367758979664,9.221904013204348
1.649596185649903,8.155001577506304
1.820248556387703,10.254927197520313
1.0728325044102727,9.589042587218195
1.2422322118998743,11.320752247841472
1.7504205644718336,11.264373763169338
2.0327426403909903,12.219013747970763
3.7831632048628236,15.082157023139361
4.2913515574347825,15.870197673327347
0.4444440205891927,16.74107135729674
0.26809242940074174,13.870967047271584
0.5774210362640556,13.146777723900719
0.8398942457742464,13.340394596013653
1.9190914214525072,11.792699948337178
0.15432451554180032,9.119013249243595
0.25341732499036657,9.298779955937146
1.0643643656610728,10.911880690655613
1.9766822032284366,12.926576940411627
2.9396854392441294,14.673626746307189
0.6859352802307285,9.71879264363784
0.8329254167804441,9.881423036644183
0.9799155533301597,10.78674123667168
0.24462398778251784,12.359002124556325
1.908029778899667,14.264342739051674
2.5440334842322274,17.319280872117922
3.9628246190178515,19.052480073161348
5.2837568272394755,21.745862354062222
8.610568409473775,19.432543369717266
10.273974200590924,23.991273620079035
0.6169870083032581,19.149952849140657
0.8060695830440054,20.650094068209597
0.09452012243808193,23.178815834206105
0.7032330945466372,22.28517113005452
0.09332924628489789,19.243348288633435
0.13999386942734685,16.26168039378372
1.3999119931730626,19.11974006619303
1.4932323390911586,18.711505169989845
0.6830584006550996,18.065110639778617
0.3638013848964528,16.52213995638605
1.546158054237224,19.815247072131697
1.0909080505371094,19.990810366334525
1.4545440673828125,21.63284348726669
1.484940118801036,9.000862249749815
1.7710061491567013,7.505236811524128
1.9357545610022786,7.685846135039485
5.642507415524608,11.436057864179126
7.907743088944739,13.014310232464506
8.11367860375171,13.984764293680401
0.04022618115975387,13.963779718659557
2.453743344228084,16.989694182405767
2.7755451211465574,17.004553567969044
0.6344165415079384,14.804473547029959
0.5102007971040639,11.16370761782994
0.7739967560310673,15.210614737586315
1.3544906323643107,14.280107580749352
4.373069123229336,19.263457730651794
5.417955148077128,16.12110695831827
5.766252950153097,21.848047685751666
0.15337043058176109,20.506904982691765
0.19171486659054338,22.397233076897656
0.23005930259932567,21.445041604682725
0.6901852212513451,22.31660529643475
2.0322112277452526,24.18786884428405
6.0199374977648255,28.070171752423818
6.6334338469986065,28.870631084863067
0.18961373840681786,-8.244681236530074
1.1376607313672766,-12.236289111621819
1.327267236749551,-17.870866782182695
2.768302716543193,-22.542897491762098
3.716349709503652,-20.874357481163898
6.105424949233209,-14.095313969533727
8.229048188217766,-12.066115637342103
0.3785025782776382,-20.7826724041724
0.3172370459130468,-23.550211052707365
0.5992247841559775,-23.581565056616462
0.42001726694629543,-23.90158510388245
0.2089117944876959,-24.982553682946477
1.1474267075097475,-23.91839982911015
0.659037580854745,-23.044687900749675
2.2545945898383373,-20.688431016926806
0.0676540959957744,-21.090051646918656
0.4397806600652357,-21.64458298735771
1.4546695295823906,-21.146584362791994
3.9918820246777105,-17.829456009771434
0.42373229081520875,-25.761044610232204
0.06433083842235704,-25.716124395228668
0.12866167684471408,-25.024150535697764
0.32164805718536693,-24.620842907774247
0.31426895797862764,-25.630514933030835
2.5141396754654064,-23.69439159576212
0.5026699585159162,-25.923590060129964
2.29343243476619,-24.115755331208018
0.8160710103607464,-23.607597790396994
1.4752078207758035,-22.746095981139185
1.506595858096138,-21.54237891116648
3.327060116083654,-20.227271742071963
4.990584187469498,-16.187643027516103
5.335846611337194,-16.744029385311364
5.900819309791248,-16.077384150836032
9.133709327257915,-11.57167631497355
10.075332486899999,-11.134382466079984
12.962966067154955,-8.582759466481631
16.509730471168982,-6.917293707520711
19.17765377683758,-3.961166826266687
28.625237490642856,6.86015603185591
35.87570648527259,15.369551359492359
37.66478270593977,22.960721680771698
41.211553096609784,31.179926830316436
44.56999526335779,36.86296877197204
46.13936120943861,-9.440558857600417
46.484623633306306,-10.322576856085226
46.955432219799356,-9.526625402475965
47.83427331814479,-10.048140467153496
49.49780337618662,-5.593539861215198
51.224106515541116,-3.2175032254014164
51.56936594608082,-10.88788251424887
53.10734684816931,-8.768403632771545
54.67671279425013,-5.40166035760014
54.896423068836484,-24.565064447346394
56.55995013355032,-20.014453953930918
56.59133817087066,-22.487343990120955
56.84243648277735,-24.145452325994317
57.940993842365124,-24.179103457866596
58.38041439153784,-26.847664842890428
59.13370932725792,-26.80492013893467
61.07972573452677,-24.91934914494635
61.7074715142935,-22.131146323581543
62.02134290751287,-32.975211562000254
62.36660533138057,-30.942452952198725
62.900189992514285,-32.14889454459549
64.0301323960944,-29.75567047173841
65.69365946080823,-27.355902694160406
66.10169496598861,-27.222222271279545
66.47834243384865,-29.02621997086829
67.04331513230271,-30.38095292590913
68.42435584778951,-28.628235299694037
69.52291320737729,-27.291452986164455
70.08788590583134,-29.380900234555856
72.31638566899923,-26.7573666477806
72.44193482495257,-47.94988256662659
73.06968060471931,-42.657341258241
73.9171366590724,-41.99759412426479
74.8587568253865,-38.32709218399032
75.10985663395718,-35.43505679202834
75.76899045104425,-37.43523244854714
76.27118707485762,-39.15343995437501
76.30257361551396,-40.397352499112955
76.36534819349063,-1.8592342552712509
76.45951080878764,2.0000012715657554
77.05587004789804,11.217512696034051
77.4639055530784,16.434538392066543
77.84055302093844,14.730884520102908
78.87633430588555,20.05943389014168
79.50408008565229,23.430324052826546
79.72379185690264,24.613005312674524
80.35153763666936,18.051111761789837
80.94789687577976,22.405265538979553
80.9792849131001,15.841584937485154
81.23038322500679,7.357860465168202
81.29315780298346,21.30872437580336
81.70119330816384,19.210975989981023
81.98367965739087,23.51917134670449
82.23477796929755,22.96820186893212
82.42310170322757,37.14285641300434
82.45448824388392,32.915914588998795
82.89391178638462,32.110092866883335
82.95668636436129,32.59668576210743
83.6472067221047,37.619962069022954
84.21217792389476,36.18289500814083
84.83992520032548,40.7867556552098
85.9698691005696,51.677864161994925
86.18957937515596,48.86363747198717
0.5812133211708005,13.384610689603365
1.162426642341601,13.030018277723881
1.2236088344611527,13.285849470089065
0.21367429307286573,13.704495963410645
0.2747257545759194,14.294466621922494
1.0683714653643286,15.519897571670347
1.4652001429463555,16.666670605842018
1.4957200515100602,16.85775813306567
2.686200262068318,18.53827449918486
3.20512604046863,19.709871272309243
3.296697410535389,19.823228279044137
0.3351633497087138,15.622136207204193
0.20870510707652482,11.861360206793739
0.5649789930764891,11.483254516406678
0.028938702616462822,9.58308474481178
0.8972433153087503,10.776864619809842
1.6208323327343541,11.532797809270757
0.17181432342429617,14.629943731574881
0.6586470627047997,13.058526299584056
1.030918712860774,12.876148065437508
1.6323016171608076,15.3420689719507
1.6425288640485154,13.501263503682107
2.3663655831028443,16.196180081558598
0.8979641661352041,13.097201256399202
3.3469375298947703,17.37049011663716
4.653058733258929,23.230591258464674
5.90475692230017,22.61422579741289
1.3528138863240828,16.044987481389487
0.6998711320357545,14.421251783259839
1.0228830484718108,13.842806878489391
1.4266556452896448,16.193338280008994
1.5612430881076946,16.516272808124167
0.6396633143354227,16.335837854077184
2.5053267996815256,19.190804515233133
3.4648166876329287,21.093316212483895
4.530918822490812,22.501399893801892
6.8230312954628385,25.5434798027269
0.13064864505483365,7.849293312881819
0.8089806256780495,10.681403716324207
1.6701445583124066,13.136944593547451
1.7745310819186335,12.486718488715022
2.3486470069060754,17.985044591794754
2.9227529770467116,19.919354019998654
3.3924823784279265,22.204216961264954
3.522960555512307,25.534212374931176
1.8518465483575894,16.522180878504717
2.3773793411036315,16.76493513694236
0.5367192283348889,10.91489014710584
1.3895286472454582,5.565990676299747
2.176930569859934,5.066286232510666
2.5011621663310475,5.629460409693064
0.5941460957626784,-0.09195612764906609
1.8967048633294863,1.3277421168699544
3.1992636308962945,4.390936221792764
3.3135214896219045,5.908768420835297
4.593232172369927,6.826343650589446
4.616080257188712,5.797791259298781
0.022804687850615554,4.925883517845215
0.533455589048504,7.240227214450942
0.06642776660371065,8.287165466991036
6.618453620580672,14.104666124020543
6.881436151976264,14.215102052799036
7.1225069557822005,14.700328893864736
9.818100892762867,16.476302619413
10.585145119423931,18.4068683251562
0.43094325274083245,0.34624507808283433
1.077354022072639,0.3049431281066081
1.7668599386344173,2.2373337450093693
1.8745936969299044,1.866487608767873
2.5640996134916825,1.702787344046204
2.887309107937028,2.995337216024268
2.9088525717725715,2.7740789212246413
2.9950428662325153,2.5544151476864863
3.1458717717579736,2.8253624832210606
4.093948571699582,7.930808193911757
4.848093099326876,9.261775739855613
4.8911882465568475,10.376080413197228
5.796161679709599,12.763032617929285
6.873515701782239,14.113832257827633
7.1105349017676405,14.4745947005883
0.1485247045147544,1.062473407159261
1.3095956694013267,-2.9856907326900104
1.9234676637074597,-3.087835453396625
2.3122514387466313,-1.843320144900959
2.660117179197184,-1.9970585853142573
3.2944559966035376,-2.1582663548290104
3.6423139312481787,-1.8262913730406944
4.112949387076411,-1.10968939605349
5.115612962227627,0.2587939386375862
5.7704107969282905,0.4777442439696511
5.89318051230597,-0.543596414168112
7.386946366385639,0.06628942798671379
7.878040839508182,-0.288762920465088
8.737467876181496,0.15694999376476593
9.760590468627022,1.7460328444580924
0.020284193777951206,-8.27585817342233
0.04052004799329912,-9.730393013559691
0.8084028190828921,-9.352078201601923
0.9700880086439746,-8.755103909239477
1.3698636453198336,-10.35539172718681
2.1353698058561905,-12.741873627203738
3.3037860793979603,-10.3333314259847
3.525382799188616,-8.895381866415338
4.47220235293973,-8.308727918275698
4.593067702116711,-7.643578727263647
5.439163569978793,-6.135486445837351
7.151489284266264,-4.426124774948174
7.83642110692618,-3.628414967021004
8.138599849317918,-3.267539284272421
8.642225963487721,-2.6681347854138084
9.951649249494421,-0.6264040027182491
10.012089608807555,5.551832233245306
10.495566374964765,6.031961032562902
10.596290060853798,6.872463189848402
11.583400625905453,7.678284298813611
11.724415323095027,6.503876070217592
12.127317751375797,7.817514743035707
12.731667551434631,8.264085540800266
14.242545893944037,10.218460195690298
14.605157310924266,9.294650856655572
14.947619379891904,-2.108004177915596
15.491536505362248,-1.239571986427862
17.485899298753505,1.8066447632009857
17.526190310054048,1.954086659973398
18.11039076210029,3.9360354589470083
18.755031573459664,5.901307079994567
21.132147447119106,9.655168919465362
21.474617200811384,9.799896715455581
0.42185433833315655,11.862015542294197
0.1598118834598587,12.925168354620611
0.019577680816427384,10.105757361203782
0.039162831179141086,10.538689811006966
0.6974053037595017,12.036680034479625
2.014717400909689,14.511656924029756
2.3246818825450104,14.418882827809007
0.3622544111391195,10.90700525451572
0.41469822652168853,10.088960499002532
0.2066127101495807,9.335590033423296
1.014276668863724,10.398480954273651
2.272732646549322,11.647129570378418
4.16979930637571,14.053308711513859
0.20576246209385354,7.310218626849091
0.44892979401347977,7.647500190663181
0.14774114275223743,5.659333069284131
0.812562195766454,6.367533125933876
1.3481132712151758,6.9262465177139925
0.12576301655788338,6.637882022990431
1.3834000357071017,8.671893221278019
0.5557503861201368,8.004324011177125
0.03582385296026784,6.7729773988249145
0.26867548085135456,6.698993394024106
0.12491023140726522,6.146147135398918
0.48179952418391414,6.993002831576501
1.5703088039590076,8.810733545677438
1.7487500467987924,10.261528460335983
2.1948599609953336,10.582008924901968
2.9800177665233774,10.906750821542117
4.389719921990667,12.430010488637215
0.38986570886647043,4.732253852939312
0.4961878039741804,4.933208491169401
1.0764016505449088,1.658937357106214
1.411680365112381,0.9665311005029706
1.6057876774571376,-1.1119062958173307
2.152810032512773,0.667265873388514
2.17045982350209,2.417027752129718
0.10314175774855078,-2.1338868790958267
0.7564013074765445,-0.6928766921070126
0.9798860456703938,-1.0243058475999263
0.9970741526807545,-1.1286708181224019
2.217633043555358,0.9317840529963918
0.35977229452704973,-1.1519913526532184
0.3769015076779198,-1.6853023752672749
0.479696392702733,-3.219140862407895
0.0852066066811809,-1.586219151003126
0.7668724618253989,0.08586508235206256
1.7893647436943405,1.6831466042476386
1.9938684007460372,2.1213723809940115
3.271987003505907,3.6821709203521973
3.9536463578027394,4.613198094329963
0.09994596004296762,-0.4669044327073931
0.19989827473751476,-0.6843596201908851
1.032815166570669,-1.07725869599765
1.3993006324657624,-1.3684703115168606
1.8657320584038233,-1.7314555430413567
0.19795271197480815,-7.223138730388043
0.1647149985654828,-6.253094996471672
0.6753415476775587,-6.600330999324805
0.7741680334270786,-6.590307287661032
1.383627351763099,-6.497410153746894
3.4425962512037565,-5.629476794933208
4.019105029657371,-5.560325472822459
4.035580299598574,-6.333674447335405
4.957994345124357,-7.331021640043452
5.633335892801916,-5.672892211665423
6.127487171972788,-5.544831995690376
6.638113721084864,-3.42272162361268
7.082851757380977,-2.5704675888347372
7.445232294394349,-2.10001839119976
8.96063038831495,-0.3618613375845547
9.174764913229616,0.272037590749532
9.850106460907176,3.435046745550211
10.113654228696603,4.379694709573402
11.019599287755607,5.683079727525258
11.925544346814611,6.601830369755238
12.600885894492171,21.277792703776974
12.798551432940059,21.609367063597432
13.55625047990036,23.723324831433338
14.01745750266325,25.57471665459532
0.30660390134504856,9.04824227539225
0.12840773248329876,8.77531176045026
0.8667751559234564,9.569300531136077
1.043335022699286,10.008107082293135
1.2841079403812408,10.666662696900406
1.8619580443302117,10.762188251131619
0.32102851587272285,9.967798057170334
0.01576028018543133,6.495353502695547
0.9055453605302674,7.074204785590818
0.9523878157443537,7.912989543556188
1.0460608145500945,7.226251087366256
0.3270504399110613,5.703127384185791
0.18501810893119078,2.069823928794201
0.24669081190825434,3.493048288763281
0.5087909774117697,3.8121790345700366
0.6783879698823596,3.570324615231929
0.7863122593758859,2.2066794135455607
0.3046064064600959,1.9401226553976334
0.46533349625865367,2.7145273986283427
0.5403791586754813,2.8825776805559027
3.6109542019712233,2.492449549761979
4.178804213496408,3.1302313697157658
4.237046664500487,4.074806814602919
6.231797845484766,5.590059609974462
0.14111203561431804,-10.173798629037519
0.06975781169329556,-10.737227236106529
0.1114542106648266,-14.769869998091057
0.13917672407065,-22.64808362369338
0.20877039535767525,-18.995809898038512
0.7376461942275054,-16.39091233417005
0.1110982206379301,-19.963854510533455
0.43050295624461316,-18.54950626004085
0.15143255957576196,-23.479938047590256
0.9085848544333778,-24.520701170790847
1.2114499735849018,-22.324414689050617
1.899775970557931,-22.060062797431016
2.0925064094686836,-22.975257784379714
2.4504388687405934,-24.37200156507025
2.7533039878921173,-20.031140760818264
4.102417060267386,-18.44674363089066
4.8458103973608,-18.73553828566231
5.066079757842344,-17.05336206157395
5.947136193726125,-16.891102118083865
5.988434073061116,-16.825306083506398
6.2087034335426585,-16.674001546483822
6.525327510458383,-15.758469105278788
6.938327309850679,-15.754434839608342
7.695479604708295,-20.22371477421658
8.727968600167838,-16.72700370560711
10.187226855805072,-16.171060059030744
10.283592075260449,-11.38560438456645
11.536339928180341,-9.197017531341245
12.486233164969903,-7.645116617402245
13.75275047867519,-6.911415364077985
14.179514487342283,-4.042349136341894
15.872795809714665,-1.080019376239886
16.547357597412894,0.31343194449697187
18.130504239544504,3.480746010315526
23.595814335993747,10.558559658291104
25.20649464818555,15.27700894041995
26.225219434370295,16.77552090477586
27.477972538800785,19.248290301646385
27.794601867227108,19.428023791201003
27.973568096863062,19.705660232087
0.02753133973673235,7.46145128646255
0.21918309877996575,7.537075465650754
0.5753399574593322,8.280510271721226
0.06829976017435044,8.188650360657064
0.17759188365798215,8.553441940745905
0.5464397720770402,8.92857105428796
0.4638525963567509,7.990682434500506
0.5593501296580679,8.643165186598308
1.4051928592200864,9.50602333705953
1.5961879258227203,9.496750817068731
2.1828186042309516,10.516040776082901
0.5723605678191128,10.169953758297725
0.02685858157802464,6.715014855597364
0.9129971462500984,8.63142934116149
1.3829301319379164,10.36079091427884
2.242220358579478,11.454476372662352
2.859834568756381,11.5687669980752
3.5580040365723327,11.791731873576591
3.8399576818565158,12.719911003893847
6.538671491787287,15.730493969588954
0.14717770068988142,8.280852917883157
0.45490546910416674,8.58870868090745
0.6154657447423375,8.898762411118785
1.2443140644329642,9.890263234276272
0.05243958595631281,9.155303715257059
0.07865437802030212,9.367619096428257
0.11742737292190084,8.870010470857707
0.30009881180939496,9.946339628157647
0.03890387635770274,8.277110926128103
0.622491704233181,8.116927370013302
0.16843385968379038,6.242696129891996
0.06446184343758468,5.998454240509587
0.11601951559196656,6.3629324878373295
0.1418081871655624,6.312934995410642
0.321047889022931,4.92141143990417
0.19176875931728332,4.816193353308985
0.20455594427557428,5.277994972379362
0.10077375211387002,4.96846741536712
0.5794899223845078,6.17080950275333
0.7432556793962609,6.43482629256457
0.3499110110511813,5.793833546967229
0.3998996603956321,6.38645440675568
0.062077032729201495,4.658385093167702
0.07449433360011745,5.516216373767356
0.21105622830405812,5.97163873572253
0.9931756939149543,6.708462036515478
1.4897635408724315,7.044743635512808
0.18484476039235864,5.135806990258487
0.30807146678891245,5.352288936199307
0.23410846825153012,4.779541878280206
0.36964396035121533,5.218898329024855
0.542141968398741,5.5624353268938425
1.0596359925413177,6.662513413197161
1.1089224806172402,6.8153514516714555
1.2937444607928479,6.303835992113657
1.7989239132437485,5.922210039441196
2.057670925315037,5.107567363313236
3.0680204297804323,6.508202447884552
3.1049829457282723,7.260934802632102
0.05998446664071062,2.508707272275708
0.3598884951550233,3.0700735934394188
0.32139538816235125,3.2839742896504176
0.5594586462942495,3.698822485069301
0.5832704210261422,3.6877418041783177
0.6308758074275845,3.6415826112689293
0.6546875821594773,3.9300249404233503
1.1070114052225524,4.549829918135533
1.3807923254522898,4.9366373477516765
2.440189262742228,6.820405111917801
3.178199893400987,7.659212733491937
3.2020025866017083,7.230690205957063
0.04746193178300075,2.3266846322127286
0.11865030323856396,2.3521066164831717
0.23730060647712792,2.664126801841
0.32848285583531894,3.6252375991581083
0.5279175968086861,4.068872403574181
1.1614240832710305,4.6290819298265955
0.0463940094653336,3.481086086535819
0.3245233927426312,2.43022829987282
0.6374541378589521,3.3477137580858187
0.9735701782278936,3.3473788958666253
1.2980935709705248,3.1470086431826574
2.155772643332344,4.7382137962085835
3.1641119218399116,6.187909012693376
3.26842806527819,1.8931246685678904
3.2800207129045003,1.5338603421223596
3.546589710114837,1.5260714064378815
0.03462862778249875,-2.367200298480244
0.1269775064516956,-2.831711792996847
0.034253001449741735,-2.4329009806582
0.06846691826343726,-2.0326581997259967
0.3879908119903126,-1.7184098800177425
0.7759903303537513,-1.0120727824082565
1.335157144375783,-0.6823922555379512
2.3850238541564095,0.6897315075706622
0.10199041258995384,3.61882558910133
0.0564942385617053,3.3009249368824136
0.23726028630011267,3.8278563268415224
0.044924657587652995,2.9999979426351824
0.12354066624046936,3.6770455772460964
0.0778466372882932,2.904842130969322
0.28913980441530857,3.0225284115373188
0.4114714465322144,2.9927417240028498
0.18832189572078595,2.2308570147287963
0.8086803530363631,3.3616284403102985
0.897305404581474,3.543481110425722
1.2074846332392626,3.834938503298956
1.6838337206066092,3.909860530369718
2.414977718228625,4.711092857763968
2.6919246654945215,4.66758455652058
3.5227655072922124,5.190038422925504
3.733239440024226,5.293438887629029
3.7553999287855535,5.052946050220702
4.807794947695922,5.423014100040868
5.793725403822507,7.467072443271407
6.137136913872187,7.730432152552587
6.934745474277986,9.272706484276828
7.43325505040666,10.447586898039294
7.987148944938454,10.992060138662826
9.60451810276128,12.156860728485645
0.2426930137892151,-0.895717743956913
0.6949860697273625,-0.8331482203601782
0.7611720130079281,-1.3116944388447116
0.8273579562884936,-0.7452704756099973
0.021893697996726632,0.1094674064492981
0.03284054699508995,0.21896713997759462
0.19700153197435982,0.7456961146730011
0.021791145747194453,0.32687192825010714
0.33703541712788226,0.447260467218238
0.32429255737777113,-1.1712415592427332
0.6269612124757875,-6.102469913769501
0.735055982567605,-5.172601443195948
0.237497136814906,-8.657071402411619
0.4426169112292781,-7.698978941812423
1.0687659431329641,-6.776515850974713
1.1011515419523228,-4.671977677962434
1.2199042285691883,-5.868855460745389
1.5329787445210312,-5.6024565964736155
2.2023113203234703,-5.000550791944491
0.2355221197709532,-6.771118170058782
0.2767371104643788,-7.855694757777927
0.6279897360887183,-8.40831022150904
0.6812127838609918,-10.223985816243031
1.1389033843329344,-9.991385716751163
1.905261675653842,-10.687940225815499
0.24452023549733662,-11.424918481835894
0.26578780192319795,-11.50197334648464
0.5634688422851781,-11.076660692360425
0.946203925950584,-11.194591080986225
0.9568295979635048,-12.376562854710324
1.4884052018099008,-12.389383664170962
1.7541930037330986,-13.256140584942791
2.3282956292312074,-13.334058597767653
2.7429239513353956,-14.47311434992482
3.370187381698148,-14.06095155145573
4.252604830771167,-15.156555925513523
5.220068211947603,-16.399329777171193
6.400166701382603,-11.74466590158965
6.602168026428236,-13.158790847331774
7.133743630274632,-10.807092131556791
8.228788076406206,-6.672847725433716
8.324467791722553,-5.624499495192986
9.132464980705077,-4.188606271117632
10.259402665275434,-2.9261948981668846
11.08866742068382,-2.7023730492153892
11.120560659122601,3.0622072185572433
12.492026690390304,5.2849061262807115
13.214969836069404,8.011761773339401
13.693384635051157,8.733673701943296
14.7777952979698,9.605784177230369
15.351897923467908,10.386832903521126
16.819051781251968,11.707571462436201
16.957258518220026,11.816663238274067
17.01041932308467,11.977973861064088
18.76461232681777,13.152722079173163
20.763341788448223,16.436334631207366
21.27364982586876,20.675215297280555
22.17733484136764,20.5464501947476
1.036163393910843,-1.9444441501005147
1.3004898848814894,-2.0032085139304083
1.9771650564379972,-0.5393161524512855
2.167480452601036,-0.832158924915807
2.653840227994505,0.5756476388113524
3.076764226868407,1.2545015259621635
3.5419733656857946,0.46037285267006633
4.652147854404245,3.237966466027748
5.815182801354221,6.07318805737702
6.50243329119877,6.864185993301351
0.12528201995909535,-3.2406502036791447
0.2608786342723255,-3.881564148774946
0.31305754568043165,-4.846642219806429
0.7095902036760895,-5.559643542505429
1.2417848467791823,-5.88546040864985
1.3356973336528501,-4.494976057984365
1.6487548793332818,-3.193636218812169
2.1809495224363746,-2.6669512022319437
2.316603546159707,-2.9056737559751094
2.8592355638212417,-3.126002951114503
3.266205596375341,-2.3408826757102292
3.3288139209577863,-2.7633825296417296
0.3729416916026866,-7.476338721958584
0.4143805355197994,-8.114007744950754
0.8504910675336298,-7.33774112998143
0.9017289542373904,-4.373896978164911
1.3013594535542707,-3.8205983355848447
1.8854354000792413,0.9086190564825393
2.3977829959012817,1.9212617648868109
2.653956793812302,0.8947352359169408
2.6949455396145323,1.7481083383675071
3.248281881238803,2.954883467096882
4.395935492485683,5.744909362305297
5.000509720813715,6.083485541305588
5.379649756131426,7.104186103694332
5.953476561754866,7.768582455484668
6.260880428565755,7.553559006500747
6.609280858982766,8.07548898358617
6.855205515992256,8.84488534715633
7.920889453438567,9.959934217061623
8.730399592973859,10.856627598604593
9.908800626925329,15.62785006746877
10.113736538132589,16.552663521440408
0.5205696946778179,10.56844156424665
0.3142156664112709,9.476359775721397
0.5257347621150091,9.147271120876626
0.727935693100115,9.56309110517826
0.7987067902920104,9.152054093121064
0.8492608797738287,8.759053731024439
1.3244415524070194,9.600412800279411
2.0321525243259737,9.741996556615735
2.4871161892490874,9.082428629760699
0.48814293402747294,1.3314664522788204
0.4033087225455129,0.9185188199266975
0.5213519472741763,0.8899451699020868
1.50502297223669,1.557979856965421
1.6427363153462946,1.6401634410302117
1.6525676221295962,2.4304863208501395
2.0460375330774694,2.9423581555529164
2.223098617763295,3.1690155709492616
0.048835874651707224,1.1627931248671155
0.12696284226280735,1.3592796407305807
0.6738963233903572,1.8977388034318323
0.9278220079159719,2.2377726620990583
1.884950011407953,3.135577896263169
2.9885707362384393,3.130978106334079
3.105772364617552,2.207441247470999
4.346124596902849,2.766999200448198
4.629356277004473,0.9728591227829344
4.990722376025505,1.2027119486295794
5.625551489956158,1.5626639544140701
0.2241892345736597,-0.8108654026041011
0.2729299047586184,-1.6420685614948156
0.009644331615818381,-2.7965226439994924
0.43377381676170806,-1.5199919458885438
0.5398087238531988,-1.1145585602612362
0.4000363629783895,0.27732706930637735
1.0953438892065683,0.799308417109241
1.609672203446068,1.5392026049543943
1.8382706395327923,3.0079625237261887
0.16016409451938624,-2.3685968739425616
0.23069114484071096,-6.400301167730597
0.32297323488502366,-7.035732929370465
0.6459394296350119,-8.005939689589146
0.6551620065314149,-8.36894095276862
0.9043123854350026,-8.4458513328742
0.9689056243850002,-8.730900832302112
1.1719149582664314,-9.206349907403656
1.5779265858942588,-9.366215216728873
1.8732180098200029,-8.482223954950841
2.9159394500514035,-7.793933104835829
3.0728077389106785,-7.416223198428973
3.349639928773546,-6.7118569053633825
4.217033846082795,-5.51059831650579
5.4443124262677856,-4.72333747401896
6.597768150471341,-4.28769404756485
6.985327584171326,-5.37698971651502
7.317523395952753,-6.172843913712188
7.917321780565609,-3.878146819397271
9.015413882850604,-3.7221077340163986
9.587523416369145,-3.7558687273869795
9.615212267463459,-7.5650804120293795
9.744398745363455,-8.27113438280607
10.270374273994875,-8.26820350900373
10.796349802626294,-6.268746946703149
11.202361430254122,-5.040014480230371
11.986716954820567,-2.8307790165567783
12.752606205189101,-3.0142845177440103
13.038668012083406,-2.4617993924171557
13.703059635646259,-4.138147194292508
14.072159835283369,-3.533076480335588
14.367444219074077,-3.07112716572442
15.050295076699808,-2.19421757184029
16.75740814049406,-0.9311565751198516
17.431022340953316,-1.4640200478789678
17.689402336888342,-14.63004021170031
18.639848727210467,-11.53453371912094
19.14736502177901,-11.184664168639392
19.91326131228258,-10.531166370817756
20.9283009415547,-9.242625245290947
21.546558560230434,-8.209828279390198
22.238631994752566,0.011869154656352663
23.373628484893242,0.13246701485885207
23.62277886379683,1.0511088339580243
24.831598209918944,2.7007176557359776
25.92969031220394,3.874424742012493
26.760172801522472,5.115279599468817
27.470705470107482,6.055982479182479
28.162778904629615,8.028259630702017
29.380827867783168,10.048350403850487
30.386637880023848,12.23488259389697
32.158351222903136,13.39772382109401
33.41330457391237,15.354758369390398
35.17578829976022,17.850535111070954
36.061641451132346,19.65651979596077
0.01835227903306386,1.4778782580049112
0.5323071181425337,1.7623211944205317
1.4959593126962971,2.627410459997108
2.083330269952152,1.7996045786949608
2.266888070353437,1.5306647718199147
0.15508647516900792,-0.5116469385180223
0.2450505012875036,0.07278154762516274
0.30858955013924094,-0.3095378270450098
0.6080941796056964,-0.8309776681196026
0.8894566656554614,-2.225275066928376
1.0346699822934065,-1.4123265797845814
1.1708122272230064,-0.6428477841544852
1.8061334709181787,-0.1294014109337493
2.777271328842068,1.9790842632844727
2.9860236943317506,3.236971750612372
3.167542071249737,4.030363974098532
3.721182122676481,4.279789627792284
3.802870239427129,4.340030726327155
4.937377406370095,9.0509867770513
0.2801420366249534,5.772544480891772
1.0211502308122733,6.336165907744021
1.6627542982046586,7.866198844513401
2.2139928579051857,8.834671138968284
2.720045216536633,9.224338285576914
3.0544051788874405,10.001867523328396
3.4339444478610255,10.98633520186624
3.4700920298270295,10.513015717109878
3.958074044698626,12.25066279827358
4.31954296991236,11.579148521213904
4.364722276535138,12.142113060372639
4.382799514741292,12.257822058374785
0.4353669301445741,2.132785509297159
0.7907590986373922,2.973311468689146
1.0750836793054086,3.646493013765802
1.3594014813023236,-0.10808423780923807
1.67037301806909,0.9126250591317725
2.06130575914541,0.7438988205134984
2.132386904312414,3.9310047853584336
2.7010225083062447,4.994978644871582
3.625057059463994,5.208814844929234
3.660597632047496,1.3003744616309285
3.998222903584114,3.304025538170626
4.113731459148271,2.7983731687367315
5.135500890242875,4.467551205800941
0.21011894694852276,-3.8954222763989397
0.7616903670846201,-4.569916519547572
0.39147190969026713,-9.292575886155841
0.46899926503562306,-9.261478277534781
0.6821825234618364,-9.890962609875203
0.16132700808980155,-9.984695790388521
0.3861644340718043,-10.332042607331676
0.47011851500679197,-11.352900946055238
0.7387549215261837,-12.381596459867957
1.86366787232703,-10.658681712432918
2.333786387333822,-11.285884190063083
2.66118680762942,-10.564898941280836
3.366354972943895,-11.171922979900579
0.14217460013313954,-14.757121039703714
0.01668830566662175,-14.776803762994401
0.11679268077136123,-13.53880085139784
0.3670663479807055,-11.412540583261876
0.7817654929408112,-12.749376634356322
1.4970022075371745,-10.781833847714093
1.7465057480293427,-10.512949240825515
2.9191571600098656,-6.073848850672564
3.1520300922005746,-5.667667365465501
3.51796058108018,-5.534010585398348
3.6676614363477587,-5.680740505082641
4.557548091233195,-6.910073333531448
4.8985358402299175,-6.71622248155418
4.998332180315895,-6.775807813800835
5.472383831140125,-6.255499191684269
5.888218835201331,-6.724991484689837
6.694939758302249,-9.163025720287186
7.767794830196793,-8.367897792256887
8.108782579193516,-6.081999593292292
9.481039361623218,-2.719587636959693
9.539256008386243,0.018391351547598564
9.747173510416847,0.23958914879590618
9.896874365684424,0.7568832858931547
10.820022237172779,2.835021161021202
11.036258215923418,3.29998947276227
11.926144870808853,1.0575968848440531
12.208915973042552,-1.1367913755171308
13.622752448795207,-1.3576002829031777
14.562537273723633,-0.29203060639982376
14.961741669483379,-7.530559362584047
15.277773988319996,-4.240698516098906
15.352627588523092,-4.028294874528016
15.768462592584298,-1.461291217789386
16.09281338814095,-8.69263226892856
16.392215098676107,-7.05261755096205
17.947433952976304,-10.896006082481593
19.67730909270419,-8.283288308478424
20.409182760740624,-7.659346327486788
21.906184968277795,-5.111824253202944
22.16400698549,-3.686288153903293
23.353289005771984,-2.0073850151942167
24.6007940179556,-10.80962128380505
24.900195728490758,-18.604653913608896
25.507317626281107,-18.354362506887707
26.638389344938677,-16.84616343337807
26.9294725787538,-16.84498400744843
27.569862038285677,-20.461591967103107
27.736193501854714,-20.704336506086747
28.218563629398982,-22.511876786910147
28.476379301472573,-21.58139250999273
29.89021577722523,-20.33214563364246
29.931801815686793,-18.623148298405045
30.422484074812484,-16.053071620003276
32.55988208702015,-12.80058912589659
33.47471782692708,-11.213903563267845
33.5578835587116,-12.329451182092994
34.040253686255866,-4.135668743242151
34.50598686036006,-1.892060779389881
34.63905710732618,-3.028371757628521
34.7222228391107,-0.16562269965097634
36.185957484906346,2.4110496457497175
36.543575842204525,4.744423292790553
37.06753200821036,7.0569632569076415
37.982367748117284,9.293281927768039
38.863935926282686,10.787648040711137
39.454420870632966,12.925818184409584
40.49400838078598,15.471697026786158
41.00132759335174,12.10881877962386
41.15102844861932,13.581119728981832
41.7914179081512,15.402199040324824
42.87258511162717,21.647975816963847
42.98901840515322,23.063452742163427
44.519294519570536,25.303548920819786
45.77511800847419,28.43558555722783
45.99134764208621,29.119179737907867
47.15568692248531,31.192948393522578
47.280438692731394,30.367566154517927
47.28875399688213,30.05679854215731
48.20359290935836,30.876691929746848
0.2612029134310036,7.742033935726021
0.47343222670890867,7.733945937483516
0.5877081121119299,6.954588658869721
1.412132337578314,7.824140622414072
1.4447834802032753,6.393911700088078
0.7933946733887841,4.4026210011547935
1.2021157354337748,4.023366939471572
1.8533262873298406,3.582136470385719
2.481707537613546,4.796082648124292
0.6824258084951694,1.7817159334377406
0.9363595751537458,2.947779591894605
1.9838121461635108,5.327080342677921
3.1264838255560266,7.52785247670966
0.555030575953337,3.595913389155699
0.9831949462098055,3.97982780221564
2.228040855370529,6.333628832392637
0.36470958214573607,3.9408201385602695
0.7438660016143425,4.048524908975418
1.2883380018521176,5.86544669061383
3.1058248557728425,6.569050670834223
5.260731059851667,8.693538760059743
0.5541605945611154,2.2213768413048665
1.0931469582559226,3.2389296478321894
0.007569875731533143,0.4999154536900622
1.1069527010625115,1.8756585271841177
1.6305106398956513,2.9881330201600016
3.118921663520754,4.331043513642204
4.353029040888648,5.043794742077478
5.54225594753259,5.091456377038646
0.45812412571888067,-5.076943536993072
0.918798676789055,-5.592695525240292
1.4886014449769565,-4.00549011924163
2.355534769395422,-3.4982893498194825
2.5263328663686506,-4.636056104930382
2.711355993988133,-4.388852099581815
2.8750415756382344,-4.04454072865863
4.618563404382113,-1.3504421212255757
7.0523792775400125,1.2479939324671536
7.144896270750763,1.141941709038225
8.724743376646561,3.1654553183116065
9.365217237392633,5.017273366068963
9.685454167765668,3.159715066680101
9.898949074281699,2.7643945842567526
9.920297479053099,3.0889584496356903
10.688872627229598,-11.083668256660857
10.952182288012567,-10.884676269594872
11.073160201317846,-9.19494073939799
12.105039580876303,-8.33940804275673
12.617423012993969,-7.720501088240325
13.720470980991776,-9.369845604184311
14.553091343482476,-8.936456553848169
16.040421456167522,-9.018483400829352
16.631085992047666,-6.888604003168982
17.26444733747061,-5.126439854601829
17.698549665825798,-1.8158222623552485
18.154000398952387,-1.7737595666774642
19.748083394296458,0.3901768684084671
20.587821701511295,-2.1776079895399554
20.64474897110136,1.3541336901699588
21.064620839409287,6.076456549249283
21.804729638090244,8.764110960617035
22.189017212178495,8.148896982376893
23.612302110549336,12.064472721679621
23.65499892009214,26.062646375852655
23.711931619083217,26.21269300696225
23.79021272284569,32.169201724076515
24.46627087781144,36.894671082811925
25.163677437548586,35.945227972046645
26.195562246508054,38.10625493389219
26.643895034910507,39.94954592965
26.814693131883732,42.10424406229218
26.98548579945595,43.20662267148236
27.11358165748537,42.257371170721
0.7139280804449112,15.128650357207322
1.700841855414131,18.271150111105364
1.3005177980614233,17.561626978610672
2.440221919246633,17.716621111567743
4.1882291387383646,20.345913399383857
5.313946214850614,20.661642376211073
6.15298754640877,20.80166734839719
7.054965246300554,22.944408094860936
0.06196158465781166,15.415350607429742
0.6812917347844049,15.317603250128379
0.7153584006609993,13.53874395441273
1.0287467770771779,13.457701161136356
1.9961797929886083,17.525193177216003
4.639595050571898,20.661568848130955
0.8371304627049131,9.251884701361824
1.3135457510298878,10.434486126077585
0.42301057879920606,10.384351705717538
1.007184632893578,10.839050247713407
2.316522606532848,12.716524981652846
1.1219499618937896,8.631635141179355
1.5682981003616652,9.083700907144426
1.5813058532802922,10.929647037102242
1.8481137318478547,10.667636506371654
2.5118765252459134,10.006011439457614
2.655041244009855,10.535470386687244
0.6447970100645533,7.025388081916168
0.41067987961973323,4.848481323881306
1.1822593963649504,5.1445112364106365
0.228660232847182,2.818386386861714
1.4109299816148426,1.6840390582077007
0.1745987563306518,-1.4233162324953224
0.6863331413353323,-1.8489348494318516
1.113790509051925,-1.5159850795519407
1.625534080563831,0.618121054683057
1.70379393561912,2.027315166275189
2.474413280749766,2.0803722469962587
0.43921000953020173,0.8218519733290229
1.0528848621086029,1.5201264124654819
2.298301648465092,2.9496848969371636
2.917998861443389,2.726818220030489
0.005909014350244331,-3.4293164336963997
0.07094425778675026,-4.354514509706918
0.24562732057582362,-5.024334265243312
0.3392021828304317,-4.019720648030666
1.4796179297146235,-2.9265153378178557
3.1054521590708406,-1.4847848646952055
3.193173015065767,2.035881799093562
3.2341064399333894,1.5048894798372532
3.9183648118539343,2.1060361892164225
4.1172047013024535,1.8725266126036761
4.930117354085548,1.0334694634605688
5.234231194518009,1.172555686248623
5.251775365716994,0.5308318248941581
5.649455144614033,0.873987259719947
6.9068439312115,1.0868269040895244
1.3379656184516018,-8.741340677331157
1.7549950109546886,-8.106355615975797
2.8033573756119203,-5.6551995545208245
3.4289014643665503,-4.65422821668927
3.8806818332465736,-4.778543429714264
4.210824946817396,-4.0694224136085735
4.523601410189672,-2.7541818654416192
5.375035683384314,-2.1301314999996266
5.913693493206679,-2.049988784170237
6.220672235189517,-1.5070115411140999
6.307558514121782,-0.7665617436223382
6.365473862086702,-6.971423986861169
6.799878742778257,-1.8146778338759713
8.439034219813182,2.7011666390442177
9.730662257098894,4.408081391170718
9.979725651116812,4.07283612510008
10.251953416722714,6.757019313914804
10.431506019996837,6.143300593310742
10.62264522805991,6.888733750887484
10.634231832848863,8.775688077069102
10.871699784087907,6.641539443988307
11.29452689798043,6.4903707721495545
12.406602331992021,8.563114007867414
12.951057863203824,11.065277547222397
13.680854881089264,9.125683563653714
13.727192462255154,15.018469845118421
14.381689805997283,18.54281358760931
0.33276724632564836,8.414914012914577
0.5566998679604683,7.546322207393103
0.09966664855877058,4.156736853321787
0.922118619055739,4.326637335910531
0.5126819798825335,2.74107773675716
0.9544586538011819,3.1167335975165145
1.1017203191804013,2.6305653914376257
1.1835360542661941,2.870080813137348
1.7234816236249821,4.378710962176766
2.176168726665538,5.463873226142383
2.2470740326294236,4.536073802719679
2.317971016374299,4.5616961979461035
2.4870535399973335,5.285537536716382
2.8142915136834756,4.888035992895959
3.005186573331316,4.042961420076428
3.719665719764588,4.055969926709753
0.6814588943529085,3.4691006577578607
1.5264612684785,3.81442684127616
1.9625966245823652,4.409716173628947
2.7585442733661707,6.088468300521418
0.4008479988719357,7.293198465341046
0.04216836946022396,4.782750133627052
0.6114292929820991,5.361688980299201
1.117433640916589,6.0714280485489756
0.7222887576920878,7.4862994281654345
0.8112650850853601,7.1130871073092035
1.0572617493316194,8.04592004552453
1.8057139078441327,8.944085456375731
2.999055689709094,11.320345071093376
0.21826024264988314,10.03593814059241
0.509273899516394,9.475058594308843
0.3064676831425179,9.753556992171612
0.7635576501560475,11.907877328762325
0.29488958830161044,7.26442502663083
0.6491127284899422,7.608803845359187
0.6644456087520018,6.781575642843694
1.5844574195932373,6.876130887838036
2.0802413454625825,6.216725936046416
3.092250437876176,9.382907549285646
3.94582236725633,13.22833053755304
4.073601568789181,13.469743725830899
4.099151169876927,15.248094582857588
4.267820651783114,15.28029612966891
4.288269691481548,16.09526875669548
4.881159259336094,18.087043148508762
5.4280579854279924,25.6769144572636
6.112952633878428,26.947574360117716
6.511623118739041,29.325897061780115
6.5269559990011015,28.31911193316036
7.303855728047425,30.0066155634095
7.661635932534703,31.351709421850188
0.4947474346122609,20.51749666683337
0.47724151506761364,17.490280041255957
0.5805866138050696,22.16121414717804
0.18267755971769958,22.347533434122706
1.0269510423687933,22.238843200229088
0.17137093083695765,20.48753581190108
0.6071538267225237,21.025662111831682
0.6461703369348115,15.998107374069894
1.042357640473948,16.76755557119988
1.6272035084994592,17.59120961509254
2.3016719104209353,19.257506762183514
2.7268483385584097,16.16579070051026
3.5968205480074826,17.810880891348404
3.666976719356116,17.988923376003267
3.7464965628115054,14.796643763282113
4.8222625871983045,17.047514003719726
0.5468374420547931,10.90277406787397
0.1479871051098666,11.467207630977576
1.2092616220768648,12.568261315240159
0.12465443210022135,11.290898745003009
0.3695137784246071,11.796778206038455
0.6610259175496854,12.163959893387485
1.1193342616906552,12.723944723987158
1.1369653851018622,10.778286676153588
0.7947600332100395,-1.7045212558958183
1.35700979600699,-0.4414154433281869
0.029295444558371173,-2.959393991652056
1.6027123954849258,-1.2375621628233626
2.7200066815067974,-0.49468485845302257
4.301794671626034,2.147012816341803
4.326901403972048,2.3137791073591907
0.26745418250800174,-1.4770202817619262
0.9479477290783795,-1.4767766100549768
1.2217068832449534,-2.3908991848177354
1.7283692454792705,-0.9355120582883091
3.767263632328656,1.3799252467065357
3.9143587546100105,1.7434898710997009
4.065543835786654,2.6193659572955363
4.212638958068008,5.396071130185339
4.894994981383517,5.963226160157371
0.25404856636727285,0.33151083290716477
1.1855804871601392,1.5222049822587929
1.6291609628752635,2.094777633520345
3.234127410214011,5.450902736414092
3.3873675462570896,4.837630958056163
0.07632153143740948,-0.9648665684134975
0.36011225686550413,-3.8206423502523346
3.423028888384221,0.9834025267253889
4.396517904441093,4.387601417357667
5.773643258444097,8.659867423930505
7.534623472920963,11.401174233217455
0.1816054908507808,11.912670286917622
1.8870899019768896,13.874132920799997
1.3237208313097388,15.98993396326072
2.241658748122859,17.135489794893072
2.4268225259712906,16.404889540277765
2.6671410879817694,17.72848224147698
7.347440815009171,23.441621991550377
9.124218372548535,26.249622201587876
9.423629199225273,28.802574992789058
0.05905271515132874,15.60764000968003
0.37795539916031,16.617927666559993
1.114173949234129,16.833226239722705
1.118108794445128,18.139829946764348
1.8582681971272146,19.255455806744205
2.2952763114388532,20.373136636348505
2.618107833261565,21.94056505944049
2.8425201656311514,23.87146606431198
3.0157494732714074,25.2050001059208
3.6732290673443653,25.540526407334397
4.185041292445866,26.515182674110832
4.657481035848302,25.531652268469756
0.13445086529003425,18.34198516513537
0.11137885091243979,15.741155500463197
0.5569169155695056,15.199369777365469
1.3909669262367272,13.961492263212241
1.5698653766042452,14.710139021888985
0.4212068583216418,15.099914358485409
0.4793055023504852,16.042762468944343
0.16640331066860042,15.065769977575401
0.3983479522690149,15.015707223928118
1.0670080953638486,16.1202170504568
2.166025131088496,19.24237149323004
0.024511124394651123,17.059060203623723
0.031514632343181845,15.535229746106975
1.1170649436530342,18.577799613272543
0.8119506775635117,11.06833333792032
0.1890902223294757,8.008680443499854
0.4566947897434027,9.396663857984258
1.0267118404786404,11.709398297736904
0.4177197004494068,6.365268928152125
1.8266839603647864,7.966094603357027
4.1241220784003465,10.70539078432494
1.7420134303616082,10.580061300534934
3.0104409630678193,8.768703297765962
3.1329761848693054,7.4088051390647545
5.408185603465753,8.910444871546659
7.547609744521542,10.828919110818621
7.862235400631758,-11.304409587791652
0.3939936201358266,-19.21667490877774
0.9010200548734942,-18.67952642954065
1.8246387882614206,-19.220392327559622
2.1669599829933364,-19.26124170900854
0.08368071783694922,-20.93937647287714
1.017191177947099,-19.05649147538503
1.91996205067961,-18.36654842073134
1.9453877073110162,-19.17528241398227
2.1551857523195697,-21.17539819783592
0.34205621206431697,-19.050917468485416
0.7625659473593331,-19.349845231115903
0.28199440845216006,-24.269686173652808
0.19722207504761846,-23.365967713993115
1.6136243821820384,-21.08428653841591
0.7651108576711553,-20.307195467141987
0.6532594237082724,-20.96422665300884
1.600494196839065,-21.063436924998115
2.8892065166635117,-19.74682467052746
3.9700672724269137,-17.371674006204106
4.480801980629579,-16.693603243014532
4.917302045557706,-16.342396542491066
5.959550275076869,-15.59836517523372
6.891941744291196,-14.727641610965305
7.788692972783017,-12.694020848534878
8.130170519476671,-12.679792213367168
9.365436070986515,-11.024480949735233
11.488554118115184,-12.858960111021414
16.055461760414033,-8.111079661562556
33.23633231203307,15.286423980160588
33.5095152555726,18.993396921161764
0.673250884959537,-5.396360085227273
0.01717110499554259,-5.009302903751657
0.7069062690865872,-4.980687916555614
1.3365425656932326,-3.4170676779587197
1.8173509736304756,-2.7517059723041366
2.5013566133689893,-2.3336401484358027
0.28447884366573145,-7.523107367254582
0.6390411608970394,-5.5968404920043575
0.3307645354919,-5.338100594095606
1.2693355419386982,-3.2384600489204023
1.5209353788815052,-3.272568880936593
1.7160000949010117,-2.7987145152839377
2.3379468166102653,-2.738375409329637
2.9881567850988158,-1.832966685451868
0.18620982014645385,-4.945287089398241
0.7809887865284312,-4.179384105520947
1.2256735114367978,-3.790202500210383
7.267925176120698,3.203957031907768
7.556977032765091,2.38117127462757
8.176760396969412,9.452745325743136
8.210110903155796,7.730272519950175
9.371873920158617,9.509939598440392
9.449694595199325,9.24187139266383
9.616447126131241,8.683883509941767
10.23345693603166,10.08420821684204
0.20685336436369145,-12.115429754803955
0.6641269684108174,-11.19574372759482
1.1567773735993707,-10.133550436863992
2.36527016488048,-8.025976056746991
2.863361238006961,-7.71688191216123
3.2580297821332285,-7.0984387892567264
4.107239136792762,-6.298431096243802
4.175284864651548,-5.768902374435066
0.3875926673115102,-14.973334899955534
1.282019468717064,-13.862497958693936
1.9894366750555883,-9.30283606470493
3.696981758272335,-6.49573238322953
4.203824163833276,-5.279539252267535
4.7350591252725245,-3.007285476791994
6.52934708183475,-0.26967253821378623
9.356286323112943,2.577518555742785
9.909200799288389,11.02017893166171
11.145148197390947,11.100270304411527
12.763253909053898,14.767299900594574
14.202472606142358,15.349874815742462
16.774634124069024,18.859507628003183
17.444101840285583,20.64743274715817
18.42526324356972,24.713428109490952
18.582462471941117,24.221836845409715
19.91869313469902,27.81087653291547
1.3007392379470573,7.0506816181740035
1.15054544829667,3.102915626263069
1.196570901338811,3.96196712242493
1.7813196970433005,8.643647110103682
0.30772117706727614,7.348446006326946
0.14599378615061565,4.248073982063937
0.21501315458937081,3.7402562905007777
0.4698420598684695,3.7845051285319444
0.9980913552349935,4.327545854306872
1.7758553885454258,5.010406887572377
2.689001075065773,5.234731616549237
2.691658158733368,5.554044578242942
0.14756193902338605,2.353930134767312
1.161230162910691,3.4367074055537183
1.6351980500635512,2.058572248544909
1.7431590985851115,1.701730190910088
0.5096736303591,0.6564429713842903
1.6007170712255006,2.2384110652509013
2.433089948262761,2.8796432259310083
2.868488118036627,2.262356380294166
2.9273973200182017,2.353441424276073
4.3001685286205555,3.0535790692832974
4.82264476914893,5.723593942931586
5.603791573506444,6.660875086174048
0.015359571794513617,5.96323450699218
0.3328011390145936,6.298157955507297
0.8960114801470894,6.897089415117586
1.2902587189398365,7.290320257291732
3.6224448500746416,9.565173758563132
0.08118510117904211,4.676903040421668
0.2816084002656207,4.42426468133409
0.04286340799101338,4.386204272029874
0.3050680536427357,4.367402536764564
1.1320140646759662,5.176595340176254
1.6816289787721876,5.867119217168601
1.890883350901355,5.188356674671054
1.9009702164328965,4.474429038553559
2.03459233213563,4.0842048583399135
3.0455870925052513,5.369771694295381
3.2901416469827884,5.29211358595111
3.880096329181125,5.049180327868853
4.321302444391441,5.810273463232872
5.00202352832555,5.642253305301652
0.06542607464055399,4.026191866471705
3.721599458652986,7.179447381543588
4.526808602853053,9.738543139999848
4.750762363512339,9.73767362904095
5.3521523911502475,10.070711142136584
5.553460436537821,9.609955687149208
5.583654723566772,10.695060165305039
0.3290897350274541,-1.4810035811936189
0.46263234090436217,-0.8528983255032421
1.0111103809326485,-0.20958687169244342
1.1923498935625405,0.06757705791659525
0.6084078297966657,-0.26541339858967206
1.0480794204089692,-0.1777284706526669
1.9321659285377912,0.26899605277209704
2.47878721109132,1.7497667153725254
2.8495355057238685,3.7037072982163437
3.1822574043949463,3.0757520322828
3.389020039540779,2.351725007732431
3.8809770180009258,3.347841079810967
3.9784182977534255,2.5765422601196213
4.011686861223818,3.0874669466585787
4.10437756127867,3.7100374772498452
4.223207328860729,2.816378685735887
4.817356166771022,4.319597451427903
5.397246012794943,2.389089540258348
6.243313377755726,3.2141933271942333
0.17173092583149435,4.279386438159257
0.6822070435596093,4.82246979649599
1.0585993645503462,6.326830428882301
1.460865112935285,7.324291519802767
1.7196352823093168,6.594376914516376
1.7313946258364263,6.8225885740665095
2.4088993678024724,4.669156281114817
3.3804594888102812,5.9700012029596525
1.293296057113304,7.5422265742485495
1.9117206892708827,7.608953617438314
2.5677765166272257,8.816217748569482
3.480139246903912,9.703507309624237
4.162057550899529,8.297962734366566
4.253767443088737,8.622726190060403
4.942739802172147,9.130489464962121
5.316619073920972,9.73029164045282
0.35860747713220165,5.382010995861405
0.13214496723154312,5.350756269623845
0.3384702525604591,5.573516629520348
0.30664234143485347,2.325262257485423
0.5377641681625511,2.4710081613314268
0.7460077623971247,3.1194518333026675
0.9496771068505641,3.4354484897415634
1.0114609050394126,3.1671131741652974
1.2517451985042831,3.6869679428929762
0.13143278051804502,1.252550229356178
0.21981536062962698,1.276372362278607
0.5098803494887884,0.9475442848270227
0.7478217463056185,3.166810075636183
1.262238791612341,3.401346678951864
1.337018199964965,3.1328917216882144
1.5726981645676725,2.6476953761941107
2.3907695391028256,2.8091786681475437
2.771485455982536,4.5659077992845924
0.14013810975928476,-0.17819878511581289
0.380370020545534,0.1853269087761903
0.940922459582673,1.210341726575567
1.107752249615815,0.9852006422022189
3.481180261027255,3.7404094972114583
3.6168720201814084,4.403419715525172
3.9282862705789663,4.915492309874037
0.06817478490009724,1.5272892901902708
0.5719513133834293,0.6457711072684258
1.424407816988955,1.7050916249893404
1.7574976989599627,2.5852638578232514
1.810089078320695,1.0891166119229623
1.8736414534561276,2.2243046769016663
3.2739404298301995,3.9738048993505566
3.324344960125449,4.574302409163408
3.696885064228827,6.087016001486088
4.229392843091707,6.644854729889441
4.994188130946917,7.339571015241965
0.059152338366084974,3.6456516900440086
0.26290596777357605,3.3191979849536537
0.10845045781992736,0.8077476770056276
0.08844673057828954,0.27852932352843696
0.48753338888766734,0.7608952652303757
1.0872397470588089,1.3565387267157203
1.4906384715035628,2.246799496936113
1.8357946782388916,3.4831351562911816
2.2888052048152416,3.998230458880066
0.22363957251730565,-4.753979923349383
0.7007472939130724,-5.094270915531943
0.7305628702409478,-5.048597508856298
0.8817922573881789,-5.028363983380851
1.3269458969814962,-3.138553839479261
1.3801940332967253,-2.440496751995536
2.5580425485889244,-1.3355451445904458
0.07644622824017115,-5.208461886910898
0.48838233767472566,-4.483187331194117
0.9534102456997458,-4.755069699411841
1.1678770058791732,-4.133720809009557
0.23986032301875085,-5.521690761218958
0.5891362504877631,-4.034118041219367
0.6943396110108313,-3.7544761690090716
0.9152640996678556,-3.728877001500929
0.413195385249822,-3.9739789317867666
0.2676366275771525,-4.6410513522015275
2.5290461496693464,-2.707477764799314
2.7116197768088695,-2.143174450331507
2.968879161533973,-0.8574076299882821
3.6804958992479255,1.0274391318089051
3.9398319988329877,2.6954018715637162
4.443986188326634,-0.19757114313703988
4.564315352697095,0.17826246178668478
6.1244790484796425,2.115005431019976
7.562243196479512,4.329482453916093
8.937756550262577,5.420116946036828
0.6697992646271257,15.990616970235214
0.8809464919820628,15.222923210705835
1.227180433537063,16.950143650113038
0.20491585051594266,17.20541677699932
0.21566640315777638,17.71466881644417
0.15479237720671798,15.560895767839305
0.33339803455650946,15.69431257517814
0.6330626076692449,17.007849876259083
0.29190961870995175,14.408639747151966
0.6087634343292573,15.20754943602807
0.7580102872696282,15.657835971141001
0.8463754031789508,15.469780121979648
0.1540367408091451,14.715885565214656
0.08743023990606437,12.145599453857251
0.0806821623476129,12.324074480446617
0.07634636179998022,12.798917044483643
0.2120439826597711,12.375961364203524
1.6300924500208867,13.41659776061904
1.7039322892141258,14.401282609383111
0.0037756562771844365,13.554921534396891
0.9383025434529543,14.274801205946932
0.9515462062967786,14.589929164575643
0.18369238161703297,14.108655894727622
0.009333046162682174,13.337689161407361
0.4611595996476462,15.108882834436315
0.6067961441642251,16.028932281986908
1.43016682107787,17.47168045759372
0.044017139369547396,13.094067478467796
0.22742934980460958,11.550060543717592
0.2467899420195374,10.229025890225993
1.259368564641033,12.195612216946984
1.5678615300422618,12.816404046596144
0.4325226823833188,11.478421953380135
0.19785835143716576,7.6443563330636355
0.7570281760474745,7.406078094089177
2.086293511087895,10.428695054178148
0.4051481097695562,9.610437767570255
0.5590696203816528,10.596733056489175
0.9872184890682684,11.539552991981147
1.13583794680324,12.768439187498409
1.144681900584025,13.829086269574944
1.374678691276255,16.589824817225743
1.7886815533049607,18.1873907219875
0.04455197343280067,9.860293466794927
0.14392588224934338,10.065715664596867
0.6425037758850966,11.488847421740996
0.8589462472070932,11.596449252675251
0.9134833424176483,11.80406392267921
0.9765395833420015,12.379525574124303
1.431570144086943,11.388902549109783
1.5764268268834698,11.197877254999108
0.5400833504698151,9.806622271607786
0.9464194742079587,10.739072463000058
1.3849239605216792,11.62291888203397
2.358427687318969,13.203986038704707
0.09102906880801714,10.016543913969175
0.16182145380665705,11.684960898031923
0.6691891705037833,12.949481648074604
0.5366093454061706,12.783790223534814
0.3065383596974355,13.372318721819434
0.37357966501981704,10.95693833933801
0.6465880571741307,9.227980583891817
0.7672665657349975,8.26687437800621
0.8605535821595797,8.032895248271583
2.3934766241017247,9.615856004465915
2.53341696635767,9.245142968864657
3.733375457464233,9.40215568901359
0.4103616557059399,2.230119539014877
0.14211239308466941,0.7963557989819804
0.8874434966901497,0.7047187218573128
1.5314845711487943,1.647420676179037
2.0364398654006197,2.206865838321165
3.14460464269497,3.8336059662303588
3.1778697019164643,4.0550929899107055
4.225566814001812,2.5161803380278216
4.5763124911358535,11.00478829789775
0.0270421698292281,9.986176236610437
0.11268029259462696,9.7330261485874
0.05793874088870231,9.640880018144705
0.35670867178402826,9.786978275818232
0.9255617760221821,10.490460345442488
1.5593015486239272,12.097074345962143
1.596146988838782,13.078122496119256
1.8658581299427852,11.245777221350691
1.9675519047545371,9.642795303093298
2.4244317652312177,10.056492966704468
2.4391663431296386,8.915940017074279
3.1053347807642333,12.103006666575686
3.827509007162912,14.633594030238845
4.840020984629622,15.912152175838578
7.178968809831112,20.593841651465215
7.389723648403826,20.869872156130022
7.6107962896929555,23.901290260643986
7.643215959257003,24.905440071592245
0.15204802143931537,16.512434346811492
0.366971232682106,15.875975038163206
0.08006183204072387,14.220370279484262
0.20669314073008005,15.355673275804204
0.1772280588813666,8.305663499818687
0.3838843381490192,9.345738053743064
0.9383849019089041,9.165540409138963
1.2412263159452193,9.174938864671029
0.1378700192481885,7.422742621411153
0.13646657779552337,7.11699954480506
0.5979010095676011,9.629615936432288
1.2000266184100652,9.809340415470839
1.3927610804498511,9.195059889638278
1.907655583533508,10.856783860654339
0.3156294934900114,14.196228914798834
0.08133938747717656,13.059346754409153
0.1613028009061048,12.508915940024403
0.1413427846729629,12.070744132988105
0.26815703714692524,11.798677760244205
1.1558326171191582,12.989782884251156
1.5759023089240018,12.751310277645667
1.6710069514430976,13.306374048636913
2.3024256682560442,16.010010558191116
3.6630041650608955,21.13808264911831
3.7501834207034004,22.594148217655196
4.762036832489732,23.984028493119514
0.2159005769785541,20.667361188180724
1.1027286068367947,20.448582810231105
1.9981381183319578,22.034465550292296
2.697678982535699,22.71443283308686
1.391174053276887,22.368551069926767
0.5230767637143382,18.857184820124516
0.4114245553614244,14.383787090816522
0.46551934915970017,12.30784393677927
1.6525978019447298,15.347536602657552
1.7787745638116075,17.159528630806474
2.5995628115397715,14.835173144562205
3.1202111245658117,15.538302489157232
3.2745692325349864,16.39774458415026
3.7388623304978768,20.345647090551726
4.121078846830383,20.48808159253363
5.195454346630557,22.044758167872704
7.248647478577055,23.87864264492988
8.107412127699108,27.0933657027184
9.633825690635517,32.019249593195504
0.30470899669650486,10.493377830146247
1.7668505339556353,15.125915972604599
0.5407884352780388,11.328364640532653
1.4408234917636469,9.184696833101084
0.29421801971878475,13.67783688547449
0.662579555051273,12.154056931002176
1.1298015055544066,16.02885771240251
0.5992694096707034,8.360517545942676
2.234340360197744,8.727321606828891
0.5147636425312243,6.888836327492885
1.2201384460034013,6.5055028419608805
0.5317205352513061,2.8262918500071215
2.2731438998960645,3.8708612638805304
2.5251202485537556,5.320175169707939
0.16058808733681143,2.0025830343469453
0.4094412034370005,2.189118450827447
0.7513263958775639,3.498956240460236
0.9507252596196374,5.503629711369079
2.7886568115448678,8.453847269838176
3.5186164788437795,9.98132575788517
3.9882526138016914,10.627750825214466
6.196893672083363,13.241419347048971
6.336433288591253,16.479703080345985
0.9439303755196823,13.124331926599123
1.2714622896577346,14.428926823335853
1.6417135984009374,14.758315975509689
1.769877990528351,14.750660394697224
2.834851824355928,17.531533180123006
3.962895899397533,19.01055503038732
4.219218475340399,15.388048740490397
10.795223920774987,23.731171100546717
0.14433801338407032,13.848146801986935
0.8141929587989886,13.988808532836936
1.4230679629479697,12.867732277578273
2.9325339991556243,15.069005697846002
3.0900867113794996,12.966361427938006
3.761976596334069,16.522310019234087
4.53958407200708,20.630796481066188
5.193178113356679,21.07644628680555
5.702434141322208,25.50851609810548
0.5286670579232303,16.594229915270045
0.33370208613055063,7.761531915918496
0.16988638572908543,7.787359924212396
0.39545254897193066,5.374036200825039
0.36818143163427064,7.091445889974322
0.7301477592359664,4.917707727755359
0.15629011586873398,-0.487733663235058
0.4458150405400325,-8.59804746701148
1.6130843888965471,-3.9408760096849558
0.3201586640105492,-6.65678791683661
0.12244453229600041,-8.274298773379599
0.3284312783676367,-6.887866241562714
0.3364510126155329,-6.561219433542289
0.4386537764070269,-3.1531687380250117
0.9234461884286863,-4.812675593647494
1.0898610375838327,-4.466896184755699
0.11756892727079386,-10.59230847524233
1.171274865561731,-10.904424851976481
1.874937888421619,-10.625878905676487
0.9694555370989908,-4.970605452767832
2.0025840630298886,-3.4281053914441926
3.8919453075263912,-0.7418096254146754
4.018438280930798,-1.3307352804030859
4.228957572647889,7.471855945010239
4.734907871220975,8.171698402763909
0.31777201207729755,6.578520390415717
0.40843788298087924,8.083153458764825
0.18632152776213082,7.458872532562251
0.23069668775374183,6.360308595804513
0.6704458458071886,9.820803538201337
0.23521948099538342,5.507269085635935
0.22330098285759428,4.996202634867286
1.8268425288340004,7.46135920747281
1.9102628140141142,7.949629111056746
3.9603960396039604,8.371137019494407
4.761745082420476,10.80036712681363
5.185594191068043,10.483384177432162
5.568144601195492,14.185261001844228
6.261643867179271,14.433143994343093
9.65915356080156,17.709770919479386
9.923742956077522,13.766397581660744
10.448704444912577,15.749706410991532
12.147464434774594,18.774398052101553
13.449335188671792,20.349710511744785
19.335999216610492,28.018966498249565
0.43931383128672247,10.293410809598214
2.4070477325622646,11.226077390120931
3.538445141968312,15.442466403175478
4.288242916583014,14.01683226883709
0.1847737525088929,7.26104672252659
0.24826613143617973,8.638176255631167
0.7956132110896904,11.42758931828084
1.0130436646040641,12.343498196398517
1.1040402606609634,13.282305867595307
0.20513270208247925,9.820203145123052
0.8791505884283403,10.698798159692593
2.7903878948492546,12.428302120549542
3.191142781840704,13.267175655556827
4.932987169544275,16.287055928042165
0.5188970782741384,4.377059756726237
1.379296068583131,5.234594497970734
2.4342802708166733,4.552696959119562
3.1446336292813064,5.995637813430591
4.962333099394809,6.714690183374472
0.225301871199845,6.047633022965727
0.23812401845804493,4.099372755893974
0.06731674465971568,2.8896645584671456
0.722125927974725,2.964208778223623
1.3110029338412403,1.4769559397297052
1.4841850547111972,2.961429278917312
4.132773701092369,5.8147284609211844
0.24448804655806383,-2.6618272894377673
0.6484516433530337,-1.0223531513037267
2.222096035569781,0.5096217992424591
2.6335373993128597,-0.7415758932975245
2.9169092939494408,-2.5360084284969675
5.089687712294193,-0.46995196631394004
0.14497658122439183,-4.968856033319794
0.872469490932419,-4.240106879630747
1.4653721791843073,-4.536681774212595
2.0267092843838683,-2.8812662881321143
2.260056334354408,2.3220761044247373
2.1761391449401466,2.6655636722851126
2.5037373744226126,4.705555667963097
2.7252930719236153,6.045292343290386
4.453920235307307,9.05291507151901
6.080905453263986,10.713171361757798
6.299542303293781,9.616748517787078
0.22282425865197772,5.844595940422526
0.10315801164594135,0.35857201147605516
0.2978773746984734,0.3109124195442679
0.69266080184974,3.437951009999611
0.7844771319714977,2.9858294723768495
2.937738962367089,6.393874837639213
4.074631542593657,6.975176216554822
4.358680458821511,6.531608524321404
5.005710403637863,6.944854789259885
5.480060220366344,4.702350815850179
6.347711183838861,5.256193135538362
6.394929347413661,2.417829462067069
6.808664739509402,5.466721950894348
7.9963116832432135,7.963509360987381
8.351540604437234,9.588624683345138
8.527042809356837,9.752653839345392
9.680850642788226,11.144575243094172
9.752744770855104,17.19995740347688
9.96772163584781,19.570833054205256
10.601363923499004,18.871463868825398
12.07868672933857,15.480072333466715
0.6591214310268367,2.6291788473639506
0.20632037328875907,-1.0583719288414206
0.2807135854478516,-1.4229996718308915
1.4246163061285821,-2.191310867972021
2.5285211102304546,2.4148372584835354
0.6956040210554035,3.112422993676028
1.683527807212547,3.453800489452414
2.0526088706524854,4.806677225549831
2.102142179332721,4.722870028967089
0.08502751508133487,-1.07199199635607
0.9549109611621576,-0.04260490713908594
4.752762025161647,5.010646761890149
4.811294293432023,3.8511027839389778
7.424874311404628,6.577164354888085
8.382510408690658,11.141898704916919
9.248937529245364,12.945490133787915
0.23568379388013316,-4.930900172636419
1.291685607041408,-4.556515560599009
2.5886057902244013,-4.123211990180359
2.624616477390787,-4.0951501226759985
3.9470702037376952,-5.4628994604152386
5.6924537071667825,-5.270358652881899
11.18850292081357,-1.9741130609901612
12.941742284314685,-11.000317802503094
13.427518941973085,-2.2074126357120196
13.912640278648874,-4.127906706881779
14.095946344235957,-7.904581699751971
14.52476601844233,-6.315867224223328
17.199794261178337,-2.190169630576937
17.81977586104382,-6.680633174277354
17.98017765911673,-7.6275874124204766
18.43583352673294,-6.465407646516759
18.823407937631345,-4.897816292608049
19.200497212807978,-6.937399033450991
19.250253657170585,-10.298196478545457
22.737088738133096,-7.9972208979619195
23.617640345779318,-10.9658737552429
24.676910772134345,-11.684184705121684
25.19476619106347,-15.474961761550832
26.535552921484875,-10.577111669847316
26.83409158766053,-9.423033757262937
27.56209725730587,-3.1704677343194922
27.772247508022087,-3.699076237820077
28.915974423940888,6.194625794432871
31.993633476736743,12.204821751987518
32.38840842672457,13.318942824796466
33.477799643121784,13.35990584211158
35.54397475511774,17.170454381312457
36.770847518635094,18.937664701867146
37.930286154697946,-7.246148599926597
39.73852053456291,0.2672571676376469
39.90480823390036,1.050190616425627
41.01711170953105,2.810398834062812
42.28588505733899,4.158534103867911
44.499363539474935,7.885576595215276
46.32592692755475,9.993298304654216
47.77604437386158,11.27240585860977
48.58915785819365,12.053020559258847
49.14694789846553,11.487458075458047
0.5347069382311614,-3.253531344072363
1.4163416928101067,-2.9629994327605673
3.14843496645997,-1.8735867359079748
0.19194721215781,-9.583612869030448
0.2016106204710145,-8.591878991894308
0.4077266379830918,-10.685764701006022
1.2220864994591218,-13.092365476977758
2.706873965393394,-13.2716562022355
4.534210978672907,-8.80782410533354
6.060860196916866,-8.79673533127204
6.297804317293847,-6.388503126936615
7.727863397698201,-2.6265483028934136
8.147675623452045,-5.445346894152906
9.425142878970883,-2.807278851575789
0.32165138936205545,-12.047039269235501
0.17123302361643053,-12.923123366277196
0.6861955765803139,-14.25493101901745
1.0503825972029157,-13.836025636255982
1.7007951124144216,-11.297801476050012
4.122289782118749,-7.4941831478494425
5.720220292006315,-5.2818436768377035
5.774526625116823,-5.8646425604627845
7.120727821852766,-3.447753786934101
8.048427865583285,-2.511153107997167
8.426029634583035,-1.3863399670974745
9.480241674491287,-1.5824758878459582
10.090409944571352,-1.5541276824162777
11.178486424859587,-8.379429800545044
11.768844543266423,-12.02360135146722
12.26400474382939,-9.309639554765143
14.816472593474083,-5.470095909314645
15.331442945710279,-4.867972935778296
16.270007375771826,-3.8534910339565047
16.663582054467152,-2.250945774945852
17.36447146008383,-4.371528586247829
18.642304235730197,-2.4391918014825746
19.399418595446207,-29.39945455805152
19.98785809286422,-25.59350766220707
20.474719867686904,-24.90499190898838
20.806953269646037,-26.60449155408433
21.521896963969468,-27.513641602848832
22.377406943177387,-28.36835771520907
23.79644554403785,-36.79131000988885
26.116346892602227,-31.307779769489485
29.30901021072932,-28.821785757905104
29.76839514919579,-23.355438355063004
32.4735649514429,-20.94920295498648
36.34923394377458,-18.136373750844857
37.070569141757936,-16.222310892117537
41.863721131091026,-5.864250302636904
42.547362445989066,-4.502790368714204
42.70325430096721,-5.002346720621277
43.981726616943185,-2.1967003132613994
45.76111109681244,0.7350504594065371
48.466280899059555,10.135386231728821
51.92537515864695,17.883153091541296
52.50742705204119,35.52123174859359
53.03389353166571,39.86314023538418
55.22346124061933,47.110523343234135
55.51033407481015,47.76471334829447
56.39076272905585,46.2222541757732
56.77538774277282,48.29201170523845
0.447358046065891,8.73784518715163
1.0546128701639865,8.229448103792729
1.0807177648861646,9.051166767653191
0.2836767069231504,4.251505797658072
2.5737907636831605,9.031415043234087
2.595755253224823,10.188723261307594
3.248461432325278,10.14848598081111
0.9307883608932725,11.33569468090571
0.36871039064235983,8.379076461458142
0.5009741163373226,7.10221771882269
0.0707617924973759,7.461483483670041
0.827365759481354,8.22666238072915
1.1173299163748607,8.322275208198697
1.171850403389441,7.987998392425129
1.2461386806656458,9.4882201584568
2.301759157814614,10.54797274830448
3.6101996532189866,11.93361906187574
4.850948448045632,12.140239247644894
5.755593615479109,15.034741489962599
0.3708760911961367,8.527313219518724
0.18519369130487434,8.946521361456988
0.5656100290126944,9.426198409698781
0.6015861156064221,5.709867209880646
0.1479834840550045,2.0355682428987114
0.7194399218542104,3.4070330111317237
1.0972883236775646,3.5915559811679736
1.181518814915473,6.532817808608556
1.420158783436674,7.942968330989666
2.8280367798148416,10.143140106276975
3.1491508014248852,11.039783895665167
3.7206000992316155,11.828241026527893
3.911280738292358,11.990502472243271
4.631891618912612,13.166678296118588
0.18429538196846795,8.689924574445323
0.904653969520624,9.158960543014452
1.3723430295158416,9.143043923694433
1.628493165415204,9.909153115744289
1.897978558886658,9.439559846809429
1.9570923054502647,9.804639876884144
2.5482156222719317,11.34607424412668
2.715702212733084,12.51652991513777
2.8629064777516966,10.078040023232484
4.060808774528739,11.870489326875616
0.4724557241462985,7.5716613852105485
0.48759235961552,6.826365818679856
0.8696584290760407,7.0934890645839745
1.3995839296370152,7.516810475318588
0.36981971857260465,4.5380164121346285
0.5733607472996345,5.602198954802775
0.9348373406244147,6.237895295293636
0.12633420978621396,5.952912098375745
0.07856896412440591,6.598695778789114
0.3502573619902913,6.8487958325416844
0.6684238411955884,7.393809913579402
0.7979018736320341,8.235669006652277
1.2283965744147787,9.210484384631682
0.31796590385406076,7.836927356509552
1.4460549823692415,8.298078636729205
1.8176587316721893,9.048720595870881
1.8276154170531491,9.151031246362187
0.057992920441088676,8.469828779789971
0.03365843533803036,6.492882314448852
0.051577791343943746,6.472325205235762
0.8861912729460535,7.786112084693202
0.9191927097006194,8.412824644929476
1.1680606587144893,8.259386965499269
1.5776166120660307,8.679640976922188
0.13471203041567556,6.079992826123228
0.5237047406575477,7.587971024980365
1.0777028475037758,8.671234383870905
3.1427501740366104,11.042341581131287
3.615054594431132,11.045370391941097
4.013246925144082,11.033142001311937
5.761260668967607,10.5207566622748
0.7378510346287249,8.181587304946621
0.005335132643188218,6.856082883851028
0.04632463094992338,6.9540805540358654
0.5543031012738201,7.170051553551149
1.6879338343612673,8.08897485569959
1.9653486300597,8.490434997772589
0.1126450291031399,3.038486107624707
1.364961566476674,4.347247565043812
2.425299315640616,6.658933288731772
3.0578067382114416,7.408845323149575
3.9774753840366586,6.197094391793753
0.47010050881663623,7.928387589605683
1.4018802219004098,9.024244612244955
0.11140717108723094,8.049093002596754
0.03792165487565312,7.448138958068242
0.024598362294589286,6.386134623942924
0.37821546013326157,5.989024228120625
1.0844236813914014,6.720346715588142
0.013246407875804167,5.024941065889956
0.6566922251857,6.188264653157748
0.3923521850109476,4.073012199500658
1.0944667736138651,2.8960486145335356
1.376014742088461,2.7143394963842162
0.484915076768754,3.71423030462786
0.9069522567638564,3.0254625312077272
2.8828226182601835,4.691633163250822
3.160492392879766,3.6277674432967344
3.4089890339474325,6.7607225772328166
3.9442064281351077,8.00966068508886
0.19925870761226225,6.098364826315324
0.1689901051468897,5.396797294222382
0.05440661600049282,5.268993270489124
0.1322783320365885,4.888743053800579
0.2855174389686519,5.175581978067614
0.3073114142502414,3.8914980993639174
0.959800962597798,2.8022014451204167
1.1042392729200665,3.417703090655929
1.1744702428869178,4.891813353186506
0.047726958102540254,4.859732991232056
0.8486768362391812,5.522260085311923
1.4214246096436738,5.483741402064121
2.255687467564756,4.58598022152832
3.2415853773922425,5.8335339968285655
3.7914649948798513,7.586167568079386
4.134020017283422,9.016139382026825
5.231782536946365,9.773726150922538
6.792418866447117,11.793640654595983
7.401459519995708,13.020204203593272
0.011892184463629211,3.5508744759496427
0.29484269954764936,3.382035067019763
0.07011166816754912,4.064766228688827
0.15011590075549372,4.007385041893894
0.11500296768532224,2.6008335149302164
0.2542427180532353,2.136330777498292
0.9354426551109076,2.7349305483724073
0.11618962070773979,1.009216429130967
0.7256565211683346,0.9629542731806854
0.7492662970977975,2.2030993633654905
2.372111949158165,4.082644445862274
3.5193800145775955,4.100222110630761
4.1313167032047655,5.360797430574017
4.945148149873493,6.47322768352779
0.01392965384106687,0.9813330706500707
0.4888604719738175,-0.828706199682342
1.514905742455163,0.8995104380823818
1.5483870967741935,0.9027343584582771
3.3478960291253914,2.3844665768640088
4.207468782753658,3.9313747117485414
4.682934377363008,6.6052076969346825
0.03143092177338747,0.13144907107191398
0.13760327365139086,-0.025270176128820862
0.03033391953459299,-3.504353057868225
0.07657236475081494,-10.438256803733635
0.22406216452706437,-11.518709362957374
0.5190302234066543,-7.792349262740555
0.45385421527393194,-5.641482153114154
0.8907128227709782,-6.020880036120895
2.178620148050884,-5.909447574759712
3.4584966450970036,-6.01420932906057
3.6436323142079705,-3.471648256759776
0.4141314249916245,-2.6748247538589345
0.5118711449704394,-1.6930566657450388
1.519577111428123,-0.940782690834697
1.772688169712492,1.1489627001133997
0.06433745436266075,-4.924737183658896
0.15732921249511106,-3.417934139858113
0.22338863033564207,-1.9980611693936687
1.2492897726458978,-1.091149200184759
1.6416205660988934,0.32396531400965056
1.7828811920109893,-0.6364620089610267
2.4187888892084284,-1.4264510643813924
3.4343667430162266,0.16281263151699915
3.948715140139501,-1.4643272024416925
4.462605233666661,-5.793988019212434
7.505563519217071,-1.288251219486061
11.151110830527465,1.4821419268180334
12.352525063764352,3.3299277667363576
12.74110922531912,16.374182121402495
13.01752931052005,17.77398708324497
13.07525264845055,17.7452847448387
13.091677103576268,17.813442025434075
14.16075044464042,18.93903178114157
0.09289473209127672,5.028354550636305
0.1435173652293861,4.811480920964074
0.36125289162975005,4.550221141347343
0.3011475124434233,4.460265788675509
0.38849813832715807,6.082860282577399
0.8275747809246976,5.648511436363317
0.0907165567838,5.120394495643924
0.33809281161601407,5.478302919140769
0.0796046373750195,6.046109103542651
0.5479077019869011,7.319522665069961
0.6716417411318922,8.658943582038566
0.8072475597083623,8.969979784090173
0.9638547233072793,9.253400459322577
2.846373377607082,11.50431816382518
2.8824457515416033,11.20957628283959
2.9395194704985723,12.206870350518665
3.5810303010170492,13.089326044368498
4.210212316463962,13.898399681048723
4.633928943665787,14.872221425431299
4.79282128546513,15.06824166126813
0.5254535631502815,9.592043684774588
0.6569245000100377,10.517052125361664
1.0061679602712676,11.318161883274962
0.11374349205594576,8.125537886927027
0.811717185395109,7.95196022291722
0.9596274677013831,8.478969303595006
0.9886764754085587,7.577600662717958
1.4477969557112789,8.244477139549552
0.3548594275886693,6.987087845220281
0.39921685603725293,8.432949087426287
0.5836695612828379,9.283079492247365
0.07353844075136465,7.887478964253022
0.16012111164033957,7.876008745564711
0.7601132086214288,8.382664890994615
0.8484273204814383,8.40021246480168
0.08641180363413856,5.150353960329358
0.10822001454080653,2.774229392491985
0.25783763780462077,3.359655440718759
0.5859880503598384,2.702866975580197
0.8618634150993921,4.05588497389835
1.150689861636389,4.566822236023884
1.3764829549090407,4.014850653482066
2.1678134131225946,6.819485171812498
2.169484520451297,6.681802681445216
2.2692312865529254,6.859863459586142
2.7967917184811837,9.716397681652024
0.1025248629915363,7.965229220769167
0.21628091246167927,8.193980887933533
0.363805290610816,8.510602232627253
0.06868970151433404,7.565810080682231
1.8852624868354901,9.665131787129075
0.12046245861250492,7.854002704972713
0.16640392982495855,7.86217220366215
0.1217665183814392,8.681087475519293
0.39933212090649545,8.76331687056858
0.09958307964025237,9.108997648642262
0.3233198681749725,9.523287133371525
0.6696637362016253,9.797992902277333
0.7275379993894145,10.451172127748487
0.772784607834201,10.14458700772746
1.3890619234714368,10.91024220517509
1.7815640619135205,12.586785292820831
0.005291283677332954,13.301402601920431
0.015365928181013594,13.122565021831953
0.05214744027519321,13.660446521775707
0.1584654520247497,14.699323923263508
0.09726882691745313,14.69771148361034
0.2312499359554928,16.211722976396153
0.30389611310929976,15.513499287284912
0.2414432787396966,8.898064489144614
0.27771635497505515,8.392813758130636
1.7211407380596777,5.856347129662154
2.0516626619655343,12.394596738113842
2.231433838489552,12.64331453490988
0.11007176162896826,10.086068757178102
0.3045917698414143,5.722220193629303
0.4616814248272126,6.484268679668608
0.10736344069645515,2.503788525937804
0.2876131020706517,4.406759757594923
0.16867529508860996,4.13065509485521
0.3972484039719152,2.712694783383231
0.70130431567511,4.29345338581333
0.3192470570786421,3.1859846244825545
0.018910292286975133,4.136049428998119
0.37618876440021154,5.536591337505398
0.46561546612362587,5.724734972276431
0.5978216886335961,5.567936236610404
1.1470858921685059,6.063656936277188
0.07502611166068471,5.031802166645986
0.0384257740879695,3.3996889469167604
0.036922570219795704,3.0159115754803447
0.20245308031139875,3.960690163753716
0.30745573234992746,4.143307286757574
0.6802441941011876,5.429786070920613
0.6915771403868952,5.36651224895515
0.04729570906678262,4.492926307922025
0.4541890976105174,4.813326566404296
0.32302694598687076,3.201605783179392
0.40554883225586597,2.6317069988103015
0.615197803409507,1.6741412534824105
0.11122268282527976,0.9384236124991672
0.35244876226720684,0.7927478690169092
0.161638973016266,0.6286597251082849
0.05599757022827953,-0.6040491581719833
0.6731974332887237,-1.2163867413742522
1.7557419406156531,-0.702580204456955
1.7714040190779923,-0.3054547908395573
3.8546899044434753,2.3565180006795314
7.794650180721519,7.22591529003808
10.159530548956274,10.72064901867009
0.4430329054144854,-3.7337116431939736
0.5943661764148986,-4.324547101487446
0.8730127611573414,-4.8352198744627355
1.235054760810824,-4.6899803053706695
1.4536556414476385,-3.0776369552440865
0.0368533012027638,-4.482068559078021
0.38829251258210357,-3.45657289755422
0.5182953648810031,-3.779374775061141
0.8455183586752538,-3.115311934037999
0.9942810740638062,-0.3056963843905698
1.541582586048793,0.3534813201633431
1.580485144054423,-0.21598654210353693
1.7200345341422845,0.2732272164652052
4.94992982544997,3.684563167251599
6.905395643180073,6.562152026002818
9.371318002004607,10.684077208033615
9.878017572293782,10.694935370326549
10.17452670498166,6.451128567038049
11.287214836752538,11.14329029958979
13.130088154695898,14.604038867797515
14.46012246225369,17.839134955146356
15.809266506013818,19.576726068396027
17.54260454875032,21.878903378661523
19.77821043568199,24.085736958658607
0.21917631747336316,2.714833741673072
0.25599281246148475,2.3860565252012584
0.7502163081421368,3.956929749979918
0.9610214385403095,4.091484282807213
2.0972027462017615,6.340384535128001
2.2543783751529074,6.905908240252927
2.5497094343500644,7.102752917918141
4.547443585842011,9.719859135118803
4.869262032865577,10.746190145844581
5.526797346620123,11.759528039125382
6.577773136683541,14.115242860506308
6.836108044673847,14.90936030609361
0.12592227925193059,8.15736986188925
0.2988928971388445,8.82815322151889
1.2456942257978114,10.414827691130439
1.3675504972140822,10.646993848180491
0.18059015984103502,8.943261740268513
0.6632613686435992,8.699748004243983
0.3403778522185873,9.456926008171939
0.9912791185051917,10.009649723858868
1.2503712568661765,11.429106899947056
0.5262401280453501,10.715895073669646
0.16161146071344804,7.370477504533132
0.4190602120087401,8.73031364079603
1.503051132397708,9.831633249877372
2.389404872048987,11.17633794359991
3.100277450489244,10.009036879176685
5.985739946907851,14.20797447317233
6.122556998296665,18.969578081766052
0.0832405314799095,-3.2065661336779883
0.3022860563304665,-6.809745113385908
0.11856992143612523,-7.357012791531982
0.1962467251431339,-7.025888866314105
0.059259444620610134,-4.761578738205343
0.43465527980303154,-5.145633309802539
0.5922425492665491,-4.7716506320749525
0.40112197099262786,-2.714121087370877
1.2607619505920291,-1.0613817399030234
1.9162024044093535,0.9592062098793291
0.04323001718647455,-2.3753206452588724
0.019544819997962978,-5.368582388015297
0.5780822450430341,-5.216855569982547
0.7059870562045372,-3.240956604653332
0.28551786896625714,-2.4594624218516
0.15145327728022642,-2.6081624464168143
0.2651977647365576,-2.076311671644872
1.025646929152426,-1.8149174207461785
2.5825839389640395,-0.863230424296179
3.126485724869491,0.6417554703282613
0.5400853672730085,0.6445859592232013
0.16304457368023223,0.1899902298595233
0.2919942636890142,0.07595959291569224
0.3815519763628118,0.4906291276892178
1.429349076077513,1.1115301522357874
4.732809071881307,4.948095641910824
7.617499190680095,8.597567124019797
7.966570221209301,10.104324156251447
12.031064906374846,15.605826112136208
12.755782942204105,17.754602398168338
18.888409024872256,25.79590414501094
19.041390314261264,21.53879543583527
26.7415807297506,37.0194832029798
29.532656508770575,40.01626628828635
31.930954377429313,45.64540736993472
33.92496000265327,48.36283702461375
0.4404395421410823,15.974631685753405
0.21949627140286992,10.569920214936317
3.5125843715341274,11.197486476399042
4.297319153499859,11.508454759152139
6.95367550318839,16.315304431665446
7.299128438362239,17.88328052949318
8.371779301473001,20.10112638960797
9.604454752912995,20.149400863933753
0.4791925698091583,14.022605224951445
1.6300342296754613,16.574127727549307
1.9126439511294662,17.97617900580331
0.1584418237524931,15.737880948239482
0.4595548640170944,16.026214026024736
0.062415721309146466,15.358963065500536
0.19356376714373852,14.499068525964493
0.7949201604598555,15.420306382579325
0.9224094089742724,15.79400311676805
1.0477422935377136,16.15112346566586
1.4791008107400905,16.424989653696866
0.35111185091529123,13.893857491205425
0.7403682152315973,14.92644038822306
0.9461426491994177,15.040431987860439
0.22273805256001047,15.153037254921998
1.4754827521051048,17.610148449695608
0.6554750898592477,15.396837013563339
0.7618910104622852,14.872448723612445
1.4754157903199747,14.832088005042129
0.3010611655237634,13.6929356152001
0.1488833746898263,14.876264931782282
2.71284873465596,17.348169523002895
3.6603615033478336,18.97857741995002
0.1113524992148461,13.323688962034527
0.1458325552458724,13.475353028198548
0.05692724183511339,13.614689050812306
0.08894920315511559,13.94896566594182
0.5301399808302555,13.646249496541865
0.7146462904161701,12.63364988772572
1.4824039911983968,13.654064354120985
2.6809287349110233,17.154127800123646
3.1432151662362324,17.97462856659665
4.2278854262786325,20.01369815711716
0.1569683734378362,12.769544693387944
1.4760539319459225,14.436113253975439
1.535434705844626,14.327512416039422
1.600356702385232,11.43607394167251
2.138340616375628,11.957658034250901
0.08680126852335754,12.197907422327571
0.4023104579957046,12.240840925999468
0.09735307519511775,6.9490493656744725
0.019607884876880696,6.583579800816737
0.40877267278285156,5.734527844623562
0.5306560094486098,6.605400947368372
1.207278294761115,8.136277202295556
0.02148958880144063,8.555137891232778
0.10602541018529553,9.162880597556738
0.7194706699326419,8.861401493582417
1.1114897222533653,10.582369509817072
1.043564732218821,11.737807774742201
1.9019042229993777,13.136236474835483
4.006049583745032,15.718775845422472
0.20116937805258264,10.960092519089306
0.7390975113221605,10.542178633450703
0.7823470342176134,9.764179622683233
2.084526022982032,13.042275243205994
0.20218560598241428,9.73031520183642
0.8561024934317037,10.940521337966755
0.3516812658565599,7.045205585695891
0.5610530036453244,8.09719328671623
1.310708727953939,9.22521762522873
2.8768596622478957,9.405670290096026
0.4712444807091192,0.19697831973810184
0.4897828940903425,-1.004170757738881
0.6114474426595502,-1.5641851373083486
0.7946012253681459,1.0186530651857828
0.4632387901412258,3.2680215530205907
0.09399082741974378,1.5382288401823727
0.7060698814947518,-1.0433750165209095
1.773327784587756,1.6089877296903279
0.5824918819612569,-4.055924042225951
0.13491160395050675,-4.785224728362877
0.033503112571534474,-4.554365310191751
0.37294679085813814,-7.056146896501585
0.5043117096015207,-7.6066530265884165
0.9625499129650911,-4.793823501828958
1.727374421444403,-4.464651416050426
2.0696808777406526,-6.075555154062382
2.2914062632847427,-0.4809465253199665
3.9502354473478083,2.4184641359401864
4.02826229159568,2.457178851055035
4.062647914681467,5.120815293735177
5.056483901609118,6.846370633253236
5.212537590104862,5.706364076698736
0.10725536274130712,-6.009375851086516
0.5051568068462842,-8.078779717439936
0.34987758957707493,-14.603275197094606
1.1695818978382362,-15.31255523323689
0.13986655593032743,-16.95629294713401
0.45913303908354813,-15.144117803767646
2.33646479703262,-11.682794564209884
2.923559751229333,-9.52156990707795
4.0705360866300815,-9.12489264507602
0.9136167611567698,-19.690430431713864
1.6538591826484317,-19.391291355587455
1.9392931785886265,-20.46902638688857
3.0560141808210117,-17.583766643631606
0.10101548486260742,-20.157322994416187
0.29897555945093546,-20.78690576191148
0.5608083872077824,-19.74012863460476
0.06296219570604951,-19.78621130122021
2.0010169641634654,-16.97577634409317
2.095465347633268,-16.964682126662723
2.4919999328131786,-17.588082422018264
2.632512008371885,-18.232058033065986
2.867268870971272,-17.08230918768818
4.575157876306007,-13.991797029226083
5.499780879343157,-12.638213646918505
6.542815565557795,-10.792084988493711
8.310541561411554,-9.920782557440724
9.175531170358804,-9.99437906929044
9.31146232626226,-7.501731181254369
9.799737462404646,-5.872628232648195
10.253187429345676,-3.8740728944205562
11.905616767387517,-2.2901436405454976
12.414526401621442,-6.589476642500689
13.048098129406908,-6.294153058550898
13.856386132843616,-7.856621800046394
14.035479731720985,-9.784542784738177
16.789533718368112,-5.529357842330363
17.95828919956573,-2.720836812514219
18.064612344764086,-4.618481205406418
18.198044354500066,1.734342505344745
18.67525911463039,1.486878284121631
21.826687521727557,4.927152966399548
22.12168856770421,6.828575697332235
23.554172683365305,8.960203314581642
23.798722534205474,8.823158892592927
23.960296660356875,8.88275889767258
24.10248331654511,11.272173942492856
25.246008110263755,14.605282330271606
25.425096619230395,15.912368106642896
0.06517852510764982,11.61589332701855
0.060064993453985825,10.385234920222294
1.669672063169111,13.964069133770213
0.31863375266722094,4.926752528308411
0.09489536011327217,6.422950611819777
1.4610233020612857,9.716207226827201
0.48034698371120854,10.961392909285525