Name;ISIN;Symbol;Market;Currency;"Open Price";"High Price";"low Price";"last Price";"last Trade MIC Time";"Time Zone";Volume;Turnover;"Closing Price";"Closing Price DateTime"
"European Equities"
"03 Nov 2023"
"All datapoints provided as of end of last active trading day."
"2020 BULKERS";BMG9156K1018;2020;"Oslo Børs";NOK;99.80;101.50;98.80;100.30;"02/11/2023 16:25";CET;79905;8005839.60;100.30;02/11/2023
"5TH PLANET GAMES";DK0060945467;5PG;"Euronext Expand Oslo";NOK;1.852;1.944;1.852;1.93;"02/11/2023 16:25";CET;115890;219948.00;1.93;02/11/2023
"AASEN SPAREBANK";NO0010672181;AASB;"Euronext Growth Oslo";NOK;117.00;117.00;115.00;115.00;"30/10/2023 10:54";CET;60;6902.00;115.00;02/11/2023
"ABG SUNDAL COLLIER";NO0003021909;ABG;"Oslo Børs";NOK;5.15;5.39;5.13;5.34;"02/11/2023 16:28";CET;432666;2278191.67;5.34;02/11/2023
"ABL GROUP";NO0010715394;ABL;"Oslo Børs";NOK;13.15;13.40;13.00;13.20;"02/11/2023 16:25";CET;55928;734561.35;13.20;02/11/2023
ADEVINTA;NO0010844038;ADE;"Oslo Børs";NOK;99.35;101.30;98.25;98.30;"02/11/2023 16:25";CET;724928;71714139.85;98.30;02/11/2023
"ADS MARITIME HOLD";CY0108052115;ADS;"Euronext Growth Oslo";NOK;2.01;2.15;2.01;2.09;"02/11/2023 14:37";CET;3192;6571.28;2.09;02/11/2023
AEGA;NO0012958539;AEGA;"Euronext Expand Oslo";NOK;1.652;1.7998;1.641;1.778;"02/11/2023 15:43";CET;10013;16583.03;1.778;02/11/2023
"AF GRUPPEN";NO0003078107;AFG;"Oslo Børs";NOK;119.80;122.00;118.80;122.00;"02/11/2023 16:25";CET;25430;3078440.20;122.00;02/11/2023
AGILYX;NO0010872468;AGLX;"Oslo Børs";NOK;21.35;21.50;21.05;21.15;"02/11/2023 16:25";CET;61369;1304344.30;21.15;02/11/2023
AIRTHINGS;NO0010895568;AIRX;"Oslo Børs";NOK;2.65;2.70;2.62;2.62;"02/11/2023 16:25";CET;181235;481829.52;2.62;02/11/2023
AKASTOR;NO0010215684;AKAST;"Oslo Børs";NOK;10.10;10.90;10.10;10.38;"02/11/2023 16:25";CET;139043;1475453.08;10.38;02/11/2023
AKER;NO0010234552;AKER;"Oslo Børs";NOK;655.00;661.50;652.00;660.00;"02/11/2023 16:25";CET;33963;22347164.00;660.00;02/11/2023
"AKER BIOMARINE";NO0010886625;AKBM;"Oslo Børs";NOK;39.00;39.20;38.45;39.20;"02/11/2023 16:25";CET;149020;5773723.00;39.20;02/11/2023
"AKER BP";NO0010345853;AKRBP;"Oslo Børs";NOK;314.80;316.90;312.60;316.80;"02/11/2023 16:25";CET;895485;282516786.50;316.80;02/11/2023
"AKER CARBON CAPTUR";NO0010890304;ACC;"Oslo Børs";NOK;10.80;11.47;10.78;11.45;"02/11/2023 16:25";CET;767341;8687825.32;11.45;02/11/2023
"AKER HORIZONS";NO0010921232;AKH;"Oslo Børs";NOK;3.40;3.74;3.334;3.556;"02/11/2023 16:25";CET;10332197;36601603.03;3.556;02/11/2023
"AKER SOLUTIONS";NO0010716582;AKSO;"Oslo Børs";NOK;43.00;43.72;42.80;43.52;"02/11/2023 16:26";CET;584725;25301105.96;43.52;02/11/2023
"AKOBO MINERALS";SE0015193412;AKOBO;"Euronext Growth Oslo";NOK;5.64;6.18;5.50;5.90;"02/11/2023 16:25";CET;10568;60525.70;5.90;02/11/2023
"AKVA GROUP";NO0003097503;AKVA;"Oslo Børs";NOK;78.20;78.20;75.00;75.40;"02/11/2023 13:16";CET;897;68043.80;75.40;02/11/2023
"ALTERNUS ENERGY GR";IE00BLRPRP89;ALT;"Euronext Growth Oslo";NOK;6.22;7.00;6.22;7.00;"02/11/2023 16:25";CET;10973;72646.06;7.00;02/11/2023
AMSC;NO0010272065;AMSC;"Oslo Børs";NOK;26.80;27.45;26.20;26.60;"02/11/2023 16:25";CET;1245855;33358454.30;26.60;02/11/2023
"ANDFJORD SALMON";NO0010829765;ANDF;"Euronext Growth Oslo";NOK;28.10;28.20;27.90;28.00;"02/11/2023 16:25";CET;4350;121853.20;28.00;02/11/2023
"AQUA BIO TECHNO";NO0010307135;ABTEC;"Euronext Expand Oslo";NOK;3.50;3.50;3.20;3.24;"02/11/2023 16:25";CET;58851;193062.39;3.24;02/11/2023
"AQUILA HOLDINGS";NO0010778095;AQUIL;"Euronext Expand Oslo";NOK;0.97;0.97;0.952;0.97;"02/11/2023 14:07";CET;92167;89283.37;0.97;02/11/2023
ARCHER;BMG0451H1170;ARCH;"Oslo Børs";NOK;0.90;0.944;0.90;0.926;"02/11/2023 16:26";CET;10661523;9906258.97;0.926;02/11/2023
"ARCTIC BIOSCIENCE";NO0010859580;ABS;"Euronext Growth Oslo";NOK;8.00;8.46;8.00;8.46;"02/11/2023 16:25";CET;4401;35259.98;8.46;02/11/2023
"ARCTIC FISH HOLDIN";NO0010917719;AFISH;"Euronext Growth Oslo";NOK;80.00;83.50;80.00;83.50;"02/11/2023 16:25";CET;1121;92139.00;83.50;02/11/2023
"ARCTICZYMES TECHNO";NO0010014632;AZT;"Oslo Børs";NOK;29.80;32.75;29.05;32.45;"02/11/2023 16:26";CET;103213;3253123.80;32.45;02/11/2023
"ARENDALS FOSSEKOMP";NO0003572802;AFK;"Oslo Børs";NOK;129.80;133.00;128.00;132.60;"02/11/2023 16:25";CET;6768;891039.80;132.60;02/11/2023
ARGEO;NO0010946593;ARGEO;"Euronext Growth Oslo";NOK;3.44;3.44;3.33;3.40;"02/11/2023 16:25";CET;701202;2361277.36;3.40;02/11/2023
"ARRIBATEC GROUP";NO0012861667;ARR;"Oslo Børs";NOK;4.50;4.68;4.19;4.441;"02/11/2023 15:44";CET;296866;1326748.64;4.441;02/11/2023
ASETEK;DK0060477263;ASTK;"Oslo Børs";NOK;7.08;7.78;6.80;6.80;"02/11/2023 16:25";CET;340042;2487377.74;6.80;02/11/2023
ASTROCAST;CH1122548808;ASTRO;"Euronext Growth Oslo";NOK;1.855;1.86;1.69;1.69;"02/11/2023 16:25";CET;55937;96643.20;1.69;02/11/2023
ATEA;NO0004822503;ATEA;"Oslo Børs";NOK;117.60;120.20;117.40;119.60;"02/11/2023 16:25";CET;35663;4245994.80;119.60;02/11/2023
"ATLANTIC SAPPHIRE";NO0010768500;ASA;"Oslo Børs";NOK;1.38;1.428;1.34;1.398;"02/11/2023 16:25";CET;1653288;2308836.27;1.398;02/11/2023
"AURORA EIENDOM";NO0011032310;AURA;"Euronext Growth Oslo";NOK;75.00;76.50;70.00;76.50;"31/10/2023 16:25";CET;8305;584722.50;76.50;02/11/2023
"AURSKOG SPAREBANK";NO0006001601;AURG;"Oslo Børs";NOK;208.00;208.00;206.00;206.00;"02/11/2023 15:35";CET;4000;826400.00;206.00;02/11/2023
"AUSTEVOLL SEAFOOD";NO0010073489;AUSS;"Oslo Børs";NOK;76.20;77.05;75.90;76.75;"02/11/2023 16:25";CET;151894;11606119.15;76.75;02/11/2023
"AUTOSTORE HOLDINGS";BMG0670A1099;AUTO;"Oslo Børs";NOK;13.24;13.59;12.88;13.59;"02/11/2023 16:25";CET;1755924;23559395.46;13.59;02/11/2023
"AVANCE GAS HOLDING";BMG067231032;AGAS;"Oslo Børs";NOK;162.40;170.00;162.20;168.00;"02/11/2023 16:28";CET;285464;47518613.20;168.00;02/11/2023
"AWILCO DRILLING";NO0012785098;AWDR;"Euronext Growth Oslo";NOK;5.00;5.00;4.60;4.70;"02/11/2023 15:02";CET;13462;62977.40;4.70;02/11/2023
"AWILCO LNG";NO0010607971;ALNG;"Euronext Expand Oslo";NOK;8.49;8.49;8.35;8.47;"02/11/2023 16:25";CET;122996;1034787.44;8.47;02/11/2023
AXACTOR;NO0010840515;ACR;"Oslo Børs";NOK;5.35;5.38;5.15;5.16;"02/11/2023 16:25";CET;482918;2510946.72;5.16;02/11/2023
"AYFIE GROUP";NO0012861683;AYFIE;"Euronext Growth Oslo";NOK;7.80;7.80;7.15;7.40;"02/11/2023 16:01";CET;10609;77096.80;7.40;02/11/2023
"B2 Impact";NO0010633951;B2I;"Oslo Børs";NOK;7.20;7.43;7.20;7.30;"02/11/2023 16:25";CET;321769;2360189.71;7.30;02/11/2023
BAKKAFROST;FO0000000179;BAKKA;"Oslo Børs";NOK;513.00;519.00;507.50;511.00;"02/11/2023 16:25";CET;123964;63710180.00;511.00;02/11/2023
"BALTIC SEA PROP";NO0010810476;BALT;"Euronext Growth Oslo";NOK;47.00;47.80;47.00;47.80;"06/10/2023 15:50";CET;503;23643.40;47.80;02/11/2023
"BARRAMUNDI GROUP";SGXZ33675836;BARRA;"Euronext Growth Oslo";NOK;2.50;2.50;2.50;2.50;"16/10/2023 09:00";CET;310;775.00;2.50;02/11/2023
BEERENBERG;NO0013017574;BBERG;"Euronext Growth Oslo";NOK;16.50;16.60;16.00;16.10;"02/11/2023 16:55";CET;1404118;22757169.25;16.10;02/11/2023
BELSHIPS;NO0003094104;BELCO;"Oslo Børs";NOK;17.54;18.10;17.54;18.02;"02/11/2023 16:25";CET;293309;5233693.28;18.02;02/11/2023
"BENCHMARK HOLDINGS";GB00BGHPT808;BMK;"Euronext Growth Oslo";NOK;5.05;5.50;5.05;5.50;"19/10/2023 15:45";CET;1920;9876.00;5.50;02/11/2023
"BERGEN CARBON SOL";NO0010950249;BCS;"Euronext Growth Oslo";NOK;10.30;10.50;9.05;10.10;"02/11/2023 16:25";CET;295691;2913066.84;10.10;02/11/2023
BERGENBIO;NO0010650013;BGBIO;"Oslo Børs";NOK;0.20;0.208;0.181;0.2055;"02/11/2023 16:25";CET;96475385;18834266.78;0.2055;02/11/2023
"BerGenBio TR";NO0012921495;BGBIS;"Oslo Børs";NOK;0.061;0.0757;0.056;0.0747;"02/11/2023 16:19";CET;12322472;818078.50;0.0747;02/11/2023
BEWI;NO0010890965;BEWI;"Oslo Børs";NOK;21.00;22.90;21.00;22.35;"02/11/2023 16:25";CET;436338;9618318.55;22.35;02/11/2023
"BIEN SPAREBANK";NO0012706763;BIEN;"Oslo Børs";NOK;86.40;86.40;86.40;86.40;"01/11/2023 14:52";CET;66;5702.40;86.40;02/11/2023
"BIOFISH HOLDING";NO0010955198;BFISH;"Euronext Growth Oslo";NOK;1.07;1.14;1.06;1.13;"02/11/2023 14:47";CET;43056;46950.54;1.13;02/11/2023
"BLACK SEA PROPERTY";NO0010755101;BSP;"Euronext Growth Oslo";NOK;0.268;0.27;0.262;0.262;"02/11/2023 14:00";CET;41953;11208.26;0.262;02/11/2023
BLUENORD;NO0010379266;BNOR;"Oslo Børs";NOK;586.00;591.00;578.00;582.00;"02/11/2023 16:25";CET;14723;8565237.00;582.00;02/11/2023
BONHEUR;NO0003110603;BONHR;"Oslo Børs";NOK;199.00;199.00;192.20;197.60;"02/11/2023 16:25";CET;16919;3312075.40;197.60;02/11/2023
BORGESTAD;NO0003111700;BOR;"Oslo Børs";NOK;1.54;1.54;1.54;1.54;"02/11/2023 10:57";CET;500;770.00;1.54;02/11/2023
"BORR DRILLING";BMG1466R1732;BORR;"Oslo Børs";NOK;70.00;71.75;69.70;71.55;"02/11/2023 16:25";CET;370312;26225501.70;71.55;02/11/2023
BORREGAARD;NO0010657505;BRG;"Oslo Børs";NOK;154.00;159.00;154.00;158.60;"02/11/2023 16:25";CET;72561;11423322.60;158.60;02/11/2023
BOUVET;NO0010360266;BOUV;"Oslo Børs";NOK;53.00;55.00;53.00;54.80;"02/11/2023 16:25";CET;9366;511385.70;54.80;02/11/2023
"BW ENERGY LIMITED";BMG0702P1086;BWE;"Oslo Børs";NOK;27.90;28.00;27.70;27.95;"02/11/2023 16:25";CET;174076;4857376.15;27.95;02/11/2023
"BW Epic Kosan";SGXZ80461361;BWEK;"Euronext Growth Oslo";NOK;23.80;23.80;23.80;23.80;"02/11/2023 12:29";CET;2030;48314.00;23.80;02/11/2023
"BW IDEOL";NO0010947385;BWIDL;"Euronext Growth Oslo";NOK;8.14;8.26;7.94;8.26;"02/11/2023 13:34";CET;28020;226607.72;8.26;02/11/2023
"BW LPG";BMG173841013;BWLPG;"Oslo Børs";NOK;169.50;172.80;165.90;172.10;"02/11/2023 16:29";CET;593049;100497211.30;172.10;02/11/2023
"BW OFFSHORE LTD";BMG1738J1247;BWO;"Oslo Børs";NOK;23.80;23.82;23.54;23.70;"02/11/2023 16:25";CET;115293;2732667.82;23.70;02/11/2023
BYGGMA;NO0003087603;BMA;"Oslo Børs";NOK;16.90;18.00;16.20;18.00;"02/11/2023 15:46";CET;19232;323944.00;18.00;02/11/2023
CADELER;DK0061412772;CADLR;"Oslo Børs";NOK;34.22;35.66;34.22;35.40;"02/11/2023 16:25";CET;145326;5108554.86;35.40;02/11/2023
CAMBI;NO0010078850;CAMBI;"Euronext Growth Oslo";NOK;14.75;14.75;14.10;14.30;"02/11/2023 16:26";CET;113446;1641722.10;14.30;02/11/2023
"CAPSOL TECHNOLOGI";NO0010923121;CAPSL;"Euronext Growth Oslo";NOK;13.15;13.50;12.25;13.50;"02/11/2023 16:25";CET;21246;269980.15;13.50;02/11/2023
CARASENT;NO0010123060;CARA;"Oslo Børs";NOK;12.86;13.68;12.86;13.30;"02/11/2023 16:14";CET;28632;380433.82;13.30;02/11/2023
"CIRCA GROUP";NO0010917594;CIRCA;"Euronext Growth Oslo";NOK;3.74;3.87;3.70;3.77;"02/11/2023 16:25";CET;72457;270393.55;3.77;02/11/2023
"CIRCIO HOLDING";NO0013033795;CRNA;"Oslo Børs";NOK;6.20;6.80;6.20;6.80;"02/11/2023 16:25";CET;12550;81709.55;6.80;02/11/2023
"CLEAN SEAS SEAFOOD";AU000000CSS3;CSS;"Euronext Growth Oslo";NOK;2.70;2.70;2.70;2.70;"02/11/2023 09:00";CET;200;540.00;2.70;02/11/2023
"CLOUDBERRY CLEAN";NO0010876642;CLOUD;"Oslo Børs";NOK;10.90;10.90;10.80;10.90;"02/11/2023 16:25";CET;185520;2016096.24;10.90;02/11/2023
"CODELAB CAPITAL";NO0010895667;CODE;"Euronext Growth Oslo";NOK;0.644;0.644;0.60;0.624;"02/11/2023 13:31";CET;35681;22955.69;0.624;02/11/2023
CONTEXTVISION;SE0014731154;CONTX;"Oslo Børs";NOK;7.22;7.26;7.06;7.18;"02/11/2023 16:25";CET;8146;58198.22;7.18;02/11/2023
"COOL COMPANY";BMG2415A1137;CLCO;"Euronext Growth Oslo";NOK;148.40;150.40;146.80;150.00;"02/11/2023 16:25";CET;161651;24095456.85;150.00;02/11/2023
"CRAYON GROUP HOLD";NO0010808892;CRAYN;"Oslo Børs";NOK;64.35;67.25;63.85;64.00;"02/11/2023 16:25";CET;607772;39647462.75;64.00;02/11/2023
CYVIZ;NO0010015175;CYVIZ;"Euronext Growth Oslo";NOK;31.70;32.00;30.80;32.00;"02/11/2023 16:13";CET;17599;559878.50;32.00;02/11/2023
"DEEP VALUE DRILLER";NO0010955917;DVD;"Euronext Growth Oslo";NOK;25.05;25.40;24.15;25.15;"02/11/2023 16:25";CET;165407;4159152.95;25.15;02/11/2023
"DESERT CONTROL";NO0010963275;DSRT;"Euronext Growth Oslo";NOK;7.10;7.19;6.90;7.03;"02/11/2023 16:25";CET;38478;271695.43;7.03;02/11/2023
"DNB BANK";NO0010161896;DNB;"Oslo Børs";NOK;199.90;200.40;196.70;199.40;"02/11/2023 16:29";CET;1907620;378910710.05;199.40;02/11/2023
DNO;NO0003921009;DNO;"Oslo Børs";NOK;11.25;11.39;11.25;11.37;"02/11/2023 16:27";CET;1295614;14694486.43;11.37;02/11/2023
"DOF GROUP";NO0012851874;DOFG;"Oslo Børs";NOK;52.75;53.89;52.50;53.64;"02/11/2023 16:25";CET;898205;48020439.88;53.64;02/11/2023
"DOLPHIN DRILLING";NO0012595950;DDRIL;"Euronext Growth Oslo";NOK;10.20;10.26;10.02;10.02;"02/11/2023 16:25";CET;107319;1090832.56;10.02;02/11/2023
"EAM SOLAR";NO0010607781;EAM;"Euronext Expand Oslo";NOK;8.86;9.78;8.80;9.64;"02/11/2023 16:25";CET;15653;143167.16;9.64;02/11/2023
"ECIT AS B-AKSJER";NO0010939804;ECIT;"Euronext Growth Oslo";NOK;7.80;7.94;7.60;7.94;"02/11/2023 16:25";CET;25671;199940.26;7.94;02/11/2023
"EDDA WIND";NO0010998529;EWIND;"Oslo Børs";NOK;22.95;23.20;22.85;22.85;"02/11/2023 16:25";CET;22576;519387.60;22.85;02/11/2023
"EIDESVIK OFFSHORE";NO0010263023;EIOF;"Oslo Børs";NOK;14.80;15.00;14.74;14.90;"02/11/2023 16:25";CET;278344;4156414.58;14.90;02/11/2023
"ELECTROMAGNET GEO";NO0010358484;EMGS;"Oslo Børs";NOK;2.20;2.25;2.15;2.15;"02/11/2023 15:30";CET;337266;737295.33;2.15;02/11/2023
ELEKTROIMPORTØREN;NO0010911902;ELIMP;"Euronext Growth Oslo";NOK;13.35;13.35;12.10;12.40;"02/11/2023 16:25";CET;47631;595775.05;12.40;02/11/2023
ELKEM;NO0010816093;ELK;"Oslo Børs";NOK;17.56;18.06;17.51;17.93;"02/11/2023 16:25";CET;978491;17463784.96;17.93;02/11/2023
"ELLIPTIC LABORATOR";NO0010722283;ELABS;"Oslo Børs";NOK;17.30;17.64;17.00;17.62;"02/11/2023 16:25";CET;101029;1753080.40;17.62;02/11/2023
"ELMERA GROUP";NO0010815673;ELMRA;"Oslo Børs";NOK;22.48;23.58;21.40;23.00;"02/11/2023 16:25";CET;484555;11015437.70;23.00;02/11/2023
ELOPAK;NO0011002586;ELO;"Oslo Børs";NOK;22.80;25.55;22.80;25.00;"02/11/2023 16:25";CET;547206;13524939.60;25.00;02/11/2023
ENDÚR;NO0012555459;ENDUR;"Oslo Børs";NOK;39.80;39.90;38.90;39.90;"02/11/2023 16:25";CET;2273;90148.80;39.90;02/11/2023
ENERGEIA;NO0012697715;ENERG;"Euronext Growth Oslo";NOK;1.10;1.20;1.10;1.20;"02/11/2023 16:05";CET;20000;23704.30;1.20;02/11/2023
"ENSURGE MICROPOWER";NO0012450008;ENSU;"Oslo Børs";NOK;0.1024;0.104;0.10;0.1022;"02/11/2023 16:25";CET;19694362;1996105.24;0.1022;02/11/2023
ENTRA;NO0010716418;ENTRA;"Oslo Børs";NOK;87.90;93.30;87.55;92.10;"02/11/2023 16:29";CET;336340;30850520.00;92.10;02/11/2023
"ENVIPCO HOLDING";NL0015000GX8;ENVIP;"Euronext Growth Oslo";NOK;28.20;28.20;26.20;26.20;"02/11/2023 16:25";CET;16;439.20;26.20;02/11/2023
EQUINOR;NO0010096985;EQNR;"Oslo Børs";NOK;373.95;374.70;368.10;374.70;"02/11/2023 16:38";CET;2455726;915234378.48;374.70;02/11/2023
EQVA;NO0010708605;EQVA;"Oslo Børs";NOK;2.69;2.69;2.26;2.50;"02/11/2023 14:41";CET;17833;42862.34;2.50;02/11/2023
EUROPRIS;NO0010735343;EPR;"Oslo Børs";NOK;62.10;64.30;61.95;63.10;"02/11/2023 16:28";CET;297675;18785187.40;63.10;02/11/2023
EVERFUEL;DK0061414711;EFUEL;"Euronext Growth Oslo";NOK;6.50;6.86;6.49;6.66;"02/11/2023 16:25";CET;58554;389616.37;6.66;02/11/2023
"EXACT THERAPEUTICS";NO0010852213;EXTX;"Euronext Growth Oslo";NOK;12.40;12.40;12.40;12.40;"01/11/2023 16:18";CET;1145;14198.00;12.40;02/11/2023
"FLEX LNG";BMG359472021;FLNG;"Oslo Børs";NOK;343.00;349.60;340.20;349.40;"02/11/2023 16:25";CET;35044;12138657.60;349.40;02/11/2023
FRONTLINE;CY0200352116;FRO;"Oslo Børs";NOK;254.95;256.20;248.45;254.05;"02/11/2023 16:29";CET;1072402;271478458.50;254.05;02/11/2023
"GAMING INNOVATION";US36467X2062;GIG;"Oslo Børs";NOK;27.00;28.15;26.95;27.40;"02/11/2023 16:25";CET;39224;1077641.15;27.40;02/11/2023
"GC RIEBER SHIPPING";NO0010262686;RISH;"Oslo Børs";NOK;5.50;5.50;5.04;5.24;"02/11/2023 16:25";CET;45266;238357.18;5.24;02/11/2023
"GENTIAN DIAGNOSTIC";NO0010748866;GENT;"Oslo Børs";NOK;37.90;38.90;37.90;38.60;"02/11/2023 16:25";CET;2666;101712.60;38.60;02/11/2023
"GIGANTE SALMON";NO0011013765;GIGA;"Euronext Growth Oslo";NOK;7.14;7.26;7.14;7.26;"02/11/2023 15:16";CET;6506;46920.38;7.26;02/11/2023
"GJENSIDIGE FORSIKR";NO0010582521;GJF;"Oslo Børs";NOK;169.20;169.80;166.90;166.90;"02/11/2023 16:25";CET;297768;49830415.10;166.90;02/11/2023
"GOLDEN ENERGY OFF";NO0010813843;GEOS;"Euronext Growth Oslo";NOK;1.272;1.29;1.27;1.29;"02/11/2023 16:25";CET;879958;1123254.49;1.29;02/11/2023
"GOLDEN OCEAN GROUP";BMG396372051;GOGL;"Oslo Børs";NOK;80.66;82.96;80.20;82.24;"02/11/2023 16:25";CET;649567;53207757.00;82.24;02/11/2023
GOODTECH;NO0004913609;GOD;"Oslo Børs";NOK;10.30;10.40;10.30;10.35;"02/11/2023 15:23";CET;30823;319568.05;10.35;02/11/2023
"GRAM CAR CARRIERS";NO0011109563;GCC;"Oslo Børs";NOK;205.50;208.50;205.50;208.50;"02/11/2023 16:25";CET;37429;7758303.00;208.50;02/11/2023
"GREEN MINERALS";NO0010907744;GEM;"Euronext Growth Oslo";NOK;4.04;4.46;4.01;4.46;"02/11/2023 16:25";CET;11362;47838.48;4.46;02/11/2023
"GRIEG SEAFOOD";NO0010365521;GSF;"Oslo Børs";NOK;73.05;75.00;72.90;74.75;"02/11/2023 16:25";CET;180579;13422513.70;74.75;02/11/2023
"GRONG SPAREBANK";NO0010636491;GRONG;"Euronext Growth Oslo";NOK;140.00;142.00;140.00;142.00;"31/10/2023 14:02";CET;150;21010.00;142.00;02/11/2023
GYLDENDAL;NO0004288200;GYL;"Oslo Børs";NOK;550.00;550.00;550.00;550.00;"01/11/2023 14:15";CET;1;550.00;550.00;02/11/2023
"HAFNIA LIMITED";BMG4233B1090;HAFNI;"Oslo Børs";NOK;74.70;75.15;73.50;74.30;"02/11/2023 16:26";CET;574569;42676450.40;74.30;02/11/2023
"HAV GROUP";NO0010931918;HAV;"Euronext Growth Oslo";NOK;8.92;9.48;8.92;9.18;"02/11/2023 16:25";CET;32024;296077.74;9.18;02/11/2023
"HAVILA KYSTRUTEN";NO0011045429;HKY;"Euronext Growth Oslo";NOK;0.80;0.804;0.77;0.788;"02/11/2023 16:25";CET;2773020;2173675.98;0.788;02/11/2023
"HAVILA SHIPPING";NO0010257728;HAVI;"Oslo Børs";NOK;6.20;7.00;6.18;6.47;"02/11/2023 16:25";CET;457490;3017265.70;6.47;02/11/2023
"HEXAGON COMPOSITES";NO0003067902;HEX;"Oslo Børs";NOK;25.10;27.20;25.10;26.70;"02/11/2023 16:25";CET;146233;3896037.06;26.70;02/11/2023
"HEXAGON PURUS";NO0010904923;HPUR;"Oslo Børs";NOK;10.10;11.30;10.10;10.90;"02/11/2023 16:25";CET;534349;5843242.34;10.90;02/11/2023
"HIMALAYA SHIPPING";BMG4660A1036;HSHP;"Euronext Expand Oslo";NOK;50.40;51.00;48.70;50.00;"02/11/2023 16:26";CET;81865;4089283.20;50.00;02/11/2023
"HOFSETH BIOCARE";NO0010598683;HBC;"Oslo Børs";NOK;2.89;2.89;2.70;2.85;"02/11/2023 16:25";CET;21187;58093.37;2.85;02/11/2023
"HORISONT ENERGI";NO0010917339;HRGI;"Euronext Growth Oslo";NOK;4.90;5.20;4.78;4.88;"02/11/2023 15:59";CET;68108;340383.78;4.88;02/11/2023
"HUDDLESTOCK FINTEC";NO0010859648;HUDL;"Euronext Growth Oslo";NOK;1.475;1.50;1.40;1.50;"02/11/2023 15:55";CET;452733;664799.46;1.50;02/11/2023
HUDDLY;NO0010776990;HDLY;"Euronext Growth Oslo";NOK;0.75;0.90;0.70;0.83;"02/11/2023 16:25";CET;130211;97136.91;0.83;02/11/2023
"HUNTER GROUP";NO0012953720;HUNT;"Euronext Expand Oslo";NOK;0.98;0.98;0.8502;0.8502;"02/11/2023 16:25";CET;112956;101999.19;0.8502;02/11/2023
HYDROGENPRO;NO0010892359;HYPRO;"Oslo Børs";NOK;14.62;14.62;14.00;14.30;"02/11/2023 16:25";CET;143234;2078156.00;14.30;02/11/2023
HYNION;NO0010920945;HYN;"Euronext Growth Oslo";NOK;0.267;0.267;0.241;0.263;"02/11/2023 16:05";CET;215598;55851.00;0.263;02/11/2023
HYON;NO0011204158;HYON;"Euronext Growth Oslo";NOK;0.22;0.295;0.22;0.286;"02/11/2023 16:25";CET;617698;156009.03;0.286;02/11/2023
"HÖEGH AUTOLINERS";NO0011082075;HAUTO;"Oslo Børs";NOK;91.95;92.50;90.00;91.15;"02/11/2023 16:30";CET;619894;56455683.15;91.15;02/11/2023
"HØLAND OG SETSKOG";NO0010012636;HSPG;"Oslo Børs";NOK;126.00;127.00;126.00;127.00;"02/11/2023 13:23";CET;310;39300.00;127.00;02/11/2023
"ICE FISH FARM";NO0010884794;IFISH;"Euronext Growth Oslo";NOK;27.00;27.00;27.00;27.00;"02/11/2023 10:12";CET;10;270.00;27.00;02/11/2023
"ICELANDIC SALMON";NO0010724701;ISLAX;"Euronext Growth Oslo";NOK;158.00;160.00;158.00;158.00;"02/11/2023 16:16";CET;1007;159238.00;158.00;02/11/2023
"IDEX BIOMETRICS";NO0003070609;IDEX;"Oslo Børs";NOK;0.4195;0.4275;0.379;0.42;"02/11/2023 16:25";CET;6523483;2714550.75;0.42;02/11/2023
INDUCT;NO0010536048;INDCT;"Euronext Growth Oslo";NOK;5.00;5.00;5.00;5.00;"24/10/2023 09:53";CET;2200;11000.00;5.00;02/11/2023
"INIFY LABORATORIES";SE0017486103;INIFY;"Euronext Growth Oslo";NOK;13.30;13.40;13.25;13.40;"02/11/2023 15:23";CET;665;8844.10;13.40;02/11/2023
"ININ GROUP";NO0010864036;ININ;"Euronext Growth Oslo";NOK;3.08;3.11;3.00;3.04;"02/11/2023 15:38";CET;110234;337478.32;3.04;02/11/2023
INSTABANK;NO0010762792;INSTA;"Euronext Growth Oslo";NOK;1.605;1.70;1.605;1.68;"02/11/2023 15:59";CET;1771493;2992750.70;1.68;02/11/2023
"INTEGRATED WIND SO";NO0010955883;IWS;"Euronext Growth Oslo";NOK;40.00;40.00;40.00;40.00;"02/11/2023 14:54";CET;1600;64000.00;40.00;02/11/2023
"INTEROIL EXPL PROD";NO0010284318;IOX;"Oslo Børs";NOK;0.55;0.75;0.55;0.691;"02/11/2023 16:29";CET;7363960;4959646.34;0.691;02/11/2023
ITERA;NO0010001118;ITERA;"Oslo Børs";NOK;11.35;11.50;11.15;11.45;"02/11/2023 16:27";CET;39996;454153.80;11.45;02/11/2023
"JINHUI SHIPP TRANS";BMG5137R1088;JIN;"Oslo Børs";NOK;5.58;5.99;5.58;5.98;"02/11/2023 16:25";CET;78197;457356.57;5.98;02/11/2023
"JÆREN SPAREBANK";NO0010359433;JAREN;"Oslo Børs";NOK;242.00;242.00;242.00;242.00;"02/11/2023 15:14";CET;572;138424.00;242.00;02/11/2023
KAHOOT!;NO0010823131;KAHOT;"Oslo Børs";NOK;35.01;35.21;34.91;35.00;"02/11/2023 16:29";CET;285876;10006475.33;35.00;02/11/2023
KID;NO0010743545;KID;"Oslo Børs";NOK;90.00;90.50;87.00;90.50;"02/11/2023 16:27";CET;62130;5514747.20;90.50;02/11/2023
KITRON;NO0003079709;KIT;"Oslo Børs";NOK;28.70;29.90;28.70;29.75;"02/11/2023 16:26";CET;567519;16717228.70;29.75;02/11/2023
"KLAVENESS COMBINAT";NO0010833262;KCC;"Oslo Børs";NOK;82.00;82.60;79.40;80.00;"02/11/2023 16:26";CET;142735;11495817.80;80.00;02/11/2023
"KMC PROPERTIES";NO0010360175;KMCP;"Oslo Børs";NOK;5.20;5.52;5.12;5.18;"02/11/2023 16:25";CET;223310;1159866.96;5.18;02/11/2023
KOMPLETT;NO0011016040;KOMPL;"Oslo Børs";NOK;5.90;6.04;5.82;5.90;"02/11/2023 16:25";CET;117268;694701.40;5.90;02/11/2023
"KONGSBERG AUTOMOT";NO0003033102;KOA;"Oslo Børs";NOK;1.97;2.024;1.97;2.022;"02/11/2023 16:25";CET;1957685;3915895.32;2.022;02/11/2023
"KONGSBERG GRUPPEN";NO0003043309;KOG;"Oslo Børs";NOK;463.00;464.60;456.80;458.80;"02/11/2023 16:25";CET;90867;41785384.20;458.80;02/11/2023
"KRAFT BANK";NO0010815103;KRAB;"Euronext Growth Oslo";NOK;8.00;8.00;8.00;8.00;"02/11/2023 14:06";CET;6266;50128.00;8.00;02/11/2023
"KYOTO GROUP";NO0010936750;KYOTO;"Euronext Growth Oslo";NOK;13.85;13.90;13.60;13.90;"02/11/2023 16:19";CET;11568;158683.15;13.90;02/11/2023
"LEA BANK";NO0010167331;LEA;"Euronext Growth Oslo";NOK;7.76;7.88;7.56;7.70;"02/11/2023 16:18";CET;13250;101113.66;7.70;02/11/2023
"LERØY SEAFOOD GP";NO0003096208;LSG;"Oslo Børs";NOK;44.14;44.62;43.80;44.42;"02/11/2023 16:28";CET;720609;31852588.68;44.42;02/11/2023
LIFECARE;NO0010591191;LIFE;"Euronext Growth Oslo";NOK;2.88;2.88;2.64;2.79;"02/11/2023 16:25";CET;557152;1538795.52;2.79;02/11/2023
"LINK MOBILITY GRP";NO0010894231;LINK;"Oslo Børs";NOK;11.10;11.70;11.10;11.60;"02/11/2023 16:25";CET;461752;5330093.26;11.60;02/11/2023
"LOKOTECH GROUP";NO0010921299;LOKO;"Euronext Growth Oslo";NOK;1.15;1.185;1.08;1.165;"02/11/2023 16:25";CET;1704901;1950926.52;1.165;02/11/2023
"LUMI GRUPPEN";NO0010927288;LUMI;"Euronext Growth Oslo";NOK;14.95;14.95;14.95;14.95;"30/10/2023 14:20";CET;11;164.45;14.95;02/11/2023
"LYTIX BIOPHARMA";NO0010405780;LYTIX;"Euronext Growth Oslo";NOK;6.65;7.75;6.50;6.50;"02/11/2023 16:00";CET;80513;542221.55;6.50;02/11/2023
"M VEST WATER";NO0010976343;MVW;"Euronext Growth Oslo";NOK;7.24;7.24;6.00;7.00;"02/11/2023 16:25";CET;46196;320950.70;7.00;02/11/2023
MAGNORA;NO0010187032;MGN;"Oslo Børs";NOK;32.65;33.50;32.30;33.20;"02/11/2023 16:25";CET;137834;4538242.40;33.20;02/11/2023
MATVAREEXPRESSEN;NO0013008664;MVE;"Euronext Growth Oslo";NOK;64.99;64.99;64.99;64.99;"01/11/2023 09:00";CET;5;324.95;64.99;02/11/2023
MEDISTIM;NO0010159684;MEDI;"Oslo Børs";NOK;210.00;221.00;206.00;208.00;"02/11/2023 16:31";CET;23064;4849589.20;208.00;02/11/2023
"MELHUS SPAREBANK";NO0006001908;MELG;"Oslo Børs";NOK;160.00;162.00;160.00;162.00;"02/11/2023 13:52";CET;596;96411.00;162.00;02/11/2023
"MINTRA HOLDING";NO0010895022;MNTR;"Euronext Growth Oslo";NOK;3.36;3.52;3.26;3.30;"02/11/2023 16:25";CET;47230;159216.91;3.30;02/11/2023
"MORROW BANK";NO0010694029;MOBA;"Oslo Børs";NOK;3.69;3.75;3.66;3.75;"02/11/2023 16:25";CET;94748;347856.44;3.75;02/11/2023
MOWI;NO0003054108;MOWI;"Oslo Børs";NOK;180.05;182.25;180.05;181.65;"02/11/2023 16:27";CET;561016;101749724.75;181.65;02/11/2023
"MPC CONTAINER SHIP";NO0010791353;MPCC;"Oslo Børs";NOK;15.80;15.93;15.59;15.865;"02/11/2023 16:29";CET;2294922;36243939.53;15.865;02/11/2023
"MPC ENERGY SOLUTIO";NL0015268814;MPCES;"Euronext Growth Oslo";NOK;9.18;9.18;9.18;9.18;"02/11/2023 10:01";CET;7050;64719.00;9.18;02/11/2023
MULTICONSULT;NO0010734338;MULTI;"Oslo Børs";NOK;128.50;128.50;124.50;124.50;"02/11/2023 16:25";CET;6767;846486.50;124.50;02/11/2023
MÅSØVAL;NO0010974983;MAS;"Euronext Growth Oslo";NOK;24.80;24.80;24.10;24.70;"02/11/2023 15:52";CET;44870;1095102.00;24.70;02/11/2023
NAPATECH;DK0060520450;NAPA;"Oslo Børs";NOK;11.85;12.20;11.60;12.00;"02/11/2023 16:19";CET;46412;555747.95;12.00;02/11/2023
NAVAMEDIC;NO0010205966;NAVA;"Oslo Børs";NOK;39.00;39.20;38.00;38.10;"02/11/2023 16:25";CET;11500;445486.90;38.10;02/11/2023
NEKKAR;NO0003049405;NKR;"Oslo Børs";NOK;8.08;8.37;8.08;8.21;"02/11/2023 16:25";CET;47189;388591.01;8.21;02/11/2023
NEL;NO0010081235;NEL;"Oslo Børs";NOK;7.50;8.192;7.50;8.192;"02/11/2023 16:28";CET;11397580;91990281.45;8.192;02/11/2023
"NEXT BIOMETRICS GP";NO0010629108;NEXT;"Oslo Børs";NOK;5.58;5.60;5.40;5.54;"02/11/2023 16:25";CET;108504;596277.16;5.54;02/11/2023
"NIDAROS SPAREBANK";NO0010733082;NISB;"Euronext Growth Oslo";NOK;106.00;106.00;106.00;106.00;"02/11/2023 09:13";CET;50;5300.00;106.00;02/11/2023
"NORAM DRILLING";NO0010360019;NORAM;"Euronext Growth Oslo";NOK;49.00;49.00;47.35;47.50;"02/11/2023 16:25";CET;105160;5052215.65;47.50;02/11/2023
NORBIT;NO0010856511;NORBT;"Oslo Børs";NOK;56.40;56.40;54.60;55.60;"02/11/2023 16:25";CET;22721;1255811.40;55.60;02/11/2023
NORCOD;NO0010892912;NCOD;"Euronext Growth Oslo";NOK;24.00;24.00;21.20;23.00;"02/11/2023 16:25";CET;2559;54660.00;23.00;02/11/2023
"NORDHEALTH A-AKSJE";NO0011002651;NORDH;"Euronext Growth Oslo";NOK;24.40;24.40;23.80;23.80;"02/11/2023 14:56";CET;312;7611.00;23.80;02/11/2023
"NORDIC AQUA PART";NO0012928805;NOAP;"Euronext Growth Oslo";NOK;69.00;71.00;69.00;71.00;"02/11/2023 13:57";CET;170;11750.00;71.00;02/11/2023
"NORDIC HALIBUT";NO0003058109;NOHAL;"Euronext Growth Oslo";NOK;21.00;21.60;21.00;21.00;"02/11/2023 14:04";CET;2535;53835.00;21.00;02/11/2023
"NORDIC MINING";NO0010317340;NOM;"Euronext Expand Oslo";NOK;0.68;0.702;0.68;0.699;"02/11/2023 16:25";CET;3744298;2606463.21;0.699;02/11/2023
"NORDIC SEMICONDUC";NO0003055501;NOD;"Oslo Børs";NOK;86.88;93.74;86.40;89.90;"02/11/2023 16:25";CET;1283487;116114774.50;89.90;02/11/2023
"NORDIC TECHNOLOGY";NO0011018434;NTG;"Euronext Growth Oslo";NOK;4.00;4.00;4.00;4.00;"01/11/2023 09:22";CET;500;2000.00;4.00;02/11/2023
"NORDIC UNMANNED";NO0010907090;NUMND;"Euronext Growth Oslo";NOK;0.4805;0.4995;0.4705;0.499;"02/11/2023 16:25";CET;964745;465742.52;0.499;02/11/2023
"NORSE ATLANTIC";NO0012885252;NORSE;"Euronext Expand Oslo";NOK;15.82;15.82;12.20;12.48;"02/11/2023 16:25";CET;1252842;16314827.32;12.48;02/11/2023
"NORSK HYDRO";NO0005052605;NHY;"Oslo Børs";NOK;63.24;64.32;62.86;62.86;"02/11/2023 16:29";CET;3435088;217012606.10;62.86;02/11/2023
"NORSK SOLAR";NO0010941925;NSOL;"Euronext Growth Oslo";NOK;1.385;1.75;1.385;1.50;"02/11/2023 16:13";CET;213077;319976.12;1.50;02/11/2023
"NORSK TITANIUM";NO0010969108;NTI;"Euronext Growth Oslo";NOK;2.16;2.16;2.00;2.07;"02/11/2023 14:53";CET;5348;11082.20;2.07;02/11/2023
"NORSKE SKOG";NO0010861115;NSKOG;"Oslo Børs";NOK;41.98;45.28;41.92;45.20;"02/11/2023 16:27";CET;1157190;51029955.16;45.20;02/11/2023
"NORTH ENERGY";NO0010550056;NORTH;"Euronext Expand Oslo";NOK;2.10;2.10;2.04;2.10;"02/11/2023 14:48";CET;42893;88378.48;2.10;02/11/2023
"NORTHERN DRILLING";BMG6624L1090;NODL;"Oslo Børs";NOK;1.97;2.89;1.75;2.13;"02/11/2023 16:29";CET;8215218;18915916.37;2.13;02/11/2023
"NORTHERN OCEAN LTD";BMG6682J1036;NOL;"Oslo Børs";NOK;13.20;13.86;13.20;13.68;"02/11/2023 16:25";CET;105511;1447814.04;13.68;02/11/2023
"NORWEGIAN AIR SHUT";NO0010196140;NAS;"Oslo Børs";NOK;8.702;9.23;8.702;9.00;"02/11/2023 16:29";CET;41552199;373674005.29;9.00;02/11/2023
"NORWEGIAN BLOCK EX";NO0010984966;NBX;"Euronext Growth Oslo";NOK;0.89;0.89;0.778;0.888;"02/11/2023 12:48";CET;41636;34512.15;0.888;02/11/2023
"NRC GROUP";NO0003679102;NRC;"Oslo Børs";NOK;11.74;11.90;11.74;11.84;"02/11/2023 16:25";CET;42370;499007.14;11.84;02/11/2023
"NYKODE THERAPEUTIC";NO0010714785;NYKD;"Oslo Børs";NOK;17.10;18.40;16.97;18.02;"02/11/2023 16:25";CET;959225;17134055.38;18.02;02/11/2023
"OBSERVE MEDICAL";NO0010865009;OBSRV;"Euronext Expand Oslo";NOK;0.81;0.843;0.71;0.768;"02/11/2023 16:25";CET;247008;188051.72;0.768;02/11/2023
"OCEAN GEOLOOP";NO0010914641;OCEAN;"Euronext Growth Oslo";NOK;10.30;10.55;10.30;10.55;"02/11/2023 14:10";CET;3000;31150.00;10.55;02/11/2023
"OCEAN SUN";NO0010887565;OSUN;"Euronext Growth Oslo";NOK;4.91;4.91;4.89;4.89;"02/11/2023 15:33";CET;1285;6289.35;4.89;02/11/2023
OCEANTEAM;NO0010317316;OTS;"Oslo Børs";NOK;1.15;1.37;1.15;1.20;"02/11/2023 16:25";CET;34873;45112.05;1.20;02/11/2023
"ODFJELL DRILLING";BMG671801022;ODL;"Oslo Børs";NOK;39.00;40.80;38.95;40.65;"02/11/2023 16:25";CET;491636;19777460.90;40.65;02/11/2023
"ODFJELL SER. A";NO0003399909;ODF;"Oslo Børs";NOK;120.00;120.00;106.00;111.50;"02/11/2023 16:26";CET;106809;11893040.00;111.50;02/11/2023
"ODFJELL SER. B";NO0003399917;ODFB;"Oslo Børs";NOK;123.50;123.50;102.00;110.00;"02/11/2023 16:25";CET;37991;4152476.00;110.00;02/11/2023
"ODFJELL TECHNOLOGY";BMG6716L1081;OTL;"Oslo Børs";NOK;55.60;57.80;54.90;57.80;"02/11/2023 16:28";CET;134459;7586183.00;57.80;02/11/2023
OKEA;NO0010816895;OKEA;"Oslo Børs";NOK;39.28;39.72;38.74;39.52;"02/11/2023 16:25";CET;418717;16426111.94;39.52;02/11/2023
"OKEANIS ECO TANKER";MHY641771016;OET;"Oslo Børs";NOK;324.50;328.50;320.00;327.50;"02/11/2023 16:25";CET;38750;12576793.00;327.50;02/11/2023
"OLAV THON EIENDOMS";NO0005638858;OLT;"Oslo Børs";NOK;162.50;165.00;161.50;162.50;"02/11/2023 16:25";CET;2251;366314.50;162.50;02/11/2023
OMDA;NO0010894512;OMDA;"Euronext Growth Oslo";NOK;30.00;30.50;29.30;29.60;"02/11/2023 16:25";CET;22000;660716.30;29.60;02/11/2023
ORKLA;NO0003733800;ORK;"Oslo Børs";NOK;77.48;78.34;77.34;78.18;"02/11/2023 16:25";CET;577294;45062415.74;78.18;02/11/2023
"OTELLO CORPORATION";NO0010040611;OTEC;"Oslo Børs";NOK;7.76;7.76;7.50;7.50;"02/11/2023 16:25";CET;55567;422797.82;7.50;02/11/2023
OTOVO;NO0010809783;OTOVO;"Oslo Børs";NOK;3.39;3.545;3.30;3.495;"02/11/2023 16:25";CET;102225;347776.62;3.495;02/11/2023
"PANORO ENERGY";NO0010564701;PEN;"Oslo Børs";NOK;31.04;31.36;30.82;31.14;"02/11/2023 16:25";CET;457300;14207845.84;31.14;02/11/2023
"PARETO BANK";NO0010397581;PARB;"Oslo Børs";NOK;51.00;51.60;51.00;51.10;"02/11/2023 16:25";CET;10026;513594.30;51.10;02/11/2023
"PCI BIOTECH HOLD";NO0010405640;PCIB;"Oslo Børs";NOK;2.27;2.345;2.06;2.195;"02/11/2023 16:19";CET;308781;670813.02;2.195;02/11/2023
PETROLIA;CY0102630916;PSE;"Oslo Børs";NOK;4.26;4.26;4.24;4.24;"02/11/2023 16:25";CET;1605;6821.54;4.24;02/11/2023
"PETRONOR E&P";NO0012942525;PNOR;"Oslo Børs";NOK;7.81;7.937;7.745;7.82;"02/11/2023 16:25";CET;166679;1308833.63;7.82;02/11/2023
"PEXIP HOLDING";NO0010840507;PEXIP;"Oslo Børs";NOK;19.90;20.26;19.30;19.76;"02/11/2023 16:25";CET;1296048;25846655.75;19.76;02/11/2023
PGS;NO0010199151;PGS;"Oslo Børs";NOK;10.08;10.20;9.998;10.20;"02/11/2023 16:26";CET;18523043;187415540.68;10.20;02/11/2023
"PHILLY SHIPYARD";NO0010395577;PHLY;"Euronext Expand Oslo";NOK;39.80;43.00;38.40;39.50;"02/11/2023 16:19";CET;37732;1499970.50;39.50;02/11/2023
PHOTOCURE;NO0010000045;PHO;"Oslo Børs";NOK;56.00;58.60;56.00;56.80;"02/11/2023 16:25";CET;69502;3969127.50;56.80;02/11/2023
"PIONEER PROPERTY";NO0010735681;PPG;"Euronext Expand Oslo";NOK;88.00;88.20;87.60;87.80;"02/11/2023 16:16";CET;3506;307832.20;87.80;02/11/2023
"POLARIS MEDIA";NO0010466022;POL;"Oslo Børs";NOK;51.00;55.00;51.00;55.00;"02/11/2023 16:25";CET;2919;152809.00;55.00;02/11/2023
POLIGHT;NO0012535832;PLT;"Oslo Børs";NOK;11.10;11.10;10.30;10.44;"02/11/2023 16:27";CET;577987;6082490.34;10.44;02/11/2023
PROSAFE;NO0010861990;PRS;"Oslo Børs";NOK;65.00;65.90;63.90;65.00;"02/11/2023 16:25";CET;13940;903027.40;65.00;02/11/2023
"PROTECTOR FORSIKRG";NO0010209331;PROT;"Oslo Børs";NOK;176.40;183.60;176.40;181.20;"02/11/2023 16:25";CET;95600;17233518.20;181.20;02/11/2023
"PROXIMAR SEAFOOD";NO0010893902;PROXI;"Euronext Growth Oslo";NOK;4.99;4.99;4.88;4.95;"02/11/2023 15:16";CET;42322;207975.50;4.95;02/11/2023
PRYME;NL00150005Z1;PRYME;"Euronext Growth Oslo";NOK;8.50;8.50;8.00;8.11;"02/11/2023 15:52";CET;127506;1042697.23;8.11;02/11/2023
"PYRUM INNOVATIONS";DE000A2G8ZX8;PYRUM;"Euronext Growth Oslo";NOK;366.00;380.00;350.00;358.00;"02/11/2023 16:25";CET;6523;2393052.00;358.00;02/11/2023
Q-FREE;NO0003103103;QFR;"Oslo Børs";NOK;11.90;11.95;11.90;11.95;"02/11/2023 16:25";CET;107192;1275671.30;11.95;02/11/2023
QUANTAFUEL;NO0010785967;QFUEL;"Euronext Growth Oslo";NOK;4.20;4.498;4.12;4.23;"02/11/2023 16:09";CET;129098;555871.38;4.23;02/11/2023
"QUESTBACK GROUP";NO0011019119;QUEST;"Euronext Growth Oslo";NOK;35.00;35.00;35.00;35.00;"16/10/2023 09:00";CET;25;875.00;35.00;02/11/2023
"QUESTERRE ENERGY";CA74836K1003;QEC;"Oslo Børs";NOK;1.78;1.78;1.68;1.706;"02/11/2023 16:25";CET;2065357;3546252.76;1.706;02/11/2023
"RANA GRUBER";NO0010907389;RANA;"Oslo Børs";NOK;62.30;62.40;61.70;62.00;"02/11/2023 16:25";CET;74741;4644987.00;62.00;02/11/2023
"REACH SUBSEA";NO0003117202;REACH;"Oslo Børs";NOK;4.47;4.50;4.36;4.46;"02/11/2023 16:25";CET;255571;1141445.24;4.46;02/11/2023
"REC SILICON";NO0010112675;RECSI;"Oslo Børs";NOK;14.55;15.035;14.415;14.975;"02/11/2023 16:29";CET;1105878;16423352.10;14.975;02/11/2023
RECREATE;NO0010859689;RCR;"Euronext Growth Oslo";NOK;2.16;2.16;2.16;2.16;"02/11/2023 14:36";CET;23111;49919.76;2.16;02/11/2023
REFUELS;NL0015001BF4;REFL;"Euronext Growth Oslo";NOK;31.50;31.50;31.50;31.50;"27/10/2023 16:25";CET;20;630.00;31.50;02/11/2023
"RIVER TECH";MT0001710103;RIVER;"Euronext Growth Oslo";NOK;31.00;32.00;29.20;32.00;"01/11/2023 16:25";CET;328;10332.00;32.00;02/11/2023
"ROMERIKE SPAREBK";NO0010808405;ROMER;"Euronext Growth Oslo";NOK;120.00;120.00;120.00;120.00;"02/11/2023 13:53";CET;45;5400.00;120.00;02/11/2023
ROMREAL;BMG763301022;ROM;"Euronext Expand Oslo";NOK;1.90;1.90;1.90;1.90;"02/11/2023 11:39";CET;2178;4138.20;1.90;02/11/2023
"ROMSDAL SPAREBANK";NO0010759988;ROMSB;"Euronext Growth Oslo";NOK;131.00;131.00;131.00;131.00;"02/11/2023 11:54";CET;35;4585.00;131.00;02/11/2023
"S.D. STANDARD ETC";CY0101550917;SDSD;"Oslo Børs";NOK;1.95;1.956;1.94;1.954;"02/11/2023 16:25";CET;1672955;3257623.96;1.954;02/11/2023
"SAGA PURE";NO0010572589;SAGA;"Oslo Børs";NOK;1.372;1.396;1.368;1.368;"02/11/2023 16:25";CET;444136;609142.80;1.368;02/11/2023
SALMAR;NO0010310956;SALM;"Oslo Børs";NOK;534.00;540.80;531.80;539.00;"02/11/2023 16:25";CET;121195;65221220.80;539.00;02/11/2023
"SALMON EVOLUTION";NO0010892094;SALME;"Oslo Børs";NOK;5.98;6.11;5.96;6.08;"02/11/2023 16:29";CET;450463;2728190.64;6.08;02/11/2023
"SALMONES CAMANCHAC";NO0012451915;SACAM;"Oslo Børs";NOK;32.40;32.80;32.40;32.80;"02/11/2023 15:59";CET;565;18452.00;32.80;02/11/2023
"SANDNES SPAREBANK";NO0006001007;SADG;"Oslo Børs";NOK;82.40;82.40;82.20;82.20;"02/11/2023 16:25";CET;1510;124138.00;82.20;02/11/2023
"SAS AB";SE0003366871;SASNO;"Oslo Børs";NOK;0.045;0.0481;0.04;0.043;"02/11/2023 16:26";CET;35347598;1561190.48;0.043;02/11/2023
SATS;NO0010863285;SATS;"Oslo Børs";NOK;11.80;12.04;11.78;11.92;"02/11/2023 16:25";CET;200939;2400287.94;11.92;02/11/2023
SCANA;NO0003053308;SCANA;"Oslo Børs";NOK;2.25;2.26;2.17;2.18;"02/11/2023 16:25";CET;1906100;4222073.27;2.18;02/11/2023
SCATEC;NO0010715139;SCATC;"Oslo Børs";NOK;60.50;66.00;60.50;64.60;"02/11/2023 16:25";CET;1612042;103491769.45;64.60;02/11/2023
"SCHIBSTED SER. A";NO0003028904;SCHA;"Oslo Børs";NOK;223.10;230.40;223.10;227.80;"02/11/2023 16:25";CET;120413;27467890.60;227.80;02/11/2023
"SCHIBSTED SER. B";NO0010736879;SCHB;"Oslo Børs";NOK;206.00;213.40;206.00;211.20;"02/11/2023 16:25";CET;63751;13470687.60;211.20;02/11/2023
"SEABIRD EXPLORAT";CY0101162119;SBX;"Oslo Børs";NOK;5.25;5.40;5.15;5.26;"02/11/2023 16:25";CET;317660;1678550.53;5.26;02/11/2023
"SEACREST PETROLEO";BMG7947V2045;SEAPT;"Euronext Expand Oslo";NOK;11.35;11.35;10.988;11.112;"02/11/2023 16:16";CET;56368;626740.90;11.112;02/11/2023
SEADRILL;BMG7997W1029;SDRL;"Oslo Børs";NOK;455.00;470.50;453.00;467.50;"02/11/2023 16:25";CET;80188;37043091.00;467.50;02/11/2023
"SELF STORAGE GROUP";NO0010781206;SSG;"Oslo Børs";NOK;39.80;39.80;39.70;39.80;"02/11/2023 16:25";CET;3015;119850.90;39.80;02/11/2023
"SELVAAG BOLIG";NO0010612450;SBO;"Oslo Børs";NOK;26.40;28.85;26.05;28.15;"02/11/2023 16:25";CET;52083;1455267.85;28.15;02/11/2023
"SHELF DRILLING";KYG236271055;SHLF;"Oslo Børs";NOK;30.30;32.45;30.30;31.90;"02/11/2023 16:26";CET;1159614;36839456.20;31.90;02/11/2023
"SHELF DRILLING NO";BMG236541097;SDNS;"Euronext Growth Oslo";NOK;28.40;30.50;28.40;30.40;"02/11/2023 16:25";CET;5446;161422.20;30.40;02/11/2023
"SIEM OFFSHORE";KYG812291253;SIOFF;"Oslo Børs";NOK;25.70;25.85;24.65;25.85;"02/11/2023 16:25";CET;478088;12056684.35;25.85;02/11/2023
"SIKRI GROUP";NO0012548819;SIKRI;"Oslo Børs";NOK;5.58;5.92;5.58;5.92;"02/11/2023 16:15";CET;43900;248659.70;5.92;02/11/2023
"SKANDIA GREENPOWER";NO0010931207;SKAND;"Euronext Growth Oslo";NOK;0.45;0.59;0.45;0.586;"02/11/2023 16:28";CET;4062817;2055985.55;0.586;02/11/2023
"SKUE SPAREBANK";NO0006001809;SKUE;"Oslo Børs";NOK;218.00;220.00;218.00;220.00;"02/11/2023 12:08";CET;130;28420.00;220.00;02/11/2023
SMARTCRAFT;NO0011008971;SMCRT;"Oslo Børs";NOK;20.80;21.20;20.30;20.80;"02/11/2023 16:25";CET;64106;1333942.80;20.80;02/11/2023
"SMARTOPTICS GROUP";NO0011012502;SMOP;"Euronext Growth Oslo";NOK;18.00;19.00;18.00;18.20;"02/11/2023 16:25";CET;92006;1702700.30;18.20;02/11/2023
"SOFTOX SOLUTIONS";NO0010811961;SOFTX;"Euronext Growth Oslo";NOK;4.16;4.74;4.15;4.74;"02/11/2023 16:25";CET;24822;107830.22;4.74;02/11/2023
"SOGN SPAREBANK";NO0006000603;SOGN;"Oslo Børs";NOK;152.00;152.00;152.00;152.00;"02/11/2023 14:16";CET;35;5320.00;152.00;02/11/2023
"SOLSTAD OFFSHORE";NO0003080608;SOFF;"Oslo Børs";NOK;25.50;26.40;25.22;25.82;"02/11/2023 16:28";CET;783475;20315730.44;25.82;02/11/2023
"SPARBNK 68 GR NORD";NO0010887110;SB68;"Euronext Growth Oslo";NOK;162.00;162.00;162.00;162.00;"01/11/2023 14:03";CET;1;162.00;162.00;02/11/2023
"SPAREBANK 1 SMN";NO0006390301;MING;"Oslo Børs";NOK;133.00;133.00;127.80;129.00;"02/11/2023 16:27";CET;503285;65330551.00;129.00;02/11/2023
"SPAREBANK 1 SR-BK";NO0010631567;SRBNK;"Oslo Børs";NOK;121.50;121.50;117.80;118.90;"02/11/2023 16:25";CET;153598;18247139.10;118.90;02/11/2023
"SPAREBANK 1 SØRØ";NO0006000207;SOON;"Oslo Børs";NOK;60.00;60.00;58.80;59.20;"02/11/2023 16:25";CET;19979;1183290.20;59.20;02/11/2023
"SPAREBANKEN MØRE";NO0012483207;MORG;"Oslo Børs";NOK;76.95;76.95;75.50;76.15;"02/11/2023 16:25";CET;2091;158444.91;76.15;02/11/2023
"SPAREBANKEN SØR";NO0006001502;SOR;"Oslo Børs";NOK;126.00;127.50;125.50;126.00;"02/11/2023 16:25";CET;3718;470343.50;126.00;02/11/2023
"SPAREBANKEN VEST";NO0006000900;SVEG;"Oslo Børs";NOK;102.80;103.00;102.20;102.20;"02/11/2023 16:25";CET;47813;4911390.40;102.20;02/11/2023
"SPAREBANKEN ØST";NO0006222009;SPOG;"Oslo Børs";NOK;47.60;48.50;47.60;48.00;"02/11/2023 16:25";CET;3557;171389.10;48.00;02/11/2023
"SPBK 1 NORDMØRE";NO0010691660;SNOR;"Oslo Børs";NOK;122.00;123.00;122.00;123.00;"02/11/2023 16:25";CET;2563;312759.00;123.00;02/11/2023
"SPBK 1 ØSTLANDET";NO0010751910;SPOL;"Oslo Børs";NOK;124.80;126.20;124.00;126.20;"02/11/2023 16:25";CET;775468;96201254.20;126.20;02/11/2023
"SPBK1 HELGELAND";NO0010029804;HELG;"Oslo Børs";NOK;119.00;121.00;119.00;119.00;"02/11/2023 16:25";CET;1547;185093.00;119.00;02/11/2023
"SPBK1 NORD-NORGE";NO0006000801;NONG;"Oslo Børs";NOK;94.90;95.10;93.00;93.50;"02/11/2023 16:25";CET;192599;18009745.90;93.50;02/11/2023
"SPBK1 RINGERIKE";NO0006390400;RING;"Oslo Børs";NOK;288.00;296.00;288.00;296.00;"02/11/2023 15:37";CET;50053;14015568.00;296.00;02/11/2023
"SPBK1 ØSTFOLD AKE";NO0010285562;SOAG;"Oslo Børs";NOK;318.00;318.00;310.00;310.00;"02/11/2023 16:25";CET;4696;1455818.00;310.00;02/11/2023
SPOTLIO;NO0010781560;SPOT;"Euronext Growth Oslo";NOK;0.21;0.274;0.21;0.274;"31/10/2023 12:44";CET;54000;14735.01;0.274;02/11/2023
"STAINLESS TANKERS";NO0012780958;STST;"Euronext Growth Oslo";NOK;43.79;43.80;42.90;42.90;"02/11/2023 16:26";CET;23445;1010252.59;42.90;02/11/2023
"STANDARD SUPPLY";NO0012547308;STSU;"Euronext Growth Oslo";NOK;5.48;5.50;5.34;5.48;"02/11/2023 16:25";CET;686728;3706732.58;5.48;02/11/2023
"STATT TORSK";NO0010775844;STATT;"Euronext Growth Oslo";NOK;0.48;0.48;0.45;0.48;"02/11/2023 16:18";CET;114489;54392.08;0.48;02/11/2023
STOLT-NIELSEN;BMG850801025;SNI;"Oslo Børs";NOK;363.50;365.50;351.50;358.00;"02/11/2023 16:28";CET;63598;22721870.00;358.00;02/11/2023
STOREBRAND;NO0003053605;STB;"Oslo Børs";NOK;91.88;93.16;91.88;92.96;"02/11/2023 16:25";CET;976496;90636839.91;92.96;02/11/2023
STRONGPOINT;NO0010098247;STRO;"Oslo Børs";NOK;13.15;13.60;13.15;13.40;"02/11/2023 16:25";CET;100112;1334077.15;13.40;02/11/2023
"SUBSEA 7";LU0075646355;SUBC;"Oslo Børs";NOK;149.00;152.05;148.05;151.10;"02/11/2023 16:25";CET;306316;46088558.20;151.10;02/11/2023
"SUNNDAL SPAREBANK";NO0010672900;SUNSB;"Euronext Growth Oslo";NOK;111.00;111.00;111.00;111.00;"02/11/2023 11:17";CET;9;999.00;111.00;02/11/2023
TECHSTEP;NO0012916131;TECH;"Oslo Børs";NOK;8.10;8.16;7.80;8.135;"02/11/2023 16:25";CET;18462;149369.79;8.135;02/11/2023
"TECO 2030";NO0010887516;TECO;"Euronext Growth Oslo";NOK;5.40;5.54;5.40;5.50;"02/11/2023 15:24";CET;29864;163886.36;5.50;02/11/2023
"TEKNA HOLDING";NO0010951577;TEKNA;"Oslo Børs";NOK;6.64;7.10;6.64;7.10;"02/11/2023 14:47";CET;4083;27587.04;7.10;02/11/2023
TELENOR;NO0010063308;TEL;"Oslo Børs";NOK;115.30;115.60;114.50;115.60;"02/11/2023 16:27";CET;1172133;135285297.53;115.60;02/11/2023
TGS;NO0003078800;TGS;"Oslo Børs";NOK;153.00;154.20;150.90;153.00;"02/11/2023 16:25";CET;762633;116456463.80;153.00;02/11/2023
"THE KINGFISH COMP";NL00150001S5;KING;"Euronext Growth Oslo";NOK;8.90;8.90;7.90;7.90;"02/11/2023 16:25";CET;5640;46106.80;7.90;02/11/2023
"THOR MEDICAL";NO0010597883;TRMED;"Oslo Børs";NOK;1.25;1.30;1.204;1.27;"02/11/2023 16:25";CET;798683;993546.93;1.27;02/11/2023
TIETOEVRY;FI0009000277;TIETO;"Oslo Børs";NOK;234.60;241.60;234.60;240.00;"02/11/2023 16:25";CET;207;49664.20;240.00;02/11/2023
"TOMRA SYSTEMS";NO0012470089;TOM;"Oslo Børs";NOK;88.36;92.94;87.94;92.22;"02/11/2023 16:26";CET;566476;51949210.82;92.22;02/11/2023
"TOTENS SPAREBANK";NO0006001205;TOTG;"Oslo Børs";NOK;197.00;197.00;193.00;193.00;"02/11/2023 16:25";CET;363;70599.00;193.00;02/11/2023
TREASURE;NO0010763550;TRE;"Oslo Børs";NOK;19.15;19.85;19.15;19.85;"02/11/2023 16:25";CET;2835;55510.75;19.85;02/11/2023
"TYSNES SPAREBANK";NO0010731615;TYSB;"Euronext Growth Oslo";NOK;107.00;107.00;107.00;107.00;"01/11/2023 09:13";CET;8;856.00;107.00;02/11/2023
ULTIMOVACS;NO0010851603;ULTI;"Oslo Børs";NOK;100.00;106.20;97.40;104.60;"02/11/2023 16:25";CET;160894;16585687.70;104.60;02/11/2023
UNIVID;NO0003055808;UNIV;"Oslo Børs";NOK;0.22;0.27;0.215;0.26;"02/11/2023 16:28";CET;1123191;283025.01;0.26;02/11/2023
VEIDEKKE;NO0005806802;VEI;"Oslo Børs";NOK;95.80;97.60;95.80;97.00;"02/11/2023 16:25";CET;37453;3607862.20;97.00;02/11/2023
"VISTIN PHARMA";NO0010734122;VISTN;"Oslo Børs";NOK;23.40;23.40;22.50;22.80;"02/11/2023 16:25";CET;15597;357540.60;22.80;02/11/2023
VOLUE;NO0010894603;VOLUE;"Oslo Børs";NOK;19.42;19.42;18.74;18.76;"02/11/2023 16:25";CET;94828;1802441.78;18.76;02/11/2023
"VOSS VEKSEL OGLAND";NO0003025009;VVL;"Oslo Børs";NOK;220.00;220.00;218.00;220.00;"02/11/2023 14:32";CET;238;52290.00;220.00;02/11/2023
VOW;NO0010708068;VOW;"Oslo Børs";NOK;10.30;10.44;10.18;10.42;"02/11/2023 16:25";CET;130013;1340133.74;10.42;02/11/2023
"VOW GREEN METALS";NO0011037483;VGM;"Euronext Growth Oslo";NOK;2.30;2.40;2.30;2.40;"02/11/2023 16:25";CET;31220;74409.27;2.40;02/11/2023
"VÅR ENERGI";NO0011202772;VAR;"Oslo Børs";NOK;37.65;38.35;37.41;38.13;"02/11/2023 16:29";CET;5412543;205575907.14;38.13;02/11/2023
"WALLENIUS WILHELMS";NO0010571680;WAWI;"Oslo Børs";NOK;100.00;102.80;99.30;101.30;"02/11/2023 16:27";CET;444732;45119178.45;101.30;02/11/2023
WEBSTEP;NO0010609662;WSTEP;"Oslo Børs";NOK;22.80;23.20;22.80;23.20;"02/11/2023 10:25";CET;2686;62314.80;23.20;02/11/2023
"WESTERN BULK CHART";NO0010768096;WEST;"Euronext Growth Oslo";NOK;24.20;24.20;23.50;23.80;"02/11/2023 16:25";CET;7730;185143.40;23.80;02/11/2023
"WILH. WILHELMSEN A";NO0010571698;WWI;"Oslo Børs";NOK;322.00;338.00;321.50;330.00;"02/11/2023 16:26";CET;68906;22696177.00;330.00;02/11/2023
"WILH. WILHELMSEN B";NO0010576010;WWIB;"Oslo Børs";NOK;310.00;325.00;310.00;317.00;"02/11/2023 16:25";CET;15059;4752372.00;317.00;02/11/2023
"WPU - WASTE PLASTI";DK0061676400;WPU;"Euronext Growth Oslo";NOK;39.80;39.90;36.00;38.10;"02/11/2023 15:01";CET;5703;216486.70;38.10;02/11/2023
"XPLORA TECHNOLOGIE";NO0010895782;XPLRA;"Euronext Growth Oslo";NOK;16.50;17.50;16.50;16.80;"02/11/2023 16:26";CET;40727;685073.40;16.80;02/11/2023
XXL;NO0010716863;XXL;"Oslo Børs";NOK;0.745;0.798;0.731;0.751;"02/11/2023 16:25";CET;5654410;4315300.13;0.751;02/11/2023
"YARA INTERNATIONAL";NO0010208051;YAR;"Oslo Børs";NOK;365.10;371.20;365.10;367.70;"02/11/2023 16:29";CET;294609;108473508.10;367.70;02/11/2023
ZALARIS;NO0010708910;ZAL;"Oslo Børs";NOK;41.20;42.00;41.20;42.00;"02/11/2023 16:25";CET;1850;77124.30;42.00;02/11/2023
ZAPTEC;NO0010713936;ZAP;"Oslo Børs";NOK;20.56;21.12;19.60;20.94;"02/11/2023 16:25";CET;410070;8352393.31;20.94;02/11/2023
"ZENITH ENERGY";CA98936C8584;ZENA;"Euronext Growth Oslo";NOK;0.4749;0.4749;0.4102;0.4499;"02/11/2023 16:25";CET;430988;183184.58;0.4499;02/11/2023
ZWIPE;NO0010721277;ZWIPE;"Euronext Growth Oslo";NOK;1.10;1.25;1.10;1.25;"02/11/2023 12:01";CET;7522;9377.60;1.25;02/11/2023
